{"loss":{"0":1.7245467143,"1":1.2972175874,"2":0.8424111102,"3":0.5659338003,"4":0.4128567932,"5":0.3134996485,"6":0.2571124447,"7":0.2177737779,"8":0.188894728,"9":0.1484808651,"10":0.1570952638,"11":0.1351294439,"12":0.1271387511,"13":0.10113179,"14":0.1091909151,"15":0.0975191849,"16":0.0864542078,"17":0.0862623312,"18":0.0871992914,"19":0.0780133674,"20":0.0691537585,"21":0.0593885514,"22":0.0744736611,"23":0.0647015438,"24":0.0584132101,"25":0.053431471,"26":0.0647507563,"27":0.0511549852,"28":0.0552672541,"29":0.0450335328,"30":0.0585866204,"31":0.0549483805,"32":0.0485435899,"33":0.0551334857,"34":0.0447901908,"35":0.0487266406,"36":0.0419900082,"37":0.0404052131,"38":0.0428664337,"39":0.055889013,"40":0.0431409787,"41":0.0392278229,"42":0.0404938853,"43":0.0360974353,"44":0.0274254884,"45":0.0436516376,"46":0.0390134448,"47":0.0293293385,"48":0.0342723167,"49":0.0324218091,"50":0.0310874584,"51":0.0381629108,"52":0.0286472529,"53":0.0236004636,"54":0.0382647397,"55":0.0312808361,"56":0.0280210277,"57":0.0204949536,"58":0.0391097822,"59":0.0350261896,"60":0.0256382187},"acc":{"0":0.3514387012,"1":0.5213719606,"2":0.7023561597,"3":0.8127606511,"4":0.8658257127,"5":0.9001250863,"6":0.9184737206,"7":0.9337990284,"8":0.9421392679,"9":0.9543369412,"10":0.9557964802,"11":0.9586113691,"12":0.9630942345,"13":0.9692451954,"14":0.9679941535,"15":0.9726855755,"16":0.9751876593,"17":0.9763344526,"18":0.9748749137,"19":0.9759174585,"20":0.9778982401,"21":0.9811301231,"22":0.9781067371,"23":0.9805045724,"24":0.9831109047,"25":0.9841534495,"26":0.9806088209,"27":0.9849874973,"28":0.9843619466,"29":0.9867597818,"30":0.9835279584,"31":0.9843619466,"32":0.9854044914,"33":0.9855087399,"34":0.9878023267,"35":0.9865512848,"36":0.9874895811,"37":0.9884278774,"38":0.9882193208,"39":0.9843619466,"40":0.9886363745,"41":0.9891576171,"42":0.9895746708,"43":0.9884278774,"44":0.9921810031,"45":0.9862385392,"46":0.9890533686,"47":0.9913469553,"48":0.9899916649,"49":0.9898874164,"50":0.9917639494,"51":0.9883236289,"52":0.991972506,"53":0.9931192398,"54":0.9891576171,"55":0.9908257127,"56":0.9918681979,"57":0.9933277965,"58":0.9888448715,"59":0.9902001619,"60":0.993432045},"val_loss":{"0":1.6839038738,"1":0.73196209,"2":0.5402068663,"3":0.5849874799,"4":0.2355990785,"5":0.391900776,"6":0.1649440516,"7":0.2154374689,"8":0.1591329188,"9":0.1682402589,"10":0.1258878389,"11":0.1367547924,"12":0.1516881104,"13":0.1468826596,"14":0.1224569231,"15":0.1441965921,"16":0.123168771,"17":0.1322050579,"18":0.143793613,"19":0.2077908621,"20":0.2232999874,"21":0.1217416261,"22":0.1132428799,"23":0.1477661211,"24":0.1094787453,"25":0.11477731,"26":0.1237113752,"27":0.159192192,"28":0.141048848,"29":0.159862141,"30":0.1284317005,"31":0.1248187517,"32":0.0902127655,"33":0.1175073451,"34":0.1332988911,"35":0.0929521715,"36":0.1396731871,"37":0.1599822558,"38":0.1337898499,"39":0.2090302977,"40":0.0859667883,"41":0.1188172142,"42":0.1652536194,"43":0.1264201616,"44":0.2400247531,"45":0.1643926891,"46":0.1018044924,"47":0.1600694595,"48":0.1453293301,"49":0.1633902983,"50":0.1895612289,"51":0.155063739,"52":0.1236624139,"53":0.1143046427,"54":0.1440123982,"55":0.1120057304,"56":0.1065523297,"57":0.1947720389,"58":0.1248246891,"59":0.1038497842,"60":0.1389991315},"val_acc":{"0":0.3952205777,"1":0.7444853187,"2":0.8069853187,"3":0.8051470518,"4":0.9283088446,"5":0.8823529482,"6":0.9522058964,"7":0.9301470518,"8":0.9503676295,"9":0.9558823705,"10":0.9650735259,"11":0.9577205777,"12":0.9613970518,"13":0.9558823705,"14":0.9669117928,"15":0.9577205777,"16":0.9613970518,"17":0.9595588446,"18":0.9650735259,"19":0.9522058964,"20":0.9503676295,"21":0.96875,"22":0.96875,"23":0.9613970518,"24":0.96875,"25":0.96875,"26":0.9632353187,"27":0.9595588446,"28":0.9632353187,"29":0.9632353187,"30":0.9577205777,"31":0.9669117928,"32":0.9761029482,"33":0.9650735259,"34":0.9724264741,"35":0.9761029482,"36":0.9669117928,"37":0.9650735259,"38":0.9595588446,"39":0.9540441036,"40":0.96875,"41":0.9705882072,"42":0.9595588446,"43":0.9613970518,"44":0.9558823705,"45":0.9632353187,"46":0.96875,"47":0.9577205777,"48":0.96875,"49":0.9632353187,"50":0.9650735259,"51":0.9669117928,"52":0.96875,"53":0.9669117928,"54":0.9705882072,"55":0.96875,"56":0.9761029482,"57":0.9669117928,"58":0.96875,"59":0.9742646813,"60":0.9724264741}}