{"loss":{"0":1.4038544347,"1":0.6849957473,"2":0.4335425836,"3":0.3146693637,"4":0.2551529141,"5":0.2004317987,"6":0.1724085536,"7":0.1603099737,"8":0.1366614878,"9":0.1201618994,"10":0.1112600143,"11":0.0955199347,"12":0.0963253717,"13":0.0799368691,"14":0.0793685483,"15":0.0762364821,"16":0.0712444343,"17":0.0659540586,"18":0.0694062481,"19":0.0658618029,"20":0.0574185812,"21":0.0589527689,"22":0.0539217187,"23":0.0443068364,"24":0.0643864162,"25":0.0466397957,"26":0.0495371863,"27":0.0366632911,"28":0.0378785897,"29":0.0586741851,"30":0.0400810861,"31":0.0367981631,"32":0.0400142263,"33":0.0376466428,"34":0.0280917368,"35":0.0418407404,"36":0.0340622416,"37":0.0250983804,"38":0.0304620144,"39":0.0349050312,"40":0.0334338048,"41":0.0288604112,"42":0.0266728911,"43":0.0334309785,"44":0.023756331,"45":0.030919831,"46":0.0316549007,"47":0.0205199526,"48":0.0208092121,"49":0.028107557},"acc":{"0":0.4818598926,"1":0.7605296373,"2":0.8531067371,"3":0.8936613798,"4":0.9127397537,"5":0.9342160225,"6":0.9447456002,"7":0.9510008097,"8":0.9567347765,"9":0.9605921507,"10":0.9659090638,"11":0.9683068991,"12":0.9691409469,"13":0.9758131504,"14":0.9758131504,"15":0.9775854945,"16":0.9790450335,"17":0.9819641113,"18":0.9788365364,"19":0.9811301231,"20":0.982172668,"21":0.9822769165,"22":0.9827981591,"23":0.9862385392,"24":0.9810258746,"25":0.9847790003,"26":0.9858215451,"27":0.9888448715,"28":0.9890533686,"29":0.9817556143,"30":0.988740623,"31":0.9893661141,"32":0.9876980782,"33":0.9878023267,"34":0.9910342097,"35":0.988740623,"36":0.9897831678,"37":0.9921810031,"38":0.9924937487,"39":0.9898874164,"40":0.9886363745,"41":0.9908257127,"42":0.991972506,"43":0.9898874164,"44":0.9921810031,"45":0.9910342097,"46":0.9913469553,"47":0.9931192398,"48":0.9938490391,"49":0.9922852516},"val_loss":{"0":0.9935276844,"1":0.649111782,"2":0.3049458847,"3":0.2623165789,"4":0.3405053417,"5":0.3223781598,"6":0.1603606585,"7":0.2560704778,"8":0.1802950763,"9":0.1008243946,"10":0.2926495105,"11":0.1259862455,"12":0.1498991036,"13":0.1174193582,"14":0.1279894351,"15":0.2030533694,"16":0.1395877825,"17":0.1811396047,"18":0.1363377141,"19":0.2124857727,"20":0.1924360566,"21":0.2864100678,"22":0.3938788598,"23":0.1682489669,"24":0.1623418552,"25":0.1864177064,"26":0.1335459475,"27":0.1220700593,"28":0.1316217598,"29":0.099995484,"30":0.1407160203,"31":0.1674317035,"32":0.1366237585,"33":0.1314913357,"34":0.1436077566,"35":0.1462082141,"36":0.1429789222,"37":0.1315861289,"38":0.1429820204,"39":0.1061552053,"40":0.1904730211,"41":0.105376816,"42":0.1556431965,"43":0.1085899607,"44":0.1399559897,"45":0.1335144111,"46":0.184672957,"47":0.1354666447,"48":0.1860879108,"49":0.1539171387},"val_acc":{"0":0.6341911554,"1":0.7555146813,"2":0.8952205777,"3":0.9117646813,"4":0.8988970518,"5":0.8952205777,"6":0.9411764741,"7":0.9191176295,"8":0.9411764741,"9":0.9650735259,"10":0.8805146813,"11":0.96875,"12":0.9595588446,"13":0.9650735259,"14":0.9669117928,"15":0.9338235259,"16":0.9503676295,"17":0.9503676295,"18":0.9558823705,"19":0.9466911554,"20":0.9540441036,"21":0.9319853187,"22":0.9154411554,"23":0.9540441036,"24":0.9522058964,"25":0.9485294223,"26":0.9595588446,"27":0.96875,"28":0.9705882072,"29":0.96875,"30":0.96875,"31":0.9650735259,"32":0.9650735259,"33":0.9577205777,"34":0.9632353187,"35":0.9669117928,"36":0.9577205777,"37":0.9705882072,"38":0.96875,"39":0.9705882072,"40":0.9595588446,"41":0.9761029482,"42":0.9595588446,"43":0.96875,"44":0.9632353187,"45":0.96875,"46":0.9577205777,"47":0.9761029482,"48":0.9632353187,"49":0.9632353187}}