{"loss":{"0":1.6490730727,"1":1.1920063518,"2":0.8815314692,"3":0.6157917376,"4":0.4467743124,"5":0.3531101996,"6":0.2809143549,"7":0.2508717313,"8":0.1938343867,"9":0.1734317614,"10":0.1725101574,"11":0.1338971961,"12":0.1217874113,"13":0.1185832653,"14":0.1165177885,"15":0.1103604223,"16":0.0873111202,"17":0.093491291,"18":0.0867048068,"19":0.0814697018,"20":0.0910795133,"21":0.0691158607,"22":0.0780840683,"23":0.0767460189,"24":0.071242647,"25":0.0542377684,"26":0.0626733429,"27":0.0702317082,"28":0.0491519732,"29":0.0628423308,"30":0.0532188355,"31":0.0408516547,"32":0.0484364634,"33":0.0603979611,"34":0.041346649,"35":0.061475001,"36":0.0518658539,"37":0.042044313,"38":0.0427786178},"acc":{"0":0.3724958301,"1":0.5609349012,"2":0.6737270355,"3":0.7902754545,"4":0.8554883003,"5":0.8847036958,"6":0.9131886363,"7":0.9197620749,"8":0.9444907904,"9":0.9478297234,"10":0.9454298615,"11":0.9586811066,"12":0.9620200396,"13":0.962854743,"14":0.9642111659,"15":0.9682804942,"16":0.9725584388,"17":0.9731844664,"18":0.9732888341,"19":0.9754799604,"20":0.9732888341,"21":0.9795492291,"22":0.9758973122,"23":0.9775667787,"24":0.9784014821,"25":0.9844532609,"26":0.9815317392,"27":0.9801753163,"28":0.9864357114,"29":0.9820533991,"30":0.984557569,"31":0.9874791503,"32":0.9861227274,"33":0.9828881621,"34":0.9877921343,"35":0.9829924703,"36":0.9862270355,"37":0.9870617986,"38":0.9882095456},"val_loss":{"0":1.4713233438,"1":0.8923041623,"2":1.1675756109,"3":0.4295317378,"4":0.4920479721,"5":0.3840104116,"6":0.2317171678,"7":0.2181642909,"8":0.2215009251,"9":0.2639644058,"10":0.1942406038,"11":0.1842276816,"12":0.2362920527,"13":0.2039805272,"14":0.2133333311,"15":0.2265573934,"16":0.2288953942,"17":0.163640499,"18":0.1439826631,"19":0.1623951035,"20":0.2177015592,"21":0.1658896064,"22":0.2816233163,"23":0.1928247335,"24":0.2355852775,"25":0.2332406461,"26":0.203509345,"27":0.1842074732,"28":0.2128722256,"29":0.2248074431,"30":0.1981633541,"31":0.2280891783,"32":0.1479891852,"33":0.1869854153,"34":0.1793176133,"35":0.1712584465,"36":0.1821208114,"37":0.1720812519,"38":0.2031020704},"val_acc":{"0":0.4889705777,"1":0.6360294223,"2":0.6360294223,"3":0.8327205777,"4":0.84375,"5":0.875,"6":0.9319853187,"7":0.9301470518,"8":0.9375,"9":0.9356617928,"10":0.9466911554,"11":0.9448529482,"12":0.9283088446,"13":0.9356617928,"14":0.9430146813,"15":0.9448529482,"16":0.9430146813,"17":0.9522058964,"18":0.9558823705,"19":0.9577205777,"20":0.9503676295,"21":0.9558823705,"22":0.9503676295,"23":0.9558823705,"24":0.9595588446,"25":0.9577205777,"26":0.9558823705,"27":0.9503676295,"28":0.9522058964,"29":0.9540441036,"30":0.9522058964,"31":0.9430146813,"32":0.9595588446,"33":0.9613970518,"34":0.9558823705,"35":0.9595588446,"36":0.9595588446,"37":0.9613970518,"38":0.9522058964}}