{"loss":{"0":1.399618516,"1":0.72242866,"2":0.4576360765,"3":0.3432937114,"4":0.2809354711,"5":0.2175938944,"6":0.1844144703,"7":0.1597503662,"8":0.1380557091,"9":0.1378797264,"10":0.1157041469,"11":0.0966545956,"12":0.098775912,"13":0.0836265695,"14":0.0917662434,"15":0.0839035232,"16":0.0724482795,"17":0.0742167186,"18":0.0733737271,"19":0.0602712974,"20":0.0517681272,"21":0.0686197164,"22":0.0571725224,"23":0.0559135519,"24":0.0526598294,"25":0.0447078689,"26":0.0393859865,"27":0.0666089152,"28":0.0408230008,"29":0.0444554015,"30":0.049921738,"31":0.0312344033,"32":0.0374345039,"33":0.0385119982,"34":0.0445225326,"35":0.0330463754,"36":0.0316797392,"37":0.0392567821,"38":0.0245862174,"39":0.0331113608,"40":0.0392270231,"41":0.027911342,"42":0.0341939856,"43":0.0325529205,"44":0.0276643202,"45":0.0399069967,"46":0.0227965917,"47":0.0313916234},"acc":{"0":0.4775667787,"1":0.7491652966,"2":0.8473497629,"3":0.8883556128,"4":0.9068238735,"5":0.9299874902,"6":0.9413605928,"7":0.9502295256,"8":0.9560726285,"9":0.9546118379,"10":0.9614983201,"11":0.9691151977,"12":0.9692195058,"13":0.9733931422,"14":0.9712020159,"15":0.9729757905,"16":0.9788188934,"17":0.9766277075,"18":0.9770450592,"19":0.9822620749,"20":0.9847663045,"21":0.979757905,"22":0.9823664427,"23":0.9835141897,"24":0.9837228656,"25":0.9859140515,"26":0.9882095456,"27":0.980905652,"28":0.9857053161,"29":0.9856010079,"30":0.9850792885,"31":0.9912353754,"32":0.9862270355,"33":0.9882095456,"34":0.9858096838,"35":0.9900876284,"36":0.9906093478,"37":0.9876878262,"38":0.9925917983,"39":0.9900876284,"40":0.9882095456,"41":0.9913397431,"42":0.9906093478,"43":0.9914440513,"44":0.9920701385,"45":0.9891485572,"46":0.9932178855,"47":0.9902963042},"val_loss":{"0":1.2929529004,"1":0.4962333047,"2":0.295443268,"3":0.3315838167,"4":0.299186232,"5":0.1588314163,"6":0.1798792451,"7":0.3960576531,"8":0.2011613859,"9":0.2371052464,"10":0.1686060549,"11":0.1687642857,"12":0.1063009437,"13":0.2649852226,"14":0.1559897114,"15":0.2147808102,"16":0.1370648796,"17":0.1672602404,"18":0.1832229649,"19":0.1522626661,"20":0.1598807087,"21":0.1556793365,"22":0.1165439579,"23":0.1963061053,"24":0.1262100921,"25":0.3715763824,"26":0.139581384,"27":0.0944404026,"28":0.2841438735,"29":0.1416787355,"30":0.1107124205,"31":0.1173276901,"32":0.1535219626,"33":0.1474016249,"34":0.1884992392,"35":0.1375163001,"36":0.1346895842,"37":0.1321582209,"38":0.1797896072,"39":0.1498721541,"40":0.1740394732,"41":0.1083064964,"42":0.1462279669,"43":0.2056322043,"44":0.1890260061,"45":0.2102435828,"46":0.1778605999,"47":0.1324108675},"val_acc":{"0":0.5110294223,"1":0.8088235259,"2":0.9044117928,"3":0.8878676295,"4":0.8933823705,"5":0.9356617928,"6":0.9393382072,"7":0.8878676295,"8":0.9375,"9":0.9209558964,"10":0.9411764741,"11":0.9503676295,"12":0.9632353187,"13":0.9209558964,"14":0.9540441036,"15":0.9319853187,"16":0.9613970518,"17":0.9558823705,"18":0.9466911554,"19":0.9503676295,"20":0.9558823705,"21":0.9632353187,"22":0.96875,"23":0.9522058964,"24":0.9613970518,"25":0.9154411554,"26":0.9613970518,"27":0.96875,"28":0.9393382072,"29":0.9540441036,"30":0.9650735259,"31":0.9632353187,"32":0.9540441036,"33":0.9669117928,"34":0.9466911554,"35":0.9669117928,"36":0.9540441036,"37":0.9669117928,"38":0.9650735259,"39":0.9632353187,"40":0.9485294223,"41":0.9669117928,"42":0.9540441036,"43":0.9466911554,"44":0.9558823705,"45":0.9485294223,"46":0.9595588446,"47":0.9705882072}}