{"loss":{"0":1.6660340113,"1":1.2384576441,"2":0.8933987685,"3":0.618032029,"4":0.4339087487,"5":0.33470786,"6":0.2638920551,"7":0.232701577,"8":0.2083071659,"9":0.1726918626,"10":0.1522707041,"11":0.1420672244,"12":0.1223559405,"13":0.1247130165,"14":0.1074451437,"15":0.1017375572,"16":0.0899907585,"17":0.0942535928,"18":0.0825904142,"19":0.0928474191,"20":0.075571103,"21":0.074574013,"22":0.0680058412,"23":0.0753279896,"24":0.0626473121,"25":0.0569891725,"26":0.0570943646,"27":0.060377693,"28":0.0567375713,"29":0.0458452728,"30":0.0559712601,"31":0.0492469105,"32":0.0444740587,"33":0.0495844335,"34":0.0509836378,"35":0.0319266495,"36":0.0455796372,"37":0.04448415,"38":0.0463571858,"39":0.0379426619,"40":0.0423690009,"41":0.0362971532,"42":0.0447130787,"43":0.0414073761,"44":0.0344840239,"45":0.042428607,"46":0.0324164589,"47":0.038533106,"48":0.0343454995,"49":0.025426216,"50":0.0403282782},"acc":{"0":0.3723936677,"1":0.5383653045,"2":0.6653461456,"3":0.7906588912,"4":0.8577981591,"5":0.8902209997,"6":0.9176396728,"7":0.9286905527,"8":0.9386988878,"9":0.9511050582,"10":0.9508965611,"11":0.9579858184,"12":0.9647623301,"13":0.9633027315,"14":0.967889905,"15":0.9714345336,"16":0.9735196233,"17":0.9721643329,"18":0.9763344526,"19":0.9724770784,"20":0.9765429497,"21":0.977481246,"22":0.9794620275,"23":0.9792535305,"24":0.9827981591,"25":0.9831109047,"26":0.9831109047,"27":0.9815471172,"28":0.9835279584,"29":0.9873853326,"30":0.9836322069,"31":0.9855087399,"32":0.9864470363,"33":0.9853002429,"34":0.9850917459,"35":0.9905129075,"36":0.9881150723,"37":0.9875938296,"38":0.9860300422,"39":0.98894912,"40":0.9882193208,"41":0.9892618656,"42":0.9869682789,"43":0.9897831678,"44":0.9909299612,"45":0.9892618656,"46":0.9909299612,"47":0.9875938296,"48":0.9903044105,"49":0.9915554523,"50":0.98894912},"val_loss":{"0":1.4819868636,"1":0.9347010851,"2":0.9163479976,"3":0.3237377961,"4":0.2598204941,"5":0.2332236085,"6":0.3451385148,"7":0.1541504596,"8":0.189299479,"9":0.1676560483,"10":0.1290393988,"11":0.1516394614,"12":0.1965707268,"13":0.1527395165,"14":0.1372154089,"15":0.1662344407,"16":0.1595722138,"17":0.1293804626,"18":0.1642825844,"19":0.1438523419,"20":0.1361384637,"21":0.1555033637,"22":0.1739407308,"23":0.1812236049,"24":0.1901133237,"25":0.1058758167,"26":0.2132003352,"27":0.1243131095,"28":0.1864192461,"29":0.1562444175,"30":0.0957645297,"31":0.1991031785,"32":0.1968346432,"33":0.2365922536,"34":0.1281744213,"35":0.1659819545,"36":0.145343445,"37":0.1307763942,"38":0.20146155,"39":0.1092103266,"40":0.1277687462,"41":0.167480725,"42":0.135331665,"43":0.1697419139,"44":0.1730449699,"45":0.1605417278,"46":0.145593082,"47":0.1565825366,"48":0.2035646637,"49":0.1199120113,"50":0.2072187292},"val_acc":{"0":0.3988970518,"1":0.6213235259,"2":0.6341911554,"3":0.8933823705,"4":0.9136029482,"5":0.9246323705,"6":0.8952205777,"7":0.9485294223,"8":0.9411764741,"9":0.9485294223,"10":0.9595588446,"11":0.9595588446,"12":0.9430146813,"13":0.9577205777,"14":0.9632353187,"15":0.9522058964,"16":0.9650735259,"17":0.9650735259,"18":0.9613970518,"19":0.9705882072,"20":0.9613970518,"21":0.9632353187,"22":0.9632353187,"23":0.9558823705,"24":0.9430146813,"25":0.9761029482,"26":0.9577205777,"27":0.9650735259,"28":0.9558823705,"29":0.9613970518,"30":0.9669117928,"31":0.9540441036,"32":0.9558823705,"33":0.9540441036,"34":0.96875,"35":0.9669117928,"36":0.9669117928,"37":0.9761029482,"38":0.9595588446,"39":0.9705882072,"40":0.9742646813,"41":0.9595588446,"42":0.9669117928,"43":0.9669117928,"44":0.9650735259,"45":0.9632353187,"46":0.9742646813,"47":0.9650735259,"48":0.9577205777,"49":0.9650735259,"50":0.9540441036}}