{"loss":{"0":1.6551899687,"1":1.0799096131,"2":0.6938831612,"3":0.481912443,"4":0.3542388663,"5":0.2853975949,"6":0.2329602228,"7":0.1928665567,"8":0.1747154345,"9":0.1475606613,"10":0.1391126766,"11":0.1236474725,"12":0.1064808008,"13":0.1027589944,"14":0.1023847743,"15":0.0931055472,"16":0.0898219602,"17":0.076710313,"18":0.0814831453,"19":0.0675782604,"20":0.0722273743,"21":0.0654739475,"22":0.0591111148,"23":0.0698935431,"24":0.0541933627,"25":0.0478676869,"26":0.0529072881,"27":0.0541419883,"28":0.0480862344,"29":0.0524777708,"30":0.0547350918,"31":0.0480149688,"32":0.0410775482,"33":0.0402651824,"34":0.0454320113,"35":0.055599716,"36":0.0345823582,"37":0.045032729,"38":0.0442429349,"39":0.0461362922,"40":0.0425644139,"41":0.0428214224,"42":0.0380463833,"43":0.0322452887,"44":0.0323485806,"45":0.0337083055,"46":0.0319565678,"47":0.0330841263,"48":0.0254683221,"49":0.0318543235},"acc":{"0":0.3800083399,"1":0.6180092096,"2":0.7652336955,"3":0.8450542688,"4":0.8850166798,"5":0.9122495651,"6":0.9266485572,"7":0.9407345653,"8":0.9490817785,"9":0.9548205137,"10":0.9589941502,"11":0.9627504349,"12":0.9669240117,"13":0.9705759883,"14":0.9697412252,"15":0.9730801582,"16":0.9716193676,"17":0.9784014821,"18":0.9766277075,"19":0.979757905,"20":0.9788188934,"21":0.9804883003,"22":0.9826794863,"23":0.9790275693,"24":0.9846619368,"25":0.9854966402,"26":0.9838272333,"27":0.984557569,"28":0.9857053161,"29":0.9856010079,"30":0.9856010079,"31":0.9873747826,"32":0.987896502,"33":0.987896502,"34":0.9881051779,"35":0.9854966402,"36":0.989357233,"37":0.9881051779,"38":0.9876878262,"39":0.9872704744,"40":0.9858096838,"41":0.987896502,"42":0.9898789525,"43":0.9912353754,"44":0.9911310673,"45":0.9901919961,"46":0.9907137156,"47":0.991548419,"48":0.9933221936,"49":0.9914440513},"val_loss":{"0":1.6636588197,"1":0.6592097808,"2":0.6526589613,"3":0.2335731743,"4":0.4016117498,"5":0.212290095,"6":0.3000554842,"7":0.3571070913,"8":0.1075347572,"9":0.2870080822,"10":0.1267136609,"11":0.1268235567,"12":0.106621518,"13":0.1348262322,"14":0.1124576318,"15":0.1468305766,"16":0.1367979196,"17":0.1575221997,"18":0.1643232603,"19":0.1200640133,"20":0.1265595574,"21":0.1496764933,"22":0.2879956939,"23":0.1209540105,"24":0.0871992769,"25":0.126038624,"26":0.1567485744,"27":0.1447693561,"28":0.0974630539,"29":0.075542135,"30":0.1341019596,"31":0.0941871082,"32":0.1462355538,"33":0.1194673748,"34":0.0887923125,"35":0.1417272837,"36":0.1056927385,"37":0.1336876223,"38":0.131335655,"39":0.1179994525,"40":0.0898895349,"41":0.1450247771,"42":0.1526262949,"43":0.1266976027,"44":0.1299507891,"45":0.1302029031,"46":0.183947499,"47":0.1980129126,"48":0.1840996936,"49":0.1509908305},"val_acc":{"0":0.3860294223,"1":0.7316176295,"2":0.7830882072,"3":0.9172794223,"4":0.8805146813,"5":0.9393382072,"6":0.9154411554,"7":0.8988970518,"8":0.9632353187,"9":0.9172794223,"10":0.9669117928,"11":0.9558823705,"12":0.9724264741,"13":0.9724264741,"14":0.9742646813,"15":0.9613970518,"16":0.9669117928,"17":0.9632353187,"18":0.9632353187,"19":0.9724264741,"20":0.9724264741,"21":0.96875,"22":0.9264705777,"23":0.9724264741,"24":0.9779411554,"25":0.9705882072,"26":0.9577205777,"27":0.9742646813,"28":0.9742646813,"29":0.9816176295,"30":0.9705882072,"31":0.9761029482,"32":0.9669117928,"33":0.9761029482,"34":0.9834558964,"35":0.9650735259,"36":0.9834558964,"37":0.9834558964,"38":0.9816176295,"39":0.9705882072,"40":0.9797794223,"41":0.9797794223,"42":0.9816176295,"43":0.9779411554,"44":0.9742646813,"45":0.96875,"46":0.9779411554,"47":0.9705882072,"48":0.9797794223,"49":0.9742646813}}