{"loss":{"0":1.6811855285,"1":1.1477403725,"2":0.7168953257,"3":0.4802756376,"4":0.3575129806,"5":0.2897853695,"6":0.2462357094,"7":0.2011812686,"8":0.1767345957,"9":0.155550811,"10":0.1326033825,"11":0.1065934966,"12":0.1205724672,"13":0.1140898561,"14":0.1052161164,"15":0.0927696287,"16":0.0918561229,"17":0.0851249985,"18":0.077847032,"19":0.0738443385,"20":0.0767305567,"21":0.0782144789,"22":0.068003654,"23":0.0660727941,"24":0.0652049022,"25":0.0458846224,"26":0.0662214012,"27":0.0463394913,"28":0.0581689321,"29":0.0554800059,"30":0.0448632482,"31":0.0518979584,"32":0.0502894029,"33":0.0521985106,"34":0.0461382444,"35":0.0437586365,"36":0.0517004584,"37":0.0433921002,"38":0.0455201582,"39":0.0392126967,"40":0.0395058551,"41":0.04036447,"42":0.0349827473,"43":0.0423582091,"44":0.0361620461,"45":0.0432553535,"46":0.0322879819,"47":0.0547970071,"48":0.0360292822,"49":0.0314390909,"50":0.0263004377,"51":0.0374179665,"52":0.0325474115,"53":0.027006396,"54":0.0332145578,"55":0.0297770357,"56":0.0325306021,"57":0.03832666,"58":0.0306965056},"acc":{"0":0.3621661067,"1":0.5716819763,"2":0.7533388734,"3":0.8425500989,"4":0.8854340315,"5":0.912458241,"6":0.9252921343,"7":0.9378130436,"8":0.9452211857,"9":0.954403162,"10":0.961394012,"11":0.9685934782,"12":0.9618113637,"13":0.9632720947,"14":0.9691151977,"15":0.9723497629,"16":0.9725584388,"17":0.9764190316,"18":0.9790275693,"19":0.9795492291,"20":0.979444921,"21":0.9776711464,"22":0.9801753163,"23":0.9810100198,"24":0.9812186956,"25":0.9861227274,"26":0.9793405533,"27":0.9858096838,"28":0.9827837944,"29":0.9826794863,"30":0.9885225296,"31":0.9862270355,"32":0.9859140515,"33":0.9864357114,"34":0.9870617986,"35":0.9874791503,"36":0.984244585,"37":0.9869574308,"38":0.9876878262,"39":0.9896702766,"40":0.989357233,"41":0.9880008101,"42":0.9902963042,"43":0.9896702766,"44":0.9896702766,"45":0.9882095456,"46":0.9897746444,"47":0.9858096838,"48":0.9897746444,"49":0.990400672,"50":0.9928004742,"51":0.9892529249,"52":0.9910266995,"53":0.992696166,"54":0.9905049801,"55":0.9913397431,"56":0.9910266995,"57":0.9899833202,"58":0.9908180237},"val_loss":{"0":1.6374763233,"1":0.8795981135,"2":0.5219311653,"3":0.5940190547,"4":0.243059693,"5":0.4431128479,"6":0.1712714565,"7":0.2282683212,"8":0.1904331605,"9":0.1501299158,"10":0.1529765716,"11":0.2387417307,"12":0.1428170713,"13":0.120514443,"14":0.1150088482,"15":0.1558351346,"16":0.2333883029,"17":0.1171253464,"18":0.108970995,"19":0.2675245576,"20":0.1181749046,"21":0.178142358,"22":0.1767496291,"23":0.1315041702,"24":0.1395926566,"25":0.1726803804,"26":0.1314999595,"27":0.1557305141,"28":0.1087295466,"29":0.1655469032,"30":0.1205863402,"31":0.1530828323,"32":0.2324709693,"33":0.1154760873,"34":0.1441990863,"35":0.1219804373,"36":0.150036778,"37":0.1262206766,"38":0.0868885324,"39":0.1249297132,"40":0.1351060553,"41":0.1399347541,"42":0.2016823074,"43":0.123081981,"44":0.1309925809,"45":0.1132031747,"46":0.1025041978,"47":0.1126937293,"48":0.1753999014,"49":0.1396387531,"50":0.171860448,"51":0.1460224632,"52":0.1913867787,"53":0.1416074754,"54":0.1844207667,"55":0.1166426881,"56":0.1520291498,"57":0.1440038383,"58":0.1317226488},"val_acc":{"0":0.4117647111,"1":0.6433823705,"2":0.8106617928,"3":0.8143382072,"4":0.9154411554,"5":0.8786764741,"6":0.9558823705,"7":0.9375,"8":0.9356617928,"9":0.9595588446,"10":0.9650735259,"11":0.9356617928,"12":0.9540441036,"13":0.96875,"14":0.9632353187,"15":0.9613970518,"16":0.9264705777,"17":0.9724264741,"18":0.9669117928,"19":0.9338235259,"20":0.9761029482,"21":0.9632353187,"22":0.9522058964,"23":0.9705882072,"24":0.9632353187,"25":0.9669117928,"26":0.9669117928,"27":0.9650735259,"28":0.9724264741,"29":0.96875,"30":0.9779411554,"31":0.9558823705,"32":0.9430146813,"33":0.9632353187,"34":0.9595588446,"35":0.9669117928,"36":0.9669117928,"37":0.96875,"38":0.9761029482,"39":0.9761029482,"40":0.9779411554,"41":0.9742646813,"42":0.9430146813,"43":0.9705882072,"44":0.9742646813,"45":0.9779411554,"46":0.9797794223,"47":0.9705882072,"48":0.9650735259,"49":0.9705882072,"50":0.96875,"51":0.9705882072,"52":0.9558823705,"53":0.9650735259,"54":0.9705882072,"55":0.9742646813,"56":0.9761029482,"57":0.9705882072,"58":0.9761029482}}