{"loss":{"0":1.4845254116,"1":0.8218038983,"2":0.468631946,"3":0.3448519659,"4":0.271670526,"5":0.2122725166,"6":0.1996314253,"7":0.1768654278,"8":0.155140095,"9":0.1404413272,"10":0.12655925,"11":0.1314995169,"12":0.1172411347,"13":0.109029427,"14":0.1005086517,"15":0.0957731907,"16":0.0879555112,"17":0.0973048811,"18":0.0881307448,"19":0.0775551958,"20":0.0733681072,"21":0.0739454486,"22":0.0681605898,"23":0.0721935221,"24":0.0648611326,"25":0.0650222721,"26":0.0654910393,"27":0.07103751,"28":0.0607380078,"29":0.0670448218,"30":0.0553092526,"31":0.0590988432,"32":0.0614462616,"33":0.0515958383,"34":0.0590302637,"35":0.0538464162,"36":0.0464247082,"37":0.0431589909,"38":0.0559201263,"39":0.0431223801,"40":0.0446445221,"41":0.0471854119,"42":0.041820612,"43":0.046010483,"44":0.0462398818,"45":0.0477949032,"46":0.0481429179,"47":0.0420449772,"48":0.0406812484,"49":0.0428080271,"50":0.0406352435,"51":0.0441779536,"52":0.0404256139,"53":0.0345075458,"54":0.03479437,"55":0.0404921397,"56":0.0400451545},"acc":{"0":0.4417222738,"1":0.7027731538,"2":0.8451834917,"3":0.8861551285,"4":0.9132610559,"5":0.9324436784,"6":0.9355713129,"7":0.9443286061,"8":0.9494370222,"9":0.9554837346,"10":0.9600709081,"11":0.9584028125,"12":0.9627814889,"13":0.9667431116,"14":0.9673686624,"15":0.9704962373,"16":0.9717472792,"17":0.9675771594,"18":0.9710175395,"19":0.9759174585,"20":0.977689743,"21":0.9758131504,"22":0.977689743,"23":0.9760217071,"24":0.979149282,"25":0.9807130694,"26":0.9789407849,"27":0.9768556952,"28":0.9814428687,"29":0.9804003239,"30":0.9834237099,"31":0.9813386202,"32":0.9812343717,"33":0.9848832488,"34":0.982381165,"35":0.9849874973,"36":0.9861342907,"37":0.9878023267,"38":0.9830066562,"39":0.9875938296,"40":0.9872810841,"41":0.9860300422,"42":0.9874895811,"43":0.9858215451,"44":0.9860300422,"45":0.9855087399,"46":0.9849874973,"47":0.9865512848,"48":0.985717237,"49":0.9864470363,"50":0.9885321259,"51":0.9858215451,"52":0.9876980782,"53":0.9897831678,"54":0.9886363745,"55":0.9890533686,"56":0.9864470363},"val_loss":{"0":1.0213769455,"1":0.4905307067,"2":0.3377847083,"3":0.3262325201,"4":0.1885373277,"5":0.204857472,"6":0.1745474831,"7":0.2558538065,"8":0.3040693723,"9":0.1598606186,"10":0.1965638625,"11":0.1367890376,"12":0.1001502738,"13":0.1483695148,"14":0.0776865532,"15":0.0948869401,"16":0.1095021316,"17":0.0852460216,"18":0.1435780264,"19":0.1772590907,"20":0.1100444124,"21":0.0914540241,"22":0.0820773315,"23":0.1102050248,"24":0.0784497717,"25":0.1706819633,"26":0.0630016108,"27":0.099636962,"28":0.1160476025,"29":0.0739785397,"30":0.1541783908,"31":0.1018682416,"32":0.0852529538,"33":0.3063090144,"34":0.1100817058,"35":0.0806746364,"36":0.0614681944,"37":0.1329978945,"38":0.0648797845,"39":0.1274571255,"40":0.1872136283,"41":0.1258628619,"42":0.0850046923,"43":0.0816044237,"44":0.1102045503,"45":0.0740562837,"46":0.1825047172,"47":0.0954192683,"48":0.0831882958,"49":0.0810504182,"50":0.1489700957,"51":0.1077557099,"52":0.0714978246,"53":0.1192965493,"54":0.1077350742,"55":0.0975701844,"56":0.0853272115},"val_acc":{"0":0.6360294223,"1":0.8051470518,"2":0.875,"3":0.8713235259,"4":0.9246323705,"5":0.9393382072,"6":0.9356617928,"7":0.9099264741,"8":0.9209558964,"9":0.9522058964,"10":0.9430146813,"11":0.9540441036,"12":0.9632353187,"13":0.9558823705,"14":0.9742646813,"15":0.9650735259,"16":0.9724264741,"17":0.9669117928,"18":0.9577205777,"19":0.9522058964,"20":0.9577205777,"21":0.9724264741,"22":0.9797794223,"23":0.96875,"24":0.9761029482,"25":0.9595588446,"26":0.9816176295,"27":0.9761029482,"28":0.9632353187,"29":0.9761029482,"30":0.9613970518,"31":0.9632353187,"32":0.9742646813,"33":0.9172794223,"34":0.9761029482,"35":0.9816176295,"36":0.9852941036,"37":0.9650735259,"38":0.9797794223,"39":0.9705882072,"40":0.9577205777,"41":0.9669117928,"42":0.9797794223,"43":0.9797794223,"44":0.96875,"45":0.9816176295,"46":0.9595588446,"47":0.9761029482,"48":0.9816176295,"49":0.9761029482,"50":0.96875,"51":0.9761029482,"52":0.9797794223,"53":0.9705882072,"54":0.9779411554,"55":0.9797794223,"56":0.9779411554}}