{"loss":{"0":1.679889417,"1":1.229709042,"2":0.8192526461,"3":0.5345414946,"4":0.3941465964,"5":0.3014649409,"6":0.254186331,"7":0.2203628579,"8":0.1818006703,"9":0.1660985131,"10":0.153051871,"11":0.12608715,"12":0.1339803057,"13":0.1094253825,"14":0.117037877,"15":0.0949436595,"16":0.0921502906,"17":0.0943014881,"18":0.0847063369,"19":0.0776606691,"20":0.0797656933,"21":0.0687870433,"22":0.0651463951,"23":0.0757258477,"24":0.0647112233,"25":0.065341401,"26":0.0575152529,"27":0.0558370199,"28":0.0585298636,"29":0.0499690846,"30":0.0554119295,"31":0.0592547131,"32":0.051864739,"33":0.0444139633,"34":0.0563577855,"35":0.0453830474,"36":0.0502441751,"37":0.0455144705,"38":0.044937979,"39":0.040776365},"acc":{"0":0.3699958324,"1":0.5472268462,"2":0.7053794861,"3":0.825062573,"4":0.8720809221,"5":0.9011676311,"6":0.9194120169,"7":0.9325479269,"8":0.9429733157,"9":0.95027107,"10":0.9542326927,"11":0.9618431926,"12":0.959862411,"13":0.967889905,"14":0.9641367793,"15":0.9709132314,"16":0.9722685814,"17":0.9729983211,"18":0.9746664166,"19":0.977481246,"20":0.9753961563,"21":0.9797748327,"22":0.9809216261,"23":0.9783152342,"24":0.9816513658,"25":0.982172668,"26":0.9827981591,"27":0.9842576981,"28":0.9824854136,"29":0.9856129885,"30":0.9841534495,"31":0.9818598628,"32":0.9843619466,"33":0.9859257936,"34":0.9843619466,"35":0.9873853326,"36":0.983840704,"37":0.9874895811,"38":0.9883236289,"39":0.9883236289},"val_loss":{"0":1.6084323368,"1":0.9922049948,"2":1.0702047002,"3":0.3810469627,"4":0.3101879909,"5":0.1998641895,"6":0.1803966295,"7":0.2297436044,"8":0.2462244327,"9":0.1581685077,"10":0.1564848502,"11":0.2099445249,"12":0.116989654,"13":0.1328169672,"14":0.1463612679,"15":0.0952885495,"16":0.1083726797,"17":0.1323510965,"18":0.129822291,"19":0.0716372008,"20":0.1284391141,"21":0.1795993235,"22":0.1096915975,"23":0.0993786675,"24":0.1667405373,"25":0.0994826607,"26":0.1306987818,"27":0.2026905829,"28":0.1170127538,"29":0.1434398828,"30":0.1139832864,"31":0.1136311825,"32":0.1697719709,"33":0.1230389948,"34":0.222749605,"35":0.0897557317,"36":0.0985820559,"37":0.1281721279,"38":0.0819338353,"39":0.1205045279},"val_acc":{"0":0.4411764741,"1":0.5735294223,"2":0.6488970518,"3":0.8658088446,"4":0.8823529482,"5":0.9319853187,"6":0.9503676295,"7":0.9338235259,"8":0.9319853187,"9":0.9577205777,"10":0.9613970518,"11":0.9356617928,"12":0.9705882072,"13":0.9705882072,"14":0.9632353187,"15":0.9742646813,"16":0.9742646813,"17":0.9669117928,"18":0.9705882072,"19":0.9816176295,"20":0.96875,"21":0.9430146813,"22":0.9797794223,"23":0.9816176295,"24":0.9577205777,"25":0.9816176295,"26":0.9724264741,"27":0.9613970518,"28":0.9761029482,"29":0.9724264741,"30":0.9761029482,"31":0.9742646813,"32":0.96875,"33":0.9724264741,"34":0.9650735259,"35":0.9761029482,"36":0.9834558964,"37":0.9779411554,"38":0.9797794223,"39":0.9779411554}}