{"loss":{"0":1.3205079066,"1":0.6862718479,"2":0.4430524714,"3":0.3258905465,"4":0.265530674,"5":0.2127514452,"6":0.1918506284,"7":0.1594417311,"8":0.1444743767,"9":0.1375269036,"10":0.1053117877,"11":0.1057744877,"12":0.102088175,"13":0.0923840681,"14":0.0933204789,"15":0.0728979071,"16":0.0868185413,"17":0.0691793366,"18":0.0620564752,"19":0.0648518249,"20":0.0662602851,"21":0.058292937,"22":0.0686963341,"23":0.0437361525,"24":0.0550153495,"25":0.0544900392,"26":0.0521821543,"27":0.042401486,"28":0.0446725626,"29":0.0429041497,"30":0.0401782473,"31":0.0444520632,"32":0.0416059161,"33":0.0360836394,"34":0.0376183467,"35":0.0281316033,"36":0.0409217686,"37":0.0414982906,"38":0.0327598339,"39":0.0285006439,"40":0.0354002518,"41":0.0287836466,"42":0.0336992109,"43":0.0338191292,"44":0.0308514271,"45":0.0310426021,"46":0.0233196199,"47":0.0290306285,"48":0.0280324838,"49":0.0339759817,"50":0.0268411588,"51":0.0333034757,"52":0.0264751912,"53":0.0190219799,"54":0.026981054,"55":0.0279383176,"56":0.0218651413,"57":0.0248161147,"58":0.017252665,"59":0.0252065268,"60":0.02588624,"61":0.0174797307,"62":0.0243878567,"63":0.0231068276},"acc":{"0":0.5082360506,"1":0.7581318021,"2":0.8450792432,"3":0.8913677931,"4":0.9132610559,"5":0.9331734776,"6":0.9365096092,"7":0.9473519325,"8":0.9525646567,"9":0.9540241957,"10":0.9640325308,"11":0.9657005668,"12":0.9673686624,"13":0.9700792432,"14":0.9704962373,"15":0.9762302041,"16":0.9733110666,"17":0.977481246,"18":0.979357779,"19":0.9799833298,"20":0.9802960753,"21":0.9832151532,"22":0.979357779,"23":0.9883236289,"24":0.9843619466,"25":0.9835279584,"26":0.9835279584,"27":0.9869682789,"28":0.9854044914,"29":0.9868640304,"30":0.9880108237,"31":0.9861342907,"32":0.9867597818,"33":0.9892618656,"34":0.9882193208,"35":0.9909299612,"36":0.9875938296,"37":0.987072587,"38":0.9894703627,"39":0.9909299612,"40":0.9895746708,"41":0.9912427068,"42":0.990408659,"43":0.9907214642,"44":0.9907214642,"45":0.9907214642,"46":0.9928064942,"47":0.9916597009,"48":0.991972506,"49":0.9909299612,"50":0.9917639494,"51":0.9911384583,"52":0.9916597009,"53":0.9945788383,"54":0.991972506,"55":0.9902001619,"56":0.993432045,"57":0.9923895001,"58":0.9943702817,"59":0.991972506,"60":0.991972506,"61":0.9943702817,"62":0.9918681979,"63":0.9930149913},"val_loss":{"0":0.8500696206,"1":0.4608419762,"2":0.4154398362,"3":0.3800750792,"4":0.3741948478,"5":0.3103346548,"6":0.2057363492,"7":0.2509179063,"8":0.2313521887,"9":0.1988731908,"10":0.243879037,"11":0.3289574948,"12":0.2541091689,"13":0.2527938072,"14":0.2787866355,"15":0.2245926284,"16":0.2573708092,"17":0.2084603559,"18":0.2711992625,"19":0.3245445496,"20":0.193290695,"21":0.3578820609,"22":0.2657405281,"23":0.1749488694,"24":0.1986073502,"25":0.2418073266,"26":0.1483001621,"27":0.3458327259,"28":0.2974501103,"29":0.1664014749,"30":0.1665934652,"31":0.1891856119,"32":0.2136155007,"33":0.152536901,"34":0.1915452226,"35":0.1767530915,"36":0.255072663,"37":0.1594791908,"38":0.1870367087,"39":0.1839356612,"40":0.1525006057,"41":0.2260598412,"42":0.2010799133,"43":0.1444868874,"44":0.159128117,"45":0.1736975931,"46":0.5454691004,"47":0.1839294393,"48":0.1761822444,"49":0.2517493327,"50":0.2011213448,"51":0.1927333341,"52":0.1651866122,"53":0.2636617553,"54":0.1657585688,"55":0.2169655034,"56":0.1869739378,"57":0.2286402926,"58":0.2311299188,"59":0.177749824,"60":0.1804515601,"61":0.1758165083,"62":0.1573297084,"63":0.2103170033},"val_acc":{"0":0.6801470518,"1":0.8290441036,"2":0.8474264741,"3":0.8658088446,"4":0.8584558964,"5":0.8878676295,"6":0.9319853187,"7":0.9154411554,"8":0.9227941036,"9":0.9319853187,"10":0.9283088446,"11":0.9172794223,"12":0.9375,"13":0.9319853187,"14":0.9025735259,"15":0.9393382072,"16":0.9375,"17":0.9411764741,"18":0.9191176295,"19":0.9319853187,"20":0.9466911554,"21":0.9246323705,"22":0.9356617928,"23":0.9632353187,"24":0.9466911554,"25":0.9411764741,"26":0.9632353187,"27":0.9154411554,"28":0.9283088446,"29":0.9485294223,"30":0.9632353187,"31":0.9540441036,"32":0.9411764741,"33":0.9669117928,"34":0.9485294223,"35":0.9503676295,"36":0.9411764741,"37":0.96875,"38":0.9595588446,"39":0.9632353187,"40":0.9669117928,"41":0.9448529482,"42":0.9522058964,"43":0.9632353187,"44":0.9669117928,"45":0.9632353187,"46":0.8970588446,"47":0.9577205777,"48":0.9650735259,"49":0.9522058964,"50":0.9540441036,"51":0.9577205777,"52":0.9595588446,"53":0.9466911554,"54":0.9522058964,"55":0.9485294223,"56":0.9613970518,"57":0.9485294223,"58":0.9503676295,"59":0.9669117928,"60":0.9650735259,"61":0.9650735259,"62":0.9522058964,"63":0.9595588446}}