{"loss":{"0":1.6976546926,"1":1.2537790714,"2":0.8222753102,"3":0.5370872664,"4":0.392885139,"5":0.3065597595,"6":0.263067938,"7":0.2235260121,"8":0.1881661039,"9":0.1485039085,"10":0.1556479409,"11":0.1480262469,"12":0.1215296739,"13":0.1206548539,"14":0.1063608857,"15":0.0951217602,"16":0.0881126778,"17":0.1020006826,"18":0.0832989479,"19":0.0840594529,"20":0.0768485068,"21":0.0663809575,"22":0.073371983,"23":0.0672992154,"24":0.0622997288,"25":0.0680605396,"26":0.0633047833,"27":0.0525661568,"28":0.0594151484,"29":0.055468107,"30":0.048191454,"31":0.0498833753,"32":0.0516583953,"33":0.0579352357,"34":0.0506628259},"acc":{"0":0.3619683087,"1":0.5353419781,"2":0.7056922317,"3":0.8182860613,"4":0.8711426258,"5":0.9018974304,"6":0.9175354242,"7":0.9301501513,"8":0.9422435164,"9":0.9540241957,"10":0.9535028934,"11":0.9542326927,"12":0.9649708271,"13":0.9621559381,"14":0.968098402,"15":0.9722685814,"16":0.9738323689,"17":0.9713302851,"18":0.9753961563,"19":0.9739366174,"20":0.9786280394,"21":0.9822769165,"22":0.9798790812,"23":0.979357779,"24":0.9827981591,"25":0.9796705842,"26":0.9827981591,"27":0.9830066562,"28":0.9833194613,"29":0.9830066562,"30":0.9861342907,"31":0.9847790003,"32":0.9849874973,"33":0.9839449525,"34":0.9859257936},"val_loss":{"0":1.5024881696,"1":0.6980041276,"2":0.9056895034,"3":0.447463597,"4":0.2949532412,"5":0.242705414,"6":0.2756698074,"7":0.1589535743,"8":0.2598500124,"9":0.192315193,"10":0.1691032767,"11":0.1816096243,"12":0.2025579887,"13":0.1384082407,"14":0.1134543909,"15":0.1249145848,"16":0.1703344823,"17":0.1494229781,"18":0.1250111716,"19":0.140230945,"20":0.1582750863,"21":0.1301914828,"22":0.1459475583,"23":0.1199385566,"24":0.1756124883,"25":0.1219765684,"26":0.1226232418,"27":0.153912082,"28":0.1297088255,"29":0.1467627065,"30":0.1943189558,"31":0.1369255868,"32":0.1199800577,"33":0.1145356265,"34":0.1485689062},"val_acc":{"0":0.3952205777,"1":0.7702205777,"2":0.7040441036,"3":0.8455882072,"4":0.8878676295,"5":0.9209558964,"6":0.9117646813,"7":0.9540441036,"8":0.9154411554,"9":0.9558823705,"10":0.9540441036,"11":0.9540441036,"12":0.9393382072,"13":0.9595588446,"14":0.9724264741,"15":0.9595588446,"16":0.9595588446,"17":0.9613970518,"18":0.96875,"19":0.9650735259,"20":0.9650735259,"21":0.9669117928,"22":0.9669117928,"23":0.9650735259,"24":0.9577205777,"25":0.96875,"26":0.9669117928,"27":0.9650735259,"28":0.9669117928,"29":0.9632353187,"30":0.9540441036,"31":0.9705882072,"32":0.9669117928,"33":0.9724264741,"34":0.9613970518}}