{"loss":{"0":1.4530843121,"1":0.7948821408,"2":0.449464391,"3":0.3255045675,"4":0.2487619827,"5":0.2176306414,"6":0.1837343406,"7":0.1618472033,"8":0.1540016588,"9":0.1330158762,"10":0.1292961435,"11":0.1232296047,"12":0.1200394113,"13":0.1104982382,"14":0.1029212603,"15":0.0908427295,"16":0.0974913379,"17":0.0824448448,"18":0.0838102465,"19":0.0722449533,"20":0.0716954356,"21":0.0789351611,"22":0.0773091774,"23":0.0632816159,"24":0.0600289339,"25":0.0645731585,"26":0.0666481781,"27":0.0582380283,"28":0.0608175547,"29":0.0551019301,"30":0.0539541136,"31":0.0582178958,"32":0.0597037931,"33":0.0575705878,"34":0.0456672093,"35":0.0518199728,"36":0.0547509186,"37":0.0512443919,"38":0.044092554,"39":0.0461406309,"40":0.0410569031,"41":0.0388395933,"42":0.0463023245,"43":0.0473679112,"44":0.0476547786,"45":0.0412195679,"46":0.040744674,"47":0.0424359157,"48":0.0420494489,"49":0.0390054975,"50":0.0397168651,"51":0.0416891296,"52":0.0375544688,"53":0.0407331997,"54":0.0398906956,"55":0.0362024584,"56":0.0367079277,"57":0.0352247666,"58":0.0377433939,"59":0.0344670786,"60":0.0345574675,"61":0.0341075137,"62":0.0360029181,"63":0.0317081658,"64":0.0462124377,"65":0.0339385873,"66":0.0282350374,"67":0.0293270234,"68":0.0307519134,"69":0.0329266581,"70":0.0305411525,"71":0.0313996203,"72":0.0353490868,"73":0.0345646804,"74":0.0215853252,"75":0.0262130167,"76":0.0289397731,"77":0.0325963076},"acc":{"0":0.4582637846,"1":0.7108722925,"2":0.8467237353,"3":0.8901293874,"4":0.9166318774,"5":0.9286310673,"6":0.9406301975,"7":0.9489774704,"8":0.9509599209,"9":0.9562813044,"10":0.9590985179,"11":0.9594115019,"12":0.9636895061,"13":0.9659850001,"14":0.9699499011,"15":0.9725584388,"16":0.9704716206,"17":0.9744365811,"18":0.97349751,"19":0.9781928062,"20":0.9781928062,"21":0.975793004,"22":0.9767320752,"23":0.9802796245,"24":0.9812186956,"25":0.9792362452,"26":0.979444921,"27":0.9821577668,"28":0.9801753163,"29":0.983409822,"30":0.9821577668,"31":0.9821577668,"32":0.9815317392,"33":0.9823664427,"34":0.9843488932,"35":0.9822620749,"36":0.9817404151,"37":0.9847663045,"38":0.9870617986,"39":0.9863314033,"40":0.9882095456,"41":0.9882095456,"42":0.9871661067,"43":0.9870617986,"44":0.9860183597,"45":0.986748755,"46":0.9884182215,"47":0.9875834584,"48":0.9870617986,"49":0.9885225296,"50":0.9871661067,"51":0.9869574308,"52":0.9884182215,"53":0.9874791503,"54":0.9880008101,"55":0.9901919961,"56":0.9889398813,"57":0.9899833202,"58":0.9896702766,"59":0.9894616008,"60":0.990400672,"61":0.9888355732,"62":0.9890442491,"63":0.9900876284,"64":0.9861227274,"65":0.9897746444,"66":0.9914440513,"67":0.9910266995,"68":0.9912353754,"69":0.989357233,"70":0.9906093478,"71":0.9901919961,"72":0.9905049801,"73":0.9891485572,"74":0.9934265614,"75":0.9917570949,"76":0.9907137156,"77":0.9902963042},"val_loss":{"0":0.7757998988,"1":0.7347489931,"2":0.471168669,"3":0.3214182665,"4":0.2370635667,"5":0.3304305516,"6":0.1937797149,"7":0.1610493985,"8":0.3649264669,"9":0.1874206442,"10":0.1630976552,"11":0.3274122269,"12":0.2794197205,"13":0.1893771588,"14":0.1370425507,"15":0.1642112152,"16":0.1888524699,"17":0.1779213345,"18":0.149100021,"19":0.1820316357,"20":0.2068394299,"21":0.2175705207,"22":0.1549406855,"23":0.1661138046,"24":0.2072369406,"25":0.139696053,"26":0.1476949636,"27":0.157214028,"28":0.2594852885,"29":0.1708662503,"30":0.1749342502,"31":0.1361321394,"32":0.2273193689,"33":0.1735297563,"34":0.1580916605,"35":0.1491707973,"36":0.1978454706,"37":0.1560719763,"38":0.1254530231,"39":0.1568324401,"40":0.2027998652,"41":0.1671919051,"42":0.1621595653,"43":0.2289355255,"44":0.1210439591,"45":0.1923860938,"46":0.1768329828,"47":0.1473689904,"48":0.1514997571,"49":0.1308486179,"50":0.1311255966,"51":0.1296748069,"52":0.1772465427,"53":0.1695012406,"54":0.1845038324,"55":0.2076504394,"56":0.2825794659,"57":0.109137678,"58":0.1679314243,"59":0.3104331399,"60":0.1583640749,"61":0.2110632527,"62":0.2003995456,"63":0.1586082421,"64":0.1196770054,"65":0.2150888899,"66":0.1532867077,"67":0.1658319012,"68":0.1541581495,"69":0.1916450576,"70":0.1823232624,"71":0.1287159618,"72":0.1770061079,"73":0.2235646267,"74":0.1592631989,"75":0.1340594367,"76":0.1865477522,"77":0.1974193025},"val_acc":{"0":0.7022058964,"1":0.71875,"2":0.8400735259,"3":0.8878676295,"4":0.9246323705,"5":0.8915441036,"6":0.9448529482,"7":0.9466911554,"8":0.8841911554,"9":0.9485294223,"10":0.9577205777,"11":0.9117646813,"12":0.9246323705,"13":0.9319853187,"14":0.96875,"15":0.9613970518,"16":0.9503676295,"17":0.9558823705,"18":0.9613970518,"19":0.9540441036,"20":0.9632353187,"21":0.9540441036,"22":0.9522058964,"23":0.9613970518,"24":0.9558823705,"25":0.9669117928,"26":0.96875,"27":0.9595588446,"28":0.9209558964,"29":0.9613970518,"30":0.9577205777,"31":0.9705882072,"32":0.9393382072,"33":0.9650735259,"34":0.9669117928,"35":0.9669117928,"36":0.9558823705,"37":0.9650735259,"38":0.96875,"39":0.9595588446,"40":0.9632353187,"41":0.9669117928,"42":0.9595588446,"43":0.9577205777,"44":0.9724264741,"45":0.9595588446,"46":0.9650735259,"47":0.96875,"48":0.9724264741,"49":0.9724264741,"50":0.9650735259,"51":0.9724264741,"52":0.9650735259,"53":0.9669117928,"54":0.9613970518,"55":0.9595588446,"56":0.9301470518,"57":0.9761029482,"58":0.9577205777,"59":0.9540441036,"60":0.96875,"61":0.9613970518,"62":0.9650735259,"63":0.9650735259,"64":0.9632353187,"65":0.9650735259,"66":0.9595588446,"67":0.9724264741,"68":0.9742646813,"69":0.9595588446,"70":0.9724264741,"71":0.9779411554,"72":0.9632353187,"73":0.9595588446,"74":0.9705882072,"75":0.9705882072,"76":0.9705882072,"77":0.96875}}