{"loss":{"0":1.696355873,"1":1.2867350444,"2":0.8516594657,"3":0.559190286,"4":0.3992738326,"5":0.3244011467,"6":0.2866152679,"7":0.2160772524,"8":0.2058407804,"9":0.158880963,"10":0.1484766316,"11":0.1434095647,"12":0.1233450522,"13":0.1072960866,"14":0.1174433972,"15":0.1010230351,"16":0.0983238834,"17":0.0880988531,"18":0.0898682843,"19":0.0744414136,"20":0.0717444859,"21":0.0907731726,"22":0.061158214,"23":0.0721666001,"24":0.0663961102,"25":0.0692369211,"26":0.057542992,"27":0.0601329486,"28":0.0504787799,"29":0.0529956967,"30":0.0475983635,"31":0.0581214143,"32":0.0542537602,"33":0.0443061116,"34":0.050263294,"35":0.0471907121,"36":0.0460830185,"37":0.0445555818,"38":0.0397761504,"39":0.0384962609,"40":0.0411756223,"41":0.0425148999,"42":0.0430627251,"43":0.0369024308,"44":0.0416946019,"45":0.0368006751,"46":0.0314305707,"47":0.0429402456,"48":0.0313801781,"49":0.0275724087,"50":0.0390743634,"51":0.0363702231,"52":0.0321551808,"53":0.0311342843,"54":0.0382367844},"acc":{"0":0.3636363745,"1":0.5193911791,"2":0.6967264414,"3":0.8128648996,"4":0.8755212426,"5":0.8981443048,"6":0.9114887118,"7":0.9339032769,"8":0.9378648996,"9":0.9513136148,"10":0.9532943964,"11":0.958298564,"12":0.9624687433,"13":0.9675771594,"14":0.9673686624,"15":0.9691409469,"16":0.9713302851,"17":0.9738323689,"18":0.9737281203,"19":0.9781067371,"20":0.9777939916,"21":0.9732068181,"22":0.9816513658,"23":0.9806088209,"24":0.9806088209,"25":0.9800875783,"26":0.9835279584,"27":0.9835279584,"28":0.9858215451,"29":0.9835279584,"30":0.9864470363,"31":0.9835279584,"32":0.9833194613,"33":0.9867597818,"34":0.9855087399,"35":0.9872810841,"36":0.9854044914,"37":0.9861342907,"38":0.9872810841,"39":0.9892618656,"40":0.9879065752,"41":0.9895746708,"42":0.9880108237,"43":0.9891576171,"44":0.9880108237,"45":0.9893661141,"46":0.9916597009,"47":0.988740623,"48":0.990408659,"49":0.9915554523,"50":0.9883236289,"51":0.9905129075,"52":0.9907214642,"53":0.9895746708,"54":0.9897831678},"val_loss":{"0":1.4209576635,"1":1.2695539418,"2":0.6423783543,"3":0.3416228801,"4":0.3530052942,"5":0.2331619155,"6":0.2355820417,"7":0.3045945125,"8":0.2187452289,"9":0.1633928077,"10":0.1520386867,"11":0.1849472109,"12":0.2160675336,"13":0.1071015773,"14":0.1371902013,"15":0.1231230637,"16":0.113150273,"17":0.1676107671,"18":0.1634070787,"19":0.115050663,"20":0.1653214652,"21":0.1248616495,"22":0.1028312218,"23":0.0884398972,"24":0.1109231827,"25":0.0999328739,"26":0.1325401978,"27":0.1405465008,"28":0.1118619817,"29":0.1529732192,"30":0.1215809358,"31":0.1043392297,"32":0.2195892123,"33":0.1509929842,"34":0.0819616022,"35":0.1301786827,"36":0.1252178836,"37":0.170000944,"38":0.1022201308,"39":0.1335450621,"40":0.1769582061,"41":0.1337998052,"42":0.103493948,"43":0.0925425362,"44":0.1650688919,"45":0.1123616897,"46":0.0983992527,"47":0.1235193415,"48":0.0991924415,"49":0.1113654737,"50":0.131102418,"51":0.1789702807,"52":0.1147057134,"53":0.180639119,"54":0.083982468},"val_acc":{"0":0.4338235259,"1":0.4650735259,"2":0.7830882072,"3":0.8694853187,"4":0.8933823705,"5":0.9191176295,"6":0.9227941036,"7":0.9172794223,"8":0.9393382072,"9":0.9613970518,"10":0.9577205777,"11":0.9485294223,"12":0.9558823705,"13":0.96875,"14":0.9650735259,"15":0.9632353187,"16":0.9705882072,"17":0.9522058964,"18":0.9577205777,"19":0.9742646813,"20":0.9595588446,"21":0.9669117928,"22":0.9761029482,"23":0.9816176295,"24":0.9742646813,"25":0.9742646813,"26":0.9632353187,"27":0.96875,"28":0.9705882072,"29":0.9650735259,"30":0.9705882072,"31":0.9705882072,"32":0.9650735259,"33":0.9650735259,"34":0.9779411554,"35":0.9724264741,"36":0.9761029482,"37":0.9705882072,"38":0.9816176295,"39":0.96875,"40":0.9613970518,"41":0.9761029482,"42":0.9797794223,"43":0.9761029482,"44":0.9669117928,"45":0.9797794223,"46":0.9742646813,"47":0.9724264741,"48":0.9761029482,"49":0.9742646813,"50":0.9742646813,"51":0.9742646813,"52":0.9669117928,"53":0.9742646813,"54":0.9834558964}}