{"loss":{"0":1.6477299988,"1":1.2067479994,"2":0.8886817236,"3":0.6031511274,"4":0.4326033538,"5":0.3245874998,"6":0.2489114819,"7":0.2260007462,"8":0.1819849277,"9":0.1643587895,"10":0.1421014769,"11":0.128366617,"12":0.127633833,"13":0.117320053,"14":0.1022723529,"15":0.1015788332,"16":0.0962948643,"17":0.0833582161,"18":0.0801668554,"19":0.0686721708,"20":0.091401908,"21":0.0690182269,"22":0.0738719135,"23":0.063508799,"24":0.0585420774,"25":0.0553305074,"26":0.067746824,"27":0.0595843302,"28":0.0543532035,"29":0.0478906706,"30":0.0461612431,"31":0.0468394561,"32":0.0554833636,"33":0.0433443332,"34":0.0487655821,"35":0.0484062956,"36":0.0402360382,"37":0.0353553681,"38":0.0438124288,"39":0.0426109476,"40":0.0328829672,"41":0.0427268291,"42":0.040844782,"43":0.0362233935,"44":0.0376255204,"45":0.0421423394,"46":0.0380605889},"acc":{"0":0.3820892274,"1":0.5564011931,"2":0.6724353433,"3":0.7924311757,"4":0.8611342907,"5":0.9003335834,"6":0.922852397,"7":0.9317139387,"8":0.9450584054,"9":0.9497497678,"10":0.9578815699,"11":0.9604879022,"12":0.96340698,"13":0.9660133719,"14":0.9687239528,"15":0.9685154557,"16":0.9709132314,"17":0.9741451144,"18":0.977481246,"19":0.979149282,"20":0.9742493629,"21":0.979357779,"22":0.9789407849,"23":0.9807130694,"24":0.9822769165,"25":0.9839449525,"26":0.9814428687,"27":0.9836322069,"28":0.9834237099,"29":0.9855087399,"30":0.9864470363,"31":0.9861342907,"32":0.9849874973,"33":0.9862385392,"34":0.9869682789,"35":0.9862385392,"36":0.9883236289,"37":0.9892618656,"38":0.9873853326,"39":0.9879065752,"40":0.9908257127,"41":0.9872810841,"42":0.9888448715,"43":0.9880108237,"44":0.9894703627,"45":0.9893661141,"46":0.9891576171},"val_loss":{"0":1.324332459,"1":1.0841082271,"2":0.583889612,"3":0.5329322626,"4":0.3618224709,"5":0.5181859822,"6":0.5897782523,"7":0.2247477328,"8":0.1932978429,"9":0.2558005661,"10":0.2087667833,"11":0.1779129391,"12":0.1642508537,"13":0.1651148011,"14":0.1686057594,"15":0.159681471,"16":0.2858541815,"17":0.1313361551,"18":0.1431610889,"19":0.1793189656,"20":0.2996783584,"21":0.2320697005,"22":0.1608416475,"23":0.1550842593,"24":0.1816902452,"25":0.1483733101,"26":0.1074320123,"27":0.1490984857,"28":0.2008003054,"29":0.1587453807,"30":0.175305441,"31":0.1357581319,"32":0.1681501938,"33":0.2466872168,"34":0.1529755527,"35":0.2708169276,"36":0.1634984173,"37":0.2001081881,"38":0.1483573911,"39":0.13038222,"40":0.3145427891,"41":0.2061685815,"42":0.1487377392,"43":0.1333327246,"44":0.207977847,"45":0.1506439904,"46":0.1415966462},"val_acc":{"0":0.4154411852,"1":0.5992646813,"2":0.7591911554,"3":0.8051470518,"4":0.8731617928,"5":0.8474264741,"6":0.8382353187,"7":0.9319853187,"8":0.9466911554,"9":0.9209558964,"10":0.9393382072,"11":0.9503676295,"12":0.9540441036,"13":0.9503676295,"14":0.9595588446,"15":0.9503676295,"16":0.9264705777,"17":0.9613970518,"18":0.96875,"19":0.9558823705,"20":0.9319853187,"21":0.9466911554,"22":0.9632353187,"23":0.9669117928,"24":0.9595588446,"25":0.9577205777,"26":0.9669117928,"27":0.9650735259,"28":0.9522058964,"29":0.9632353187,"30":0.9595588446,"31":0.9650735259,"32":0.9650735259,"33":0.9448529482,"34":0.9669117928,"35":0.9430146813,"36":0.9632353187,"37":0.9577205777,"38":0.9632353187,"39":0.9632353187,"40":0.9448529482,"41":0.9540441036,"42":0.9632353187,"43":0.96875,"44":0.9540441036,"45":0.9650735259,"46":0.9650735259}}