{"loss":{"0":1.6367772919,"1":1.2034426662,"2":0.8625733191,"3":0.5677568368,"4":0.4065157873,"5":0.3280629921,"6":0.2699465498,"7":0.2263979082,"8":0.1964712053,"9":0.1699231652,"10":0.1638994057,"11":0.1304618752,"12":0.1503579028,"13":0.1156278967,"14":0.1109815198,"15":0.1035214973,"16":0.0848143659,"17":0.1023950759,"18":0.0870548464,"19":0.0800110589,"20":0.0757986717,"21":0.0704353814,"22":0.0749380296,"23":0.0603597533,"24":0.0666288893,"25":0.0525994031,"26":0.0541044347,"27":0.0627223663,"28":0.0529469005,"29":0.0701102625,"30":0.0478963238,"31":0.0547381866,"32":0.049789158,"33":0.0438056855,"34":0.0416358273,"35":0.0504203264,"36":0.0423841296,"37":0.0544491176,"38":0.0387738207,"39":0.0498134967,"40":0.0370581003,"41":0.0411202434,"42":0.0369496891,"43":0.0480637558,"44":0.0337065268,"45":0.0338896272,"46":0.0380145288,"47":0.0285974964,"48":0.043609505,"49":0.0305400459,"50":0.0321657899,"51":0.0316286195},"acc":{"0":0.3920074999,"1":0.5590567589,"2":0.6920909882,"3":0.8169866204,"4":0.8687395453,"5":0.8945116997,"6":0.9148581028,"7":0.9309265614,"8":0.9406301975,"9":0.9475166798,"10":0.9509599209,"11":0.9586811066,"12":0.9546118379,"13":0.9662979841,"14":0.9666110277,"15":0.9691151977,"16":0.9750626087,"17":0.9714106917,"18":0.9752712846,"19":0.9779841304,"20":0.9791318774,"21":0.9803839922,"22":0.9804883003,"23":0.983096838,"24":0.9792362452,"25":0.9841402173,"26":0.9859140515,"27":0.9818447232,"28":0.9848706126,"29":0.9798622727,"30":0.9852879643,"31":0.9846619368,"32":0.9857053161,"33":0.9865400791,"34":0.9868530631,"35":0.9866443872,"36":0.9877921343,"37":0.9858096838,"38":0.9899833202,"39":0.9866443872,"40":0.987896502,"41":0.9887312055,"42":0.9898789525,"43":0.9861227274,"44":0.9896702766,"45":0.9901919961,"46":0.9876878262,"47":0.9909223914,"48":0.989357233,"49":0.9910266995,"50":0.9917570949,"51":0.9894616008},"val_loss":{"0":1.1901544372,"1":1.0308551197,"2":0.6828551701,"3":0.6364459473,"4":0.4001139317,"5":0.2040448074,"6":0.315842434,"7":0.2339975821,"8":0.2669408305,"9":0.2126000267,"10":0.2340662865,"11":0.2624349339,"12":0.2339539967,"13":0.1903844543,"14":0.2756541152,"15":0.1886944886,"16":0.2173562383,"17":0.2705581268,"18":0.1869366632,"19":0.2031014171,"20":0.2055719114,"21":0.315294706,"22":0.2190245768,"23":0.3315438193,"24":0.2664259645,"25":0.1872921113,"26":0.2727896642,"27":0.1949477715,"28":0.2825777033,"29":0.2185002829,"30":0.1726511057,"31":0.1442135102,"32":0.1839338219,"33":0.2722605309,"34":0.2363997013,"35":0.1963981129,"36":0.270603842,"37":0.2843544127,"38":0.2760960408,"39":0.2259023932,"40":0.1777331466,"41":0.2191147501,"42":0.208988145,"43":0.1884010029,"44":0.196544465,"45":0.2649210186,"46":0.1635283768,"47":0.1777595122,"48":0.1657141681,"49":0.1890643502,"50":0.2211816123,"51":0.2372391843},"val_acc":{"0":0.5790441036,"1":0.6102941036,"2":0.7113970518,"3":0.8106617928,"4":0.8694853187,"5":0.9503676295,"6":0.9080882072,"7":0.9375,"8":0.9319853187,"9":0.9522058964,"10":0.9503676295,"11":0.9319853187,"12":0.9430146813,"13":0.9595588446,"14":0.9448529482,"15":0.9613970518,"16":0.9558823705,"17":0.9375,"18":0.9632353187,"19":0.9540441036,"20":0.9595588446,"21":0.9522058964,"22":0.9577205777,"23":0.9448529482,"24":0.9595588446,"25":0.96875,"26":0.9540441036,"27":0.96875,"28":0.9375,"29":0.9577205777,"30":0.9705882072,"31":0.96875,"32":0.96875,"33":0.9632353187,"34":0.9595588446,"35":0.9669117928,"36":0.9558823705,"37":0.9448529482,"38":0.9522058964,"39":0.9577205777,"40":0.9705882072,"41":0.96875,"42":0.9669117928,"43":0.9595588446,"44":0.9705882072,"45":0.9558823705,"46":0.9742646813,"47":0.9705882072,"48":0.9705882072,"49":0.9650735259,"50":0.9669117928,"51":0.9650735259}}