{"loss":{"0":1.4909073098,"1":0.7475177376,"2":0.4347271214,"3":0.3152083656,"4":0.253519296,"5":0.2203725422,"6":0.1947052578,"7":0.1573095557,"8":0.1618251513,"9":0.1462675485,"10":0.131562829,"11":0.1073716835,"12":0.1241795399,"13":0.1081749625,"14":0.1071574544,"15":0.0934263054,"16":0.080754249,"17":0.0921590496,"18":0.0759476224,"19":0.0803837166,"20":0.0699902621,"21":0.0692495094,"22":0.0714511401,"23":0.0579506848,"24":0.0746323957,"25":0.0619693173,"26":0.0676025011,"27":0.051302912,"28":0.053683,"29":0.0661493831,"30":0.0571928202,"31":0.0468099316,"32":0.0597331551,"33":0.0527099637,"34":0.0467377718,"35":0.0510219575,"36":0.0525033428,"37":0.0495504723,"38":0.0468535476,"39":0.0525922829,"40":0.0405384018,"41":0.0433779384,"42":0.0450238031,"43":0.036040084,"44":0.0401138046,"45":0.0481514947,"46":0.037868604,"47":0.0393607518,"48":0.0420725383,"49":0.0399664306,"50":0.0319328292,"51":0.0338574225,"52":0.0385102385,"53":0.0360384039,"54":0.0336610545,"55":0.0370312383,"56":0.0291427887,"57":0.0337123626,"58":0.0344484774,"59":0.0397950815,"60":0.0369664059},"acc":{"0":0.44474563,"1":0.7330066562,"2":0.8567556143,"3":0.8925145864,"4":0.9188907146,"5":0.9259799719,"6":0.9364053607,"7":0.9520433545,"8":0.9482902288,"9":0.9545454383,"10":0.9576730728,"11":0.9633027315,"12":0.9609048963,"13":0.9660133719,"14":0.9630942345,"15":0.9703919888,"16":0.9755004048,"17":0.9709132314,"18":0.9773769975,"19":0.9745621085,"20":0.977481246,"21":0.9787322879,"22":0.9786280394,"23":0.9813386202,"24":0.9773769975,"25":0.9795662761,"26":0.9795662761,"27":0.9835279584,"28":0.9825896621,"29":0.9794620275,"30":0.9830066562,"31":0.9847790003,"32":0.9818598628,"33":0.9839449525,"34":0.9843619466,"35":0.9837364554,"36":0.983840704,"37":0.9856129885,"38":0.9854044914,"39":0.9841534495,"40":0.9868640304,"41":0.9874895811,"42":0.9866555333,"43":0.98894912,"44":0.9869682789,"45":0.9858215451,"46":0.9879065752,"47":0.9874895811,"48":0.9875938296,"49":0.988740623,"50":0.9909299612,"51":0.9905129075,"52":0.9898874164,"53":0.9879065752,"54":0.9910342097,"55":0.9888448715,"56":0.9900959134,"57":0.9903044105,"58":0.9888448715,"59":0.9860300422,"60":0.9879065752},"val_loss":{"0":0.9596730013,"1":0.7787932631,"2":0.5852295687,"3":0.4658464176,"4":0.2859574255,"5":0.1740768038,"6":0.1594530561,"7":0.1509063799,"8":0.1542354016,"9":0.2476338883,"10":0.2917280334,"11":0.1640682897,"12":0.1467706149,"13":0.1996814186,"14":0.1263631749,"15":0.2511404598,"16":0.154779182,"17":0.1357468984,"18":0.1260438754,"19":0.1291272549,"20":0.1191185806,"21":0.1184215985,"22":0.1107159129,"23":0.1505777048,"24":0.1359887693,"25":0.1171244057,"26":0.1391716967,"27":0.1496562027,"28":0.1300363817,"29":0.1464967149,"30":0.1178564876,"31":0.1623587337,"32":0.1061690165,"33":0.1220657804,"34":0.1782315254,"35":0.1527096391,"36":0.1327999251,"37":0.2149179068,"38":0.131033152,"39":0.1172485062,"40":0.0693265709,"41":0.1540923541,"42":0.1359051846,"43":0.1290712438,"44":0.1073568216,"45":0.1496151015,"46":0.1050812341,"47":0.1025405371,"48":0.1149975273,"49":0.116817214,"50":0.1008038611,"51":0.1055936241,"52":0.1242033413,"53":0.1458271185,"54":0.0749483173,"55":0.1297151045,"56":0.1261967897,"57":0.1420426862,"58":0.1151853928,"59":0.1458175917,"60":0.0832010868},"val_acc":{"0":0.6268382072,"1":0.7408088446,"2":0.7922794223,"3":0.8658088446,"4":0.9172794223,"5":0.9411764741,"6":0.9448529482,"7":0.9595588446,"8":0.9485294223,"9":0.9393382072,"10":0.9338235259,"11":0.9522058964,"12":0.9595588446,"13":0.9411764741,"14":0.9705882072,"15":0.9227941036,"16":0.9632353187,"17":0.9669117928,"18":0.9650735259,"19":0.9650735259,"20":0.9669117928,"21":0.9669117928,"22":0.96875,"23":0.9632353187,"24":0.9724264741,"25":0.9632353187,"26":0.9650735259,"27":0.9632353187,"28":0.9613970518,"29":0.9632353187,"30":0.9724264741,"31":0.9613970518,"32":0.9705882072,"33":0.9705882072,"34":0.9577205777,"35":0.9613970518,"36":0.96875,"37":0.9466911554,"38":0.9669117928,"39":0.9632353187,"40":0.9834558964,"41":0.9705882072,"42":0.9705882072,"43":0.9669117928,"44":0.96875,"45":0.9650735259,"46":0.9669117928,"47":0.96875,"48":0.9761029482,"49":0.9761029482,"50":0.9761029482,"51":0.9742646813,"52":0.9724264741,"53":0.9669117928,"54":0.9834558964,"55":0.9779411554,"56":0.9761029482,"57":0.9779411554,"58":0.9724264741,"59":0.9779411554,"60":0.9742646813}}