{"loss":{"0":1.6378053026,"1":1.0607644931,"2":0.7063429005,"3":0.5007844449,"4":0.3734886764,"5":0.3079217938,"6":0.2456821489,"7":0.2122486215,"8":0.1792486352,"9":0.1616183782,"10":0.1360007831,"11":0.1437052713,"12":0.113919733,"13":0.1084145529,"14":0.0996065323,"15":0.0972298638,"16":0.0952452668,"17":0.0840781603,"18":0.0747630372,"19":0.0779897631,"20":0.0770586242,"21":0.0690851796,"22":0.0600582712,"23":0.0576686838,"24":0.0656714803,"25":0.0584301024,"26":0.0544678004,"27":0.0582234345,"28":0.0579845076,"29":0.0521242102,"30":0.0378191539,"31":0.0499293105,"32":0.046446134,"33":0.0440363213,"34":0.0461180785,"35":0.045900914,"36":0.0513446595,"37":0.0433884656,"38":0.036175241,"39":0.0455590129,"40":0.0362241391,"41":0.0413548028,"42":0.0417223482,"43":0.0314313388,"44":0.0350424726,"45":0.0340912467,"46":0.0379509097,"47":0.0372763885,"48":0.0302322389,"49":0.035133985,"50":0.0292433797,"51":0.0315597741,"52":0.0316110982,"53":0.0310435913,"54":0.0194734373,"55":0.036577218,"56":0.0346185647,"57":0.0345050928,"58":0.0248610819,"59":0.0292048079,"60":0.033254057,"61":0.0223367257,"62":0.0198233232,"63":0.0327341587,"64":0.0191737069,"65":0.0390461939,"66":0.0242218506,"67":0.0310537879,"68":0.0341793673,"69":0.0352034476,"70":0.0211005771,"71":0.0311579719,"72":0.0269072922,"73":0.0184925304,"74":0.0290219448,"75":0.0230679038,"76":0.0278413646,"77":0.0261112536},"acc":{"0":0.3916805685,"1":0.6170767546,"2":0.7555254102,"3":0.8344453573,"4":0.8791701198,"5":0.9062760472,"6":0.9227481484,"7":0.9370308518,"8":0.9477689862,"9":0.9517306089,"10":0.9590283632,"11":0.9574645758,"12":0.9665346146,"13":0.9693494439,"14":0.9698707461,"15":0.9701834917,"16":0.9724770784,"17":0.9745621085,"18":0.9767514467,"19":0.9783152342,"20":0.9772727489,"21":0.9797748327,"22":0.9831109047,"23":0.9825896621,"24":0.9815471172,"25":0.9836322069,"26":0.9843619466,"27":0.9833194613,"28":0.9824854136,"29":0.9850917459,"30":0.9883236289,"31":0.9869682789,"32":0.9881150723,"33":0.9859257936,"34":0.9871768355,"35":0.9869682789,"36":0.9845705032,"37":0.9876980782,"38":0.9880108237,"39":0.9884278774,"40":0.9890533686,"41":0.9886363745,"42":0.9885321259,"43":0.9910342097,"44":0.9894703627,"45":0.9909299612,"46":0.990617156,"47":0.9893661141,"48":0.9908257127,"49":0.990408659,"50":0.9905129075,"51":0.9914512038,"52":0.9916597009,"53":0.9915554523,"54":0.9944745898,"55":0.9900959134,"56":0.9905129075,"57":0.990617156,"58":0.9933277965,"59":0.9912427068,"60":0.9902001619,"61":0.9939532876,"62":0.9938490391,"63":0.990408659,"64":0.9944745898,"65":0.9903044105,"66":0.9931192398,"67":0.9923895001,"68":0.9920767546,"69":0.9909299612,"70":0.9941617846,"71":0.9923895001,"72":0.9928064942,"73":0.9947873354,"74":0.9927022457,"75":0.9930149913,"76":0.9925979972,"77":0.9928064942},"val_loss":{"0":0.8977991321,"1":0.8851803771,"2":0.6506811245,"3":0.2548771521,"4":0.6863235494,"5":0.328573173,"6":0.2093836167,"7":0.1855525185,"8":0.2096484874,"9":0.2434102714,"10":0.1335125775,"11":0.1317359947,"12":0.1122397458,"13":0.1263155223,"14":0.172822244,"15":0.1116407272,"16":0.1307279624,"17":0.1519409777,"18":0.1204092715,"19":0.1025034158,"20":0.1281176722,"21":0.1196102104,"22":0.0977015464,"23":0.1860656682,"24":0.1365985496,"25":0.138697736,"26":0.1455074726,"27":0.1493744131,"28":0.1326617214,"29":0.1124100402,"30":0.106189652,"31":0.1014971156,"32":0.1268622217,"33":0.1381478266,"34":0.1187390717,"35":0.1035322301,"36":0.1270214168,"37":0.1077555606,"38":0.0935058272,"39":0.1762190406,"40":0.1114955376,"41":0.1159924243,"42":0.0919842589,"43":0.0932462946,"44":0.1046899609,"45":0.0900887016,"46":0.1415718773,"47":0.106797424,"48":0.1282372846,"49":0.1144185622,"50":0.0752309047,"51":0.0778889574,"52":0.1003050885,"53":0.0697413174,"54":0.1267761004,"55":0.102691367,"56":0.115092051,"57":0.062287734,"58":0.1236594562,"59":0.1090208533,"60":0.1007535602,"61":0.1096107845,"62":0.1171602183,"63":0.1147303219,"64":0.1027083747,"65":0.1257324779,"66":0.0853975878,"67":0.0690136656,"68":0.0747234799,"69":0.0642613021,"70":0.0936593829,"71":0.0855082016,"72":0.0739904684,"73":0.1821731387,"74":0.1021116342,"75":0.0692371507,"76":0.07461406,"77":0.1214974819},"val_acc":{"0":0.6268382072,"1":0.6856617928,"2":0.7886029482,"3":0.9209558964,"4":0.8161764741,"5":0.8952205777,"6":0.9393382072,"7":0.9430146813,"8":0.9503676295,"9":0.9319853187,"10":0.9595588446,"11":0.9613970518,"12":0.9705882072,"13":0.9577205777,"14":0.9595588446,"15":0.9669117928,"16":0.9613970518,"17":0.9595588446,"18":0.9669117928,"19":0.9705882072,"20":0.9669117928,"21":0.9650735259,"22":0.9724264741,"23":0.9577205777,"24":0.9669117928,"25":0.9742646813,"26":0.9761029482,"27":0.96875,"28":0.9632353187,"29":0.9705882072,"30":0.9669117928,"31":0.9761029482,"32":0.9705882072,"33":0.9595588446,"34":0.9742646813,"35":0.9742646813,"36":0.9705882072,"37":0.9669117928,"38":0.9797794223,"39":0.9595588446,"40":0.9742646813,"41":0.9742646813,"42":0.9779411554,"43":0.9724264741,"44":0.9724264741,"45":0.9742646813,"46":0.9761029482,"47":0.9816176295,"48":0.9724264741,"49":0.96875,"50":0.9816176295,"51":0.9761029482,"52":0.9705882072,"53":0.9761029482,"54":0.9724264741,"55":0.9779411554,"56":0.9724264741,"57":0.9816176295,"58":0.9761029482,"59":0.9742646813,"60":0.9779411554,"61":0.9742646813,"62":0.9705882072,"63":0.9724264741,"64":0.9724264741,"65":0.9742646813,"66":0.9779411554,"67":0.9834558964,"68":0.9797794223,"69":0.9797794223,"70":0.9761029482,"71":0.9816176295,"72":0.9742646813,"73":0.9650735259,"74":0.9742646813,"75":0.9797794223,"76":0.9797794223,"77":0.9742646813}}