{"loss":{"0":1.6970255355,"1":1.2553174893,"2":0.8254771406,"3":0.5551065403,"4":0.4103591078,"5":0.3104208141,"6":0.2605389073,"7":0.2405759219,"8":0.1919419828,"9":0.1645154442,"10":0.1471990708,"11":0.1252355823,"12":0.1325831616,"13":0.1175951333,"14":0.1107239641,"15":0.1017588416,"16":0.0869322524,"17":0.0870177708,"18":0.0781405232,"19":0.0836008763,"20":0.0768043312,"21":0.0697667305,"22":0.0686377347,"23":0.0658592852,"24":0.07653788,"25":0.0608599473,"26":0.0627936046,"27":0.0583287129,"28":0.0514769137,"29":0.0623075914,"30":0.0446160018,"31":0.0539955048,"32":0.0449297414,"33":0.0435443843,"34":0.0534310548,"35":0.0384570488,"36":0.0401122975,"37":0.0440250397},"acc":{"0":0.3624895811,"1":0.532110095,"2":0.70027107,"3":0.8131776452,"4":0.8663469553,"5":0.9013761282,"6":0.9186822176,"7":0.9250416756,"8":0.9420350194,"9":0.9491242766,"10":0.9532943964,"11":0.9629899859,"12":0.9629899859,"13":0.966430366,"14":0.9644495249,"15":0.9697664976,"16":0.9728940725,"17":0.9760217071,"18":0.9763344526,"19":0.977481246,"20":0.9789407849,"21":0.9790450335,"22":0.9814428687,"23":0.9798790812,"24":0.9787322879,"25":0.982381165,"26":0.982381165,"27":0.9827981591,"28":0.9845705032,"29":0.984049201,"30":0.9874895811,"31":0.9853002429,"32":0.9871768355,"33":0.9866555333,"34":0.9842576981,"35":0.9878023267,"36":0.988740623,"37":0.9884278774},"val_loss":{"0":2.0177154979,"1":1.1037148697,"2":0.8750408759,"3":0.3171551735,"4":0.3949407297,"5":0.2151271454,"6":0.2023775701,"7":0.1412918332,"8":0.2380235418,"9":0.1260158699,"10":0.2075916473,"11":0.1316002339,"12":0.1828160903,"13":0.167438664,"14":0.1251005665,"15":0.1075040222,"16":0.1175095692,"17":0.0830162101,"18":0.1105501325,"19":0.1468601164,"20":0.3130437247,"21":0.1185587565,"22":0.1365419582,"23":0.143137474,"24":0.109358033,"25":0.1389350444,"26":0.1177370433,"27":0.1507095046,"28":0.1098147126,"29":0.0975833916,"30":0.1080206362,"31":0.0974469681,"32":0.1381100537,"33":0.1334908479,"34":0.124235749,"35":0.1057909656,"36":0.2265437343,"37":0.1362377426},"val_acc":{"0":0.3639705777,"1":0.625,"2":0.6709558964,"3":0.8970588446,"4":0.8639705777,"5":0.9356617928,"6":0.9375,"7":0.9503676295,"8":0.9283088446,"9":0.9558823705,"10":0.9356617928,"11":0.9613970518,"12":0.9540441036,"13":0.9613970518,"14":0.9742646813,"15":0.9650735259,"16":0.9632353187,"17":0.9779411554,"18":0.9742646813,"19":0.96875,"20":0.9136029482,"21":0.9834558964,"22":0.9650735259,"23":0.9669117928,"24":0.9724264741,"25":0.96875,"26":0.9669117928,"27":0.9705882072,"28":0.9779411554,"29":0.9761029482,"30":0.9779411554,"31":0.9761029482,"32":0.9742646813,"33":0.9779411554,"34":0.9779411554,"35":0.9779411554,"36":0.9522058964,"37":0.9779411554}}