{"loss":{"0":1.6098115969,"1":1.0290580276,"2":0.6645310875,"3":0.4787431926,"4":0.3712910208,"5":0.2979008996,"6":0.2463370564,"7":0.2169179304,"8":0.1744287036,"9":0.1578391925,"10":0.1393614168,"11":0.12702521,"12":0.1068374655,"13":0.1010980121,"14":0.100159062,"15":0.0754210297,"16":0.0995705315,"17":0.0702831328,"18":0.0701686964,"19":0.0802850138,"20":0.0655535879,"21":0.0628208002,"22":0.0614015052,"23":0.0647053683,"24":0.0543776244,"25":0.060678787,"26":0.0581078188,"27":0.0530390242,"28":0.0568237866,"29":0.0402764054,"30":0.0462971333,"31":0.0458498791,"32":0.0500341097,"33":0.044195814,"34":0.0485963835,"35":0.0389439535,"36":0.0405154823,"37":0.0463452437,"38":0.0393275802,"39":0.0423828988,"40":0.0385927903,"41":0.0392397052,"42":0.0400803162,"43":0.0435913559,"44":0.0316238187,"45":0.0313321049,"46":0.0292074192,"47":0.0325688349,"48":0.0324311817,"49":0.0368183628,"50":0.0283851263,"51":0.0239599117,"52":0.0340619119,"53":0.0317811415,"54":0.0332606529,"55":0.0320794061,"56":0.0255292063,"57":0.0332776332,"58":0.0304775566,"59":0.0304366504},"acc":{"0":0.3975375593,"1":0.6255217195,"2":0.7732679248,"3":0.8425500989,"4":0.8803213835,"5":0.9070325494,"6":0.9245617986,"7":0.9353088737,"8":0.9491861463,"9":0.9497078657,"10":0.9583681226,"11":0.9631677866,"12":0.9689065218,"13":0.9707846642,"14":0.9694282413,"15":0.9764190316,"16":0.9721410871,"17":0.9793405533,"18":0.9775667787,"19":0.9771494269,"20":0.9802796245,"21":0.9816360474,"22":0.9827837944,"23":0.9816360474,"24":0.9856010079,"25":0.9826794863,"26":0.9844532609,"27":0.984244585,"28":0.9840359092,"29":0.9884182215,"30":0.9868530631,"31":0.9862270355,"32":0.9869574308,"33":0.9891485572,"34":0.9859140515,"35":0.9890442491,"36":0.9906093478,"37":0.9881051779,"38":0.9896702766,"39":0.9871661067,"40":0.9896702766,"41":0.9890442491,"42":0.9884182215,"43":0.9885225296,"44":0.9912353754,"45":0.9913397431,"46":0.9922788143,"47":0.9913397431,"48":0.9921744466,"49":0.9902963042,"50":0.9929048419,"51":0.9928004742,"52":0.9910266995,"53":0.9917570949,"54":0.9905049801,"55":0.9909223914,"56":0.9916527271,"57":0.9911310673,"58":0.9913397431,"59":0.9917570949},"val_loss":{"0":1.0340199926,"1":0.6386376852,"2":0.644377546,"3":0.4023358946,"4":0.3239424311,"5":0.4066953312,"6":0.2310568564,"7":0.2333765572,"8":0.3495586662,"9":0.2307459354,"10":0.2412327824,"11":0.2260941411,"12":0.1895541753,"13":0.252990136,"14":0.2568396911,"15":0.1548813696,"16":0.1527505063,"17":0.2216548953,"18":0.1371399778,"19":0.1629803088,"20":0.1865421173,"21":0.1775493346,"22":0.1436885539,"23":0.2526327621,"24":0.1679197937,"25":0.2021954062,"26":0.1496738374,"27":0.1699465844,"28":0.2369148912,"29":0.2176920998,"30":0.1816192507,"31":0.2572342905,"32":0.1621251955,"33":0.1224973461,"34":0.1167846269,"35":0.1175605835,"36":0.1535948836,"37":0.1579483567,"38":0.2476236287,"39":0.1118435058,"40":0.1394713603,"41":0.1729001156,"42":0.1639691337,"43":0.1937321374,"44":0.1567366095,"45":0.1791325745,"46":0.1574717533,"47":0.1527684111,"48":0.1874838623,"49":0.153381358,"50":0.169515265,"51":0.1512680633,"52":0.1494433579,"53":0.2068665826,"54":0.1775033397,"55":0.1713985338,"56":0.1875219978,"57":0.227029075,"58":0.1445357212,"59":0.2100727777},"val_acc":{"0":0.6158088446,"1":0.7996323705,"2":0.8125,"3":0.8658088446,"4":0.9007353187,"5":0.8952205777,"6":0.9393382072,"7":0.9393382072,"8":0.8933823705,"9":0.9485294223,"10":0.9411764741,"11":0.9430146813,"12":0.9393382072,"13":0.9393382072,"14":0.9466911554,"15":0.9577205777,"16":0.96875,"17":0.9522058964,"18":0.96875,"19":0.9613970518,"20":0.9613970518,"21":0.9650735259,"22":0.9669117928,"23":0.9577205777,"24":0.9595588446,"25":0.9632353187,"26":0.9613970518,"27":0.9724264741,"28":0.9558823705,"29":0.9577205777,"30":0.9613970518,"31":0.9411764741,"32":0.9650735259,"33":0.9705882072,"34":0.9705882072,"35":0.96875,"36":0.9669117928,"37":0.9632353187,"38":0.9613970518,"39":0.9705882072,"40":0.9742646813,"41":0.9705882072,"42":0.9577205777,"43":0.9595588446,"44":0.9669117928,"45":0.96875,"46":0.9669117928,"47":0.9669117928,"48":0.96875,"49":0.9742646813,"50":0.9724264741,"51":0.9724264741,"52":0.9632353187,"53":0.9669117928,"54":0.9705882072,"55":0.9705882072,"56":0.96875,"57":0.9705882072,"58":0.9705882072,"59":0.9650735259}}