{"loss":{"0":1.5629547652,"1":0.9168286598,"2":0.5346405047,"3":0.3638601261,"4":0.2820050106,"5":0.2474764385,"6":0.2124863633,"7":0.1894226188,"8":0.1566227671,"9":0.1483509397,"10":0.1427381746,"11":0.1243106606,"12":0.1256031207,"13":0.1107293851,"14":0.1092258938,"15":0.0944310971,"16":0.0990048402,"17":0.0958899876,"18":0.0973956659,"19":0.0740876685,"20":0.0819474343,"21":0.068628468,"22":0.0670671991,"23":0.0698307956,"24":0.0662401468,"25":0.0672494789,"26":0.0684387672,"27":0.0571579762,"28":0.0600883282,"29":0.0650163408,"30":0.0619772721,"31":0.0646752932,"32":0.0497486788,"33":0.0550508804,"34":0.0560457757,"35":0.0586525883,"36":0.0444865313,"37":0.0408232875,"38":0.0500913276},"acc":{"0":0.4100292027,"1":0.6680567265,"2":0.8179733157,"3":0.8806297183,"4":0.9081526399,"5":0.920037508,"6":0.9321309328,"7":0.93922019,"8":0.9493327737,"9":0.9528774023,"10":0.9555879831,"11":0.9603836536,"12":0.9587156177,"13":0.9649708271,"14":0.9667431116,"15":0.9719557762,"16":0.9697664976,"17":0.9694536924,"18":0.9704962373,"19":0.9771685004,"20":0.9758131504,"21":0.9818598628,"22":0.9788365364,"23":0.9805045724,"24":0.9770641923,"25":0.9794620275,"26":0.9799833298,"27":0.9826939106,"28":0.9816513658,"29":0.9801918268,"30":0.9813386202,"31":0.9808173776,"32":0.9856129885,"33":0.9835279584,"34":0.9817556143,"35":0.9818598628,"36":0.9849874973,"37":0.9869682789,"38":0.9842576981},"val_loss":{"0":0.9185300794,"1":0.554872022,"2":0.483847529,"3":0.4669725138,"4":0.3106363679,"5":0.1608012647,"6":0.1714928726,"7":0.1199847318,"8":0.1271331481,"9":0.1291341871,"10":0.1551007207,"11":0.1697447848,"12":0.1500786336,"13":0.1497203719,"14":0.1106527051,"15":0.1162676913,"16":0.1657086937,"17":0.1407783828,"18":0.1011379823,"19":0.3169910118,"20":0.1964379712,"21":0.1788872187,"22":0.1293187091,"23":0.137486794,"24":0.1538933875,"25":0.1717966365,"26":0.1353817065,"27":0.1587064301,"28":0.1200363298,"29":0.1349246472,"30":0.1774835726,"31":0.1390855581,"32":0.1215929321,"33":0.1400194442,"34":0.1190810146,"35":0.1274629935,"36":0.1843907753,"37":0.1401709034,"38":0.1587496332},"val_acc":{"0":0.6507353187,"1":0.7922794223,"2":0.8216911554,"3":0.8290441036,"4":0.9007353187,"5":0.9466911554,"6":0.9448529482,"7":0.9613970518,"8":0.9540441036,"9":0.9632353187,"10":0.9540441036,"11":0.9540441036,"12":0.9650735259,"13":0.9558823705,"14":0.9705882072,"15":0.9724264741,"16":0.9522058964,"17":0.9632353187,"18":0.9650735259,"19":0.9209558964,"20":0.9577205777,"21":0.9558823705,"22":0.9742646813,"23":0.96875,"24":0.9632353187,"25":0.9632353187,"26":0.9650735259,"27":0.96875,"28":0.9742646813,"29":0.9724264741,"30":0.96875,"31":0.9705882072,"32":0.9724264741,"33":0.96875,"34":0.9669117928,"35":0.9724264741,"36":0.9650735259,"37":0.96875,"38":0.96875}}