{"loss":{"0":1.7528463831,"1":1.3288649481,"2":0.9698130133,"3":0.6970152714,"4":0.5415487437,"5":0.4520340839,"6":0.3734479236,"7":0.3249715865,"8":0.2847946076,"9":0.2615826711,"10":0.2336037917,"11":0.2196061456,"12":0.1965811046,"13":0.1983937318,"14":0.166224863,"15":0.1705790466,"16":0.1610125332,"17":0.1464574801,"18":0.1430477018,"19":0.13852937,"20":0.1294440943,"21":0.1303981654,"22":0.1152743359,"23":0.116154011,"24":0.1110743391,"25":0.1020265962,"26":0.1032938268,"27":0.0995337156,"28":0.0912743103,"29":0.0969806743,"30":0.0922109117,"31":0.090790907,"32":0.0879360658,"33":0.0850298937,"34":0.0835598884,"35":0.0817511243,"36":0.0786181906,"37":0.0774930497,"38":0.0836616787,"39":0.0761798045,"40":0.0794247314,"41":0.0740684982,"42":0.0787405692,"43":0.0772922598,"44":0.0623029719,"45":0.0781258389,"46":0.0593762857,"47":0.0748643011,"48":0.0546058945,"49":0.0769832676},"acc":{"0":0.3320475519,"1":0.4965596199,"2":0.6479358077,"3":0.7627189159,"4":0.8201626539,"5":0.8579024076,"6":0.8829232454,"7":0.8972060084,"8":0.9123227596,"9":0.9227481484,"10":0.9276480675,"11":0.9329649806,"12":0.9441201091,"13":0.93922019,"14":0.9506880641,"15":0.9506880641,"16":0.9514178634,"17":0.9575688243,"18":0.9573603272,"19":0.9617389441,"20":0.963198483,"21":0.9614261985,"22":0.9642410278,"23":0.9671601057,"24":0.9668473601,"25":0.9698707461,"26":0.9665346146,"27":0.9717472792,"28":0.9733110666,"29":0.9729983211,"30":0.9721643329,"31":0.9753961563,"32":0.97445786,"33":0.9758131504,"34":0.9773769975,"35":0.977689743,"36":0.9773769975,"37":0.977689743,"38":0.9751876593,"39":0.9775854945,"40":0.9773769975,"41":0.9778982401,"42":0.9778982401,"43":0.9792535305,"44":0.9824854136,"45":0.9777939916,"46":0.9829024076,"47":0.9797748327,"48":0.9835279584,"49":0.9786280394},"val_loss":{"0":1.6881950664,"1":0.7426355882,"2":0.7911981982,"3":0.8783549177,"4":0.3184853523,"5":0.2879707582,"6":0.2261813135,"7":0.3604145357,"8":0.1946523838,"9":0.1747771401,"10":0.1655715398,"11":0.1605697479,"12":0.1268456045,"13":0.1539442417,"14":0.1714514875,"15":0.1316762712,"16":0.1095125652,"17":0.1167566351,"18":0.1517890097,"19":0.120332216,"20":0.1174270173,"21":0.1658045403,"22":0.180597006,"23":0.1474119431,"24":0.1520615774,"25":0.1012678982,"26":0.1167968654,"27":0.5418356878,"28":0.1072604432,"29":0.0839965111,"30":0.1285930183,"31":0.1115163866,"32":0.1244308859,"33":0.1609347228,"34":0.1031716434,"35":0.1339702247,"36":0.1479945368,"37":0.1393004053,"38":0.1401190345,"39":0.1364952085,"40":0.1405435947,"41":0.1693393962,"42":0.1299471366,"43":0.135638862,"44":0.1457733558,"45":0.0968556544,"46":0.1636691862,"47":0.1167571772,"48":0.1490144134,"49":0.1158451043},"val_acc":{"0":0.3363970518,"1":0.71875,"2":0.6525735259,"3":0.7132353187,"4":0.8988970518,"5":0.9044117928,"6":0.9246323705,"7":0.8897058964,"8":0.9411764741,"9":0.9448529482,"10":0.9448529482,"11":0.9522058964,"12":0.9613970518,"13":0.9522058964,"14":0.9558823705,"15":0.9595588446,"16":0.9669117928,"17":0.9595588446,"18":0.9632353187,"19":0.9724264741,"20":0.9669117928,"21":0.9540441036,"22":0.9503676295,"23":0.9650735259,"24":0.9558823705,"25":0.96875,"26":0.9613970518,"27":0.8400735259,"28":0.9669117928,"29":0.9742646813,"30":0.9705882072,"31":0.9669117928,"32":0.9705882072,"33":0.9595588446,"34":0.9613970518,"35":0.9669117928,"36":0.9669117928,"37":0.9724264741,"38":0.9613970518,"39":0.9669117928,"40":0.9632353187,"41":0.9540441036,"42":0.96875,"43":0.96875,"44":0.9595588446,"45":0.96875,"46":0.9705882072,"47":0.9724264741,"48":0.9613970518,"49":0.9669117928}}