{"loss":{"0":1.504097495,"1":0.9025629402,"2":0.4952660358,"3":0.3415233588,"4":0.2732131483,"5":0.2364420326,"6":0.1991289437,"7":0.1840875809,"8":0.1592560431,"9":0.1421468488,"10":0.1301243337,"11":0.1255589671,"12":0.1145058183,"13":0.1109654561,"14":0.0978641789,"15":0.0931077483,"16":0.0891253146,"17":0.0826220358,"18":0.1045981899,"19":0.0798964586,"20":0.0784547009,"21":0.0711045685,"22":0.0715379396,"23":0.0678357062,"24":0.0672778888,"25":0.0624411129,"26":0.0697484245,"27":0.0645593617,"28":0.0643485073,"29":0.0622652973,"30":0.0583617332,"31":0.0564916043,"32":0.0590864714,"33":0.0527637595,"34":0.0515225699,"35":0.0542523583,"36":0.0514686545,"37":0.0419774778,"38":0.0463250003,"39":0.0447272361,"40":0.053071751,"41":0.0505683969,"42":0.0441647377,"43":0.049380714,"44":0.0466424501},"acc":{"0":0.433486253,"1":0.669829011,"2":0.8296496868,"3":0.8839657903,"4":0.9100291729,"5":0.9209758043,"6":0.9336947203,"7":0.9403669834,"8":0.9466221929,"9":0.955170989,"10":0.9579858184,"11":0.96340698,"12":0.9640325308,"13":0.9653878212,"14":0.9671601057,"15":0.9700792432,"16":0.971121788,"17":0.9720600247,"18":0.9674729109,"19":0.9767514467,"20":0.9743536115,"21":0.9773769975,"22":0.9770641923,"23":0.9783152342,"24":0.9802960753,"25":0.9797748327,"26":0.9781067371,"27":0.9789407849,"28":0.9788365364,"29":0.9809216261,"30":0.9824854136,"31":0.982381165,"32":0.9817556143,"33":0.9830066562,"34":0.9846747518,"35":0.9847790003,"36":0.9854044914,"37":0.9869682789,"38":0.9848832488,"39":0.985717237,"40":0.9837364554,"41":0.985717237,"42":0.985717237,"43":0.9848832488,"44":0.9859257936},"val_loss":{"0":1.1869582823,"1":0.7839351112,"2":0.2939835648,"3":0.2625917947,"4":0.4581243768,"5":0.2246823458,"6":0.1810808368,"7":0.1825792282,"8":0.1448399945,"9":0.1776558293,"10":0.1933265937,"11":0.1327633751,"12":0.2137279351,"13":0.1649660697,"14":0.1371659208,"15":0.1350886452,"16":0.127581602,"17":0.1302702922,"18":0.2041510882,"19":0.1201044556,"20":0.2040862912,"21":0.1524880401,"22":0.0982075477,"23":0.1155690253,"24":0.087391682,"25":0.1586573565,"26":0.1314905329,"27":0.1815967048,"28":0.0958510511,"29":0.1457626162,"30":0.1391292526,"31":0.0948282606,"32":0.1151538253,"33":0.1166149905,"34":0.1315948489,"35":0.1425792353,"36":0.1077602137,"37":0.1010957027,"38":0.1036867987,"39":0.1167175062,"40":0.1560167893,"41":0.1237460414,"42":0.1534483717,"43":0.1156750833,"44":0.127112946},"val_acc":{"0":0.6066176295,"1":0.6819853187,"2":0.9117646813,"3":0.9099264741,"4":0.8529411554,"5":0.9301470518,"6":0.9466911554,"7":0.9375,"8":0.9632353187,"9":0.9522058964,"10":0.9448529482,"11":0.9650735259,"12":0.9466911554,"13":0.9522058964,"14":0.96875,"15":0.9613970518,"16":0.9595588446,"17":0.9724264741,"18":0.9522058964,"19":0.96875,"20":0.9466911554,"21":0.9632353187,"22":0.9742646813,"23":0.9705882072,"24":0.9816176295,"25":0.9650735259,"26":0.9705882072,"27":0.9595588446,"28":0.9761029482,"29":0.9705882072,"30":0.96875,"31":0.9779411554,"32":0.9834558964,"33":0.9742646813,"34":0.9742646813,"35":0.9724264741,"36":0.9834558964,"37":0.9797794223,"38":0.9816176295,"39":0.9797794223,"40":0.9742646813,"41":0.9779411554,"42":0.96875,"43":0.9779411554,"44":0.9761029482}}