{"loss":{"0":1.4807112219,"1":0.9153842666,"2":0.5142502512,"3":0.3640659015,"4":0.2943490291,"5":0.2483571663,"6":0.2212767408,"7":0.2019469783,"8":0.1748800823,"9":0.1577405801,"10":0.149959639,"11":0.1375002026,"12":0.1227371536,"13":0.1235565538,"14":0.1099193769,"15":0.1072865125,"16":0.1138837718,"17":0.090734451,"18":0.0977482324,"19":0.0977894484,"20":0.0857343668,"21":0.0812226706,"22":0.0752811167,"23":0.0849932506,"24":0.0590913452,"25":0.0853931452,"26":0.0685769036,"27":0.0649604823,"28":0.0646515863,"29":0.0682625306,"30":0.0633040443,"31":0.054284367,"32":0.0663398731,"33":0.0605471593,"34":0.0609440806,"35":0.0520760124,"36":0.0584737602,"37":0.0517773204,"38":0.0552894368,"39":0.0540058212,"40":0.0497320297,"41":0.0564262441,"42":0.0480852192,"43":0.0513406292,"44":0.0536334459,"45":0.0452783075,"46":0.042167791,"47":0.0559868688,"48":0.0438063954,"49":0.0461793834,"50":0.0522844934,"51":0.0424815238,"52":0.0378019781,"53":0.0399376722,"54":0.0381802003,"55":0.038132523,"56":0.0387116322},"acc":{"0":0.4434474111,"1":0.6702837944,"2":0.8227253556,"3":0.8796952963,"4":0.9049457312,"5":0.9178839922,"6":0.9284223914,"7":0.9359349012,"8":0.9457429051,"9":0.9499165416,"10":0.954090178,"11":0.9575333595,"12":0.9605592489,"13":0.9607679248,"14":0.9643155336,"15":0.967341423,"16":0.9638981819,"17":0.9703672528,"18":0.9693238735,"19":0.9703672528,"20":0.9718280435,"21":0.9755843282,"22":0.9775667787,"23":0.9720367193,"24":0.9821577668,"25":0.9740191698,"26":0.978610158,"27":0.9812186956,"28":0.9789232016,"29":0.9785058498,"30":0.9805926681,"31":0.9822620749,"32":0.9798622727,"33":0.9800709486,"34":0.9816360474,"35":0.9836185575,"36":0.9813230634,"37":0.9827837944,"38":0.9828881621,"39":0.984557569,"40":0.9852879643,"41":0.9824708104,"42":0.9841402173,"43":0.9848706126,"44":0.9823664427,"45":0.9856010079,"46":0.987896502,"47":0.9821577668,"48":0.9869574308,"49":0.9869574308,"50":0.984244585,"51":0.9873747826,"52":0.9884182215,"53":0.9864357114,"54":0.9871661067,"55":0.9870617986,"56":0.9869574308},"val_loss":{"0":1.1480882659,"1":0.5984701425,"2":0.2974841063,"3":0.2884263431,"4":0.2144334979,"5":0.2164212308,"6":0.1332327625,"7":0.1361027427,"8":0.1202851298,"9":0.1765769979,"10":0.1546428551,"11":0.0891981624,"12":0.0997959993,"13":0.175464047,"14":0.1848088784,"15":0.0912515036,"16":0.0720704392,"17":0.0866345389,"18":0.10499351,"19":0.0878321031,"20":0.0923357641,"21":0.0562521152,"22":0.0801077658,"23":0.0703369762,"24":0.111096086,"25":0.0763943545,"26":0.0985281341,"27":0.0952754479,"28":0.0866846896,"29":0.1118967101,"30":0.0916532877,"31":0.0874599511,"32":0.0633230665,"33":0.0993364655,"34":0.0831156531,"35":0.0664314031,"36":0.0550368419,"37":0.0827423668,"38":0.0943568146,"39":0.0950816324,"40":0.0967009016,"41":0.0895193202,"42":0.1036717282,"43":0.0947037094,"44":0.1511578076,"45":0.082487541,"46":0.0887901491,"47":0.0925301697,"48":0.0744277395,"49":0.0733753297,"50":0.0851582579,"51":0.0704532924,"52":0.0787065573,"53":0.1115756439,"54":0.0772710911,"55":0.084877381,"56":0.0743723354},"val_acc":{"0":0.5367646813,"1":0.78125,"2":0.8915441036,"3":0.9007353187,"4":0.9283088446,"5":0.9246323705,"6":0.9540441036,"7":0.9540441036,"8":0.9595588446,"9":0.9503676295,"10":0.9577205777,"11":0.9742646813,"12":0.9761029482,"13":0.9430146813,"14":0.9466911554,"15":0.9761029482,"16":0.9797794223,"17":0.9761029482,"18":0.9705882072,"19":0.9705882072,"20":0.9742646813,"21":0.9834558964,"22":0.9816176295,"23":0.9834558964,"24":0.9742646813,"25":0.9797794223,"26":0.96875,"27":0.9724264741,"28":0.9797794223,"29":0.96875,"30":0.9742646813,"31":0.9797794223,"32":0.9816176295,"33":0.9761029482,"34":0.9797794223,"35":0.9871323705,"36":0.9852941036,"37":0.9779411554,"38":0.9816176295,"39":0.9742646813,"40":0.9816176295,"41":0.9834558964,"42":0.9834558964,"43":0.9816176295,"44":0.9613970518,"45":0.9816176295,"46":0.9797794223,"47":0.9761029482,"48":0.9834558964,"49":0.9852941036,"50":0.9834558964,"51":0.9834558964,"52":0.9852941036,"53":0.9797794223,"54":0.9871323705,"55":0.9834558964,"56":0.9871323705}}