{"loss":{"0":1.6765956755,"1":1.2723412147,"2":0.9230859503,"3":0.6336553552,"4":0.4475516501,"5":0.3568883718,"6":0.2787598078,"7":0.2295881702,"8":0.2012882383,"9":0.186476012,"10":0.153720317,"11":0.1371406046,"12":0.1221060874,"13":0.1169304988,"14":0.1088296043,"15":0.1139921044,"16":0.0839899249,"17":0.1002837007,"18":0.0880898347,"19":0.0876312686,"20":0.075244642,"21":0.0710725752,"22":0.0717497608,"23":0.06102459,"24":0.0598732724,"25":0.071270194,"26":0.0438797628,"27":0.0715852551,"28":0.0531197289,"29":0.0629680222,"30":0.0526130797},"acc":{"0":0.3704128563,"1":0.532110095,"2":0.6609674692,"3":0.7823185921,"4":0.8490408659,"5":0.8864678741,"6":0.9122185111,"7":0.9269182682,"8":0.9382818937,"9":0.9422435164,"10":0.9520433545,"11":0.9595496058,"12":0.9650750756,"13":0.9650750756,"14":0.9690366983,"15":0.9676814079,"16":0.9737281203,"17":0.9697664976,"18":0.9749791622,"19":0.9757089019,"20":0.9760217071,"21":0.9795662761,"22":0.9795662761,"23":0.9825896621,"24":0.9830066562,"25":0.9795662761,"26":0.9878023267,"27":0.9806088209,"28":0.9844661951,"29":0.9816513658,"30":0.9845705032},"val_loss":{"0":1.444738147,"1":1.5226958648,"2":0.5433656528,"3":0.4498637492,"4":0.3238480211,"5":0.1688764028,"6":0.2332153564,"7":0.194982825,"8":0.509035883,"9":0.1760105488,"10":0.0886417709,"11":0.1158659103,"12":0.124924454,"13":0.1451990523,"14":0.1156148776,"15":0.1169586979,"16":0.1627675213,"17":0.089233823,"18":0.1054489551,"19":0.1846491796,"20":0.1239148275,"21":0.0984433943,"22":0.1298331573,"23":0.088667207,"24":0.1112860873,"25":0.090521162,"26":0.0990964466,"27":0.1262283721,"28":0.1021248429,"29":0.0987953751,"30":0.1194146477},"val_acc":{"0":0.4319852889,"1":0.4411764741,"2":0.8069853187,"3":0.8308823705,"4":0.9007353187,"5":0.9466911554,"6":0.9172794223,"7":0.9375,"8":0.8511029482,"9":0.9411764741,"10":0.9669117928,"11":0.9632353187,"12":0.9650735259,"13":0.9650735259,"14":0.9724264741,"15":0.9595588446,"16":0.9411764741,"17":0.9779411554,"18":0.9705882072,"19":0.9669117928,"20":0.9669117928,"21":0.9724264741,"22":0.9595588446,"23":0.9742646813,"24":0.9724264741,"25":0.9779411554,"26":0.9705882072,"27":0.9705882072,"28":0.9761029482,"29":0.9705882072,"30":0.96875}}