{"loss":{"0":1.6598460814,"1":1.1544330003,"2":0.7641665224,"3":0.5299598159,"4":0.3934413047,"5":0.3246974839,"6":0.2637810659,"7":0.2143841316,"8":0.1900426522,"9":0.1777218843,"10":0.1601964687,"11":0.1387698182,"12":0.1205986261,"13":0.1219141354,"14":0.1091798702,"15":0.1021605127,"16":0.0947825233,"17":0.0989781678,"18":0.0977146539,"19":0.0879940845,"20":0.0754932719,"21":0.0782004415,"22":0.0661237304,"23":0.0607647249,"24":0.0733259152,"25":0.0559448171,"26":0.0718927896,"27":0.0532387575,"28":0.0583805467,"29":0.0555332567,"30":0.0442316943,"31":0.053701954,"32":0.0597086498,"33":0.042224099,"34":0.0455866976,"35":0.051158149,"36":0.0481475721,"37":0.0496053261,"38":0.0403669355,"39":0.0432321659,"40":0.0356366037,"41":0.042063754,"42":0.0550998257,"43":0.0336861417,"44":0.0460061907,"45":0.0413996485,"46":0.0290869376,"47":0.0364949992,"48":0.0348055617,"49":0.04778463,"50":0.036544877,"51":0.0320230207,"52":0.0272828561,"53":0.0352821628,"54":0.0340358541,"55":0.0322439992,"56":0.0300613619,"57":0.0333988351,"58":0.0372188506,"59":0.0304787754,"60":0.0323335904,"61":0.0305067143,"62":0.0439465935,"63":0.0214693994},"acc":{"0":0.3778171837,"1":0.5666736364,"2":0.7269407511,"3":0.820951581,"4":0.8711394072,"5":0.8982679248,"6":0.9165275693,"7":0.9329090118,"8":0.9437604547,"9":0.9478297234,"10":0.9531511068,"11":0.9570116997,"12":0.9643155336,"13":0.961706996,"14":0.96650666,"15":0.9700542688,"16":0.971306324,"17":0.9720367193,"18":0.9710976481,"19":0.9741235375,"20":0.9752712846,"21":0.9756886363,"22":0.9792362452,"23":0.9808013439,"24":0.979444921,"25":0.9856010079,"26":0.9791318774,"27":0.9837228656,"28":0.9832011461,"29":0.9822620749,"30":0.9862270355,"31":0.9846619368,"32":0.9836185575,"33":0.9862270355,"34":0.9870617986,"35":0.9863314033,"36":0.9857053161,"37":0.9862270355,"38":0.9882095456,"39":0.9872704744,"40":0.9888355732,"41":0.9892529249,"42":0.9847663045,"43":0.9909223914,"44":0.9863314033,"45":0.9887312055,"46":0.991548419,"47":0.9895659685,"48":0.9892529249,"49":0.9874791503,"50":0.9901919961,"51":0.9905049801,"52":0.9923831224,"53":0.9908180237,"54":0.9908180237,"55":0.990400672,"56":0.9914440513,"57":0.9901919961,"58":0.9902963042,"59":0.9916527271,"60":0.9909223914,"61":0.9900876284,"62":0.9895659685,"63":0.9931135178},"val_loss":{"0":1.6435443776,"1":1.0053272094,"2":0.7576680962,"3":0.3620826329,"4":0.2606283008,"5":0.4849034718,"6":0.6146420286,"7":0.2159855605,"8":0.2109292295,"9":0.2345757431,"10":0.2206837798,"11":0.1648336261,"12":0.160697276,"13":0.1950777434,"14":0.1855758891,"15":0.0972794097,"16":0.1398630972,"17":0.1490753384,"18":0.112497334,"19":0.1958107374,"20":0.1247494396,"21":0.1197822452,"22":0.1610369192,"23":0.1526283437,"24":0.0880091888,"25":0.2024923171,"26":0.1625679855,"27":0.1484863509,"28":0.1694744988,"29":0.128782021,"30":0.1348403323,"31":0.2316774715,"32":0.1500220647,"33":0.1192056803,"34":0.0925752397,"35":0.1505254482,"36":0.4317562188,"37":0.1227661747,"38":0.0951140755,"39":0.1280998129,"40":0.1492207984,"41":0.2043803915,"42":0.0919477479,"43":0.0712290543,"44":0.1085429131,"45":0.0920326061,"46":0.0850866295,"47":0.1290668515,"48":0.0990559694,"49":0.1486786474,"50":0.1105612832,"51":0.1437556294,"52":0.1365545465,"53":0.2342701424,"54":0.1247090837,"55":0.1101078791,"56":0.0986691862,"57":0.1104251427,"58":0.1428928223,"59":0.1032630321,"60":0.130614075,"61":0.1345346984,"62":0.1425079393,"63":0.1365593309},"val_acc":{"0":0.4595588148,"1":0.5661764741,"2":0.7352941036,"3":0.875,"4":0.9025735259,"5":0.8474264741,"6":0.8290441036,"7":0.9301470518,"8":0.9264705777,"9":0.9338235259,"10":0.9319853187,"11":0.9540441036,"12":0.9558823705,"13":0.9577205777,"14":0.9540441036,"15":0.9669117928,"16":0.9632353187,"17":0.9595588446,"18":0.9669117928,"19":0.9430146813,"20":0.9595588446,"21":0.9669117928,"22":0.9669117928,"23":0.96875,"24":0.9816176295,"25":0.9522058964,"26":0.9558823705,"27":0.9705882072,"28":0.9650735259,"29":0.9650735259,"30":0.9705882072,"31":0.9577205777,"32":0.9632353187,"33":0.9742646813,"34":0.9742646813,"35":0.9632353187,"36":0.9136029482,"37":0.9705882072,"38":0.9742646813,"39":0.9577205777,"40":0.9632353187,"41":0.9522058964,"42":0.9742646813,"43":0.9797794223,"44":0.9724264741,"45":0.9742646813,"46":0.9742646813,"47":0.96875,"48":0.9761029482,"49":0.9669117928,"50":0.96875,"51":0.9705882072,"52":0.9724264741,"53":0.9650735259,"54":0.9779411554,"55":0.9669117928,"56":0.9724264741,"57":0.9761029482,"58":0.9705882072,"59":0.96875,"60":0.9724264741,"61":0.96875,"62":0.9669117928,"63":0.9705882072}}