{"loss":{"0":1.4511914171,"1":0.8260898376,"2":0.551056069,"3":0.4247048581,"4":0.3430011726,"5":0.292777843,"6":0.2377993997,"7":0.2251277502,"8":0.1979688047,"9":0.1794172441,"10":0.1681172107,"11":0.1554459571,"12":0.1493057819,"13":0.1454544901,"14":0.1325049063,"15":0.1329336818,"16":0.1177334065,"17":0.1152047066,"18":0.1041735843,"19":0.1002860673,"20":0.1176726161,"21":0.0958994795,"22":0.0942839882,"23":0.097143391,"24":0.0898029942,"25":0.0919996608,"26":0.0833640623,"27":0.0870142702,"28":0.08966951,"29":0.0757278924,"30":0.080298193,"31":0.0747664797,"32":0.0788130879,"33":0.0757670518,"34":0.0797999632,"35":0.0654835456,"36":0.0713488521,"37":0.0707682732,"38":0.0610079206,"39":0.0631201322,"40":0.0620085367,"41":0.0682772154,"42":0.0615319475,"43":0.0641091587,"44":0.0548829743,"45":0.0675771863,"46":0.0533949481,"47":0.0628580536,"48":0.0662702694,"49":0.0540611514,"50":0.0543707694,"51":0.0601168144,"52":0.0493257516,"53":0.0521074703,"54":0.0535570905,"55":0.0587644821,"56":0.0461333176,"57":0.0407461806,"58":0.0672801385,"59":0.0451787338,"60":0.0499727095,"61":0.0520758869,"62":0.0452854235,"63":0.0480272856,"64":0.0469306777,"65":0.0519820801,"66":0.0448936439,"67":0.0423781557,"68":0.0511851293,"69":0.0429614542,"70":0.0461987686,"71":0.0489528797,"72":0.0443275277,"73":0.0364389378,"74":0.0434504078,"75":0.0396098184},"acc":{"0":0.454403162,"1":0.6807178855,"2":0.8001878262,"3":0.8434891701,"4":0.8779215217,"5":0.8937813044,"6":0.9165275693,"7":0.9229966402,"8":0.9296744466,"9":0.9369782805,"10":0.9437604547,"11":0.9460559487,"12":0.9482470751,"13":0.9515859485,"14":0.9549248815,"15":0.9536727667,"16":0.9609766006,"17":0.9600375891,"18":0.9649415612,"19":0.9654632807,"20":0.9618113637,"21":0.9672370553,"22":0.9682804942,"23":0.969845593,"24":0.9692195058,"25":0.9690108299,"26":0.9740191698,"27":0.970158577,"28":0.9719324112,"29":0.9739148617,"30":0.9729757905,"31":0.9764190316,"32":0.9714106917,"33":0.9787145257,"34":0.9755843282,"35":0.9785058498,"36":0.9769407511,"37":0.9773581028,"38":0.9811143279,"39":0.9785058498,"40":0.979757905,"41":0.9774624109,"42":0.9817404151,"43":0.9780884981,"44":0.9825751185,"45":0.9772537351,"46":0.9825751185,"47":0.9801753163,"48":0.9776711464,"49":0.9836185575,"50":0.984557569,"51":0.9815317392,"52":0.9841402173,"53":0.9820533991,"54":0.983096838,"55":0.9816360474,"56":0.9848706126,"57":0.9860183597,"58":0.9804883003,"59":0.9858096838,"60":0.9840359092,"61":0.9828881621,"62":0.9847663045,"63":0.9851836562,"64":0.9849749804,"65":0.9851836562,"66":0.9862270355,"67":0.9844532609,"68":0.9835141897,"69":0.9860183597,"70":0.9857053161,"71":0.9850792885,"72":0.9866443872,"73":0.9873747826,"74":0.9858096838,"75":0.9881051779},"val_loss":{"0":3.4586200065,"1":0.9075439458,"2":2.4632933854,"3":2.0192106314,"4":0.7345104577,"5":0.8852796338,"6":0.7430340681,"7":0.9302837439,"8":0.6400086087,"9":0.5708352407,"10":1.1178777604,"11":1.6986362354,"12":2.4022994151,"13":0.5931403016,"14":0.7473828811,"15":0.768225171,"16":0.4571713125,"17":0.5640896223,"18":0.3367203858,"19":0.5630067964,"20":0.4808323528,"21":0.4886137245,"22":0.5547560949,"23":1.28519563,"24":0.5528917543,"25":0.9001955616,"26":1.0039236829,"27":0.7943670875,"28":0.4256471758,"29":0.3969475438,"30":0.2928203562,"31":0.4305709978,"32":0.5313195547,"33":0.4840545646,"34":0.3253481649,"35":0.3490963809,"36":0.2533309886,"37":0.4066670495,"38":0.868518318,"39":2.4111224418,"40":1.5628911414,"41":0.3581599596,"42":0.6400550118,"43":0.2961470452,"44":0.3681116396,"45":0.3780595205,"46":0.4138532473,"47":0.3141340504,"48":0.3257188373,"49":0.4132239988,"50":0.3528824894,"51":0.7387484633,"52":0.9511977578,"53":0.4937005312,"54":0.3248847848,"55":0.2204748403,"56":0.53597906,"57":0.8547939719,"58":0.2386967805,"59":0.332315805,"60":0.3688388259,"61":2.4693984955,"62":0.6163894063,"63":0.3959531784,"64":0.4836946326,"65":0.3633718527,"66":0.3848255658,"67":0.4913744546,"68":0.5716771818,"69":0.7315456033,"70":0.3249724164,"71":0.3439880845,"72":0.2886470812,"73":0.3899949579,"74":0.4635111498,"75":0.803937332},"val_acc":{"0":0.2702205777,"1":0.6727941036,"2":0.4963235259,"3":0.5698529482,"4":0.7279411554,"5":0.7316176295,"6":0.7922794223,"7":0.6966911554,"8":0.7904411554,"9":0.8051470518,"10":0.6507353187,"11":0.6691176295,"12":0.5294117928,"13":0.8106617928,"14":0.8161764741,"15":0.75,"16":0.8621323705,"17":0.8216911554,"18":0.9044117928,"19":0.8069853187,"20":0.8547794223,"21":0.8492646813,"22":0.8492646813,"23":0.6875,"24":0.8180146813,"25":0.8253676295,"26":0.7775735259,"27":0.7775735259,"28":0.8970588446,"29":0.8658088446,"30":0.9466911554,"31":0.8841911554,"32":0.8419117928,"33":0.8492646813,"34":0.9264705777,"35":0.9154411554,"36":0.9301470518,"37":0.9025735259,"38":0.78125,"39":0.7224264741,"40":0.6930146813,"41":0.9099264741,"42":0.8474264741,"43":0.9246323705,"44":0.9319853187,"45":0.9411764741,"46":0.9411764741,"47":0.9209558964,"48":0.9375,"49":0.875,"50":0.9099264741,"51":0.8088235259,"52":0.8584558964,"53":0.8676470518,"54":0.9301470518,"55":0.9411764741,"56":0.8345588446,"57":0.7720588446,"58":0.9540441036,"59":0.90625,"60":0.9503676295,"61":0.4963235259,"62":0.8621323705,"63":0.9522058964,"64":0.9356617928,"65":0.9338235259,"66":0.8988970518,"67":0.8970588446,"68":0.875,"69":0.7757353187,"70":0.9209558964,"71":0.9430146813,"72":0.9393382072,"73":0.9375,"74":0.9172794223,"75":0.8400735259}}