{"loss":{"0":1.7033262521,"1":0.9245205451,"2":0.4084813018,"3":0.213614904,"4":0.1554902966,"5":0.1236826055,"6":0.0988672877,"7":0.0862024845,"8":0.0678678671,"9":0.0644580489,"10":0.0607922475,"11":0.0681965463,"12":0.047738538,"13":0.0471644195,"14":0.044310691,"15":0.0425503371,"16":0.0381396817,"17":0.0483190673,"18":0.0239066582,"19":0.041706752,"20":0.0403840684,"21":0.0180610317,"22":0.0388565885,"23":0.0250772069,"24":0.0297014359,"25":0.0258967361,"26":0.0407450778,"27":0.0141137847,"28":0.02934332,"29":0.0267532594,"30":0.0223323118,"31":0.0302049721,"32":0.0298230607,"33":0.0315798148,"34":0.0164876513,"35":0.0265419618,"36":0.0237681019,"37":0.0164896296,"38":0.0301295719,"39":0.0199958985,"40":0.0323256122,"41":0.0186020813},"acc":{"0":0.3619683087,"1":0.6441826224,"2":0.8610300422,"3":0.9306713939,"4":0.9523561597,"5":0.9608006477,"6":0.968098402,"7":0.9718515277,"8":0.9801918268,"9":0.9812343717,"10":0.9805045724,"11":0.979357779,"12":0.9859257936,"13":0.9864470363,"14":0.985717237,"15":0.985717237,"16":0.9882193208,"17":0.9856129885,"18":0.9931192398,"19":0.9879065752,"20":0.9891576171,"21":0.9942660332,"22":0.9899916649,"23":0.9927022457,"24":0.9913469553,"25":0.9929107428,"26":0.9879065752,"27":0.9954128265,"28":0.9899916649,"29":0.9932235479,"30":0.993640542,"31":0.9918681979,"32":0.9922852516,"33":0.9913469553,"34":0.995308578,"35":0.9930149913,"36":0.9930149913,"37":0.9952043295,"38":0.9922852516,"39":0.9952043295,"40":0.9935362935,"41":0.9956213236},"val_loss":{"0":2.1964184852,"1":1.1119572704,"2":0.6826381882,"3":1.2502035618,"4":1.7437864722,"5":0.7260524832,"6":0.2868962142,"7":0.1872300715,"8":0.5707024433,"9":0.179058278,"10":0.8570007164,"11":0.3927861496,"12":0.244051152,"13":0.2474741881,"14":1.5779790664,"15":0.3030024701,"16":1.2256671621,"17":0.1993766696,"18":0.3000086806,"19":0.1898125319,"20":0.1779127497,"21":0.1655539376,"22":0.1914902429,"23":0.1954470765,"24":0.6184655746,"25":0.3976261569,"26":0.203412089,"27":0.2846456394,"28":0.17168258,"29":0.3008889464,"30":0.2506035589,"31":0.2604225664,"32":0.3365619076,"33":0.3205377964,"34":0.2466589306,"35":0.233266574,"36":0.2096548573,"37":0.4022762897,"38":0.2253792566,"39":0.2828653676,"40":0.2374676185,"41":0.5176265577},"val_acc":{"0":0.1617647111,"1":0.6323529482,"2":0.7757353187,"3":0.7683823705,"4":0.6599264741,"5":0.7941176295,"6":0.9025735259,"7":0.9301470518,"8":0.8639705777,"9":0.9540441036,"10":0.8455882072,"11":0.9264705777,"12":0.9411764741,"13":0.9485294223,"14":0.6875,"15":0.9393382072,"16":0.7959558964,"17":0.9522058964,"18":0.9411764741,"19":0.9613970518,"20":0.9577205777,"21":0.9724264741,"22":0.9466911554,"23":0.9650735259,"24":0.8878676295,"25":0.9044117928,"26":0.9650735259,"27":0.9209558964,"28":0.9650735259,"29":0.9595588446,"30":0.9393382072,"31":0.9466911554,"32":0.9375,"33":0.9154411554,"34":0.9669117928,"35":0.9448529482,"36":0.9705882072,"37":0.9227941036,"38":0.9558823705,"39":0.9466911554,"40":0.9669117928,"41":0.9136029482}}