{"loss":{"0":1.4280628338,"1":0.594047927,"2":0.3466920886,"3":0.2443243607,"4":0.1970225067,"5":0.157422904,"6":0.1445247197,"7":0.1198110934,"8":0.1008301961,"9":0.1073848784,"10":0.0795255078,"11":0.0815941567,"12":0.0790076671,"13":0.0606080965,"14":0.0671379901,"15":0.0529086683,"16":0.062913475,"17":0.0506947174,"18":0.057017857,"19":0.0397066163,"20":0.0470735213,"21":0.0511122431,"22":0.0478879346,"23":0.0341190249,"24":0.0369571813,"25":0.0417623817,"26":0.0309503398,"27":0.0367531566,"28":0.0353399407,"29":0.0317991089,"30":0.0285497016,"31":0.0418835234,"32":0.017670556,"33":0.0535365018,"34":0.0310764186,"35":0.0236992306,"36":0.0249101479,"37":0.0254769745,"38":0.0240602844,"39":0.0324529786,"40":0.0188893547,"41":0.0266166003,"42":0.0269753074},"acc":{"0":0.4638240337,"1":0.7808590531,"2":0.8797956705,"3":0.9209758043,"4":0.9347372651,"5":0.9513136148,"6":0.9522518516,"7":0.9609048963,"8":0.967889905,"9":0.966430366,"10":0.9747706652,"11":0.9739366174,"12":0.9752919078,"13":0.9798790812,"14":0.9789407849,"15":0.9825896621,"16":0.9813386202,"17":0.9845705032,"18":0.9818598628,"19":0.9876980782,"20":0.9853002429,"21":0.9850917459,"22":0.9858215451,"23":0.9894703627,"24":0.9880108237,"25":0.9879065752,"26":0.9900959134,"27":0.990408659,"28":0.9894703627,"29":0.9912427068,"30":0.9918681979,"31":0.9861342907,"32":0.995308578,"33":0.9855087399,"34":0.9903044105,"35":0.9918681979,"36":0.9925979972,"37":0.9921810031,"38":0.9938490391,"39":0.9907214642,"40":0.9946830869,"41":0.9925979972,"42":0.9910342097},"val_loss":{"0":1.0516414213,"1":1.0122516814,"2":0.6872719153,"3":0.5636161526,"4":0.4400718177,"5":0.3524007246,"6":0.9917022976,"7":1.8834617278,"8":0.1681968274,"9":0.5061580903,"10":0.3386253507,"11":0.3066344924,"12":2.4891595082,"13":23.2750318471,"14":1.4028732993,"15":0.8373440097,"16":0.5258706776,"17":4.6682615841,"18":2.8075207315,"19":0.2002831997,"20":0.2320943643,"21":4.4822262505,"22":0.1089145034,"23":0.1972031061,"24":0.2804498681,"25":0.3874336013,"26":0.1234868062,"27":0.1374706649,"28":0.433167996,"29":0.1386070323,"30":0.3819581655,"31":0.6769255352,"32":0.4954388325,"33":0.3715565647,"34":0.2548798183,"35":0.2501794337,"36":0.2511800353,"37":0.5311328902,"38":0.2662715283,"39":0.2483218354,"40":0.1197390867,"41":1.2220647959,"42":0.2780784268},"val_acc":{"0":0.6305146813,"1":0.6378676295,"2":0.7261029482,"3":0.8216911554,"4":0.8106617928,"5":0.8713235259,"6":0.6121323705,"7":0.6323529482,"8":0.9540441036,"9":0.8363970518,"10":0.8915441036,"11":0.8915441036,"12":0.7095588446,"13":0.5514705777,"14":0.6966911554,"15":0.6746323705,"16":0.8308823705,"17":0.6121323705,"18":0.6672794223,"19":0.9430146813,"20":0.9136029482,"21":0.625,"22":0.96875,"23":0.9448529482,"24":0.9025735259,"25":0.8566176295,"26":0.96875,"27":0.9595588446,"28":0.9099264741,"29":0.9577205777,"30":0.90625,"31":0.7977941036,"32":0.8492646813,"33":0.8694853187,"34":0.9356617928,"35":0.90625,"36":0.9301470518,"37":0.8492646813,"38":0.90625,"39":0.9393382072,"40":0.9632353187,"41":0.7003676295,"42":0.9191176295}}