{"loss":{"0":1.7864832682,"1":1.2322803654,"2":0.8817789315,"3":0.6672496117,"4":0.535973194,"5":0.4522308424,"6":0.364477545,"7":0.3128483605,"8":0.2797605684,"9":0.2397530241,"10":0.2167273767,"11":0.2177885692,"12":0.1900411896,"13":0.1745022557,"14":0.1573085588,"15":0.1464149241,"16":0.1407843647,"17":0.1259437466,"18":0.133089607,"19":0.1151471652,"20":0.1203633363,"21":0.1216222003,"22":0.1015331739,"23":0.092481861,"24":0.1023001316,"25":0.0987187298,"26":0.0865389661,"27":0.0823887732,"28":0.0953898087,"29":0.079988919,"30":0.0847179018,"31":0.0806099397,"32":0.0850041776,"33":0.0690388332,"34":0.0718772855,"35":0.0672040185,"36":0.074645952,"37":0.0758443499,"38":0.057263326,"39":0.0655797189,"40":0.0652286285,"41":0.0523515893,"42":0.059767067,"43":0.0563395008,"44":0.0525709167,"45":0.0507175143,"46":0.0595115094,"47":0.0626108993,"48":0.0457321613,"49":0.0511773461,"50":0.0490147842,"51":0.0430979106,"52":0.0450174499,"53":0.0550215887,"54":0.0446965712,"55":0.0461341368,"56":0.050452111,"57":0.0478278825,"58":0.0410547195,"59":0.0472275005,"60":0.0423244311,"61":0.0402656246,"62":0.0434430656},"acc":{"0":0.316513747,"1":0.5324228406,"2":0.6897414327,"3":0.7734570503,"4":0.8239157796,"5":0.8549833298,"6":0.8835487962,"7":0.9014803767,"8":0.911801517,"9":0.9251459837,"10":0.9345287681,"11":0.9332777262,"12":0.9418265224,"13":0.9486029744,"14":0.9538156986,"15":0.9572560191,"16":0.9591326118,"17":0.9612177014,"18":0.9602794051,"19":0.9687239528,"20":0.9647623301,"21":0.9635112882,"22":0.9710175395,"23":0.9713302851,"24":0.9703919888,"25":0.9715387821,"26":0.9722685814,"27":0.9750834107,"28":0.9714345336,"29":0.9771685004,"30":0.9761259556,"31":0.9762302041,"32":0.9761259556,"33":0.979149282,"34":0.9805045724,"35":0.9799833298,"36":0.9785237908,"37":0.977481246,"38":0.9831109047,"39":0.9830066562,"40":0.9816513658,"41":0.9842576981,"42":0.9843619466,"43":0.9825896621,"44":0.9841534495,"45":0.9859257936,"46":0.983840704,"47":0.9826939106,"48":0.9865512848,"49":0.983840704,"50":0.9858215451,"51":0.9861342907,"52":0.9863427877,"53":0.9846747518,"54":0.9881150723,"55":0.9868640304,"56":0.9851959944,"57":0.9850917459,"58":0.988740623,"59":0.9866555333,"60":0.9880108237,"61":0.9868640304,"62":0.9880108237},"val_loss":{"0":1.5388930124,"1":1.5074396125,"2":0.6894826499,"3":1.3959941562,"4":0.7618715967,"5":0.3734944665,"6":0.3244753584,"7":0.8246020345,"8":0.2925174068,"9":0.4715179979,"10":0.5337549683,"11":0.6287316132,"12":1.3669489776,"13":0.3326626853,"14":0.1537197941,"15":0.2289238041,"16":0.2873258996,"17":0.3247615297,"18":1.5456407009,"19":0.1925747663,"20":0.3178969609,"21":0.2996334141,"22":0.151913939,"23":0.4191303928,"24":0.3953762825,"25":0.4501106966,"26":0.1261565824,"27":0.5208775477,"28":0.1697738302,"29":0.3449828224,"30":0.169158323,"31":0.1735743264,"32":0.3796877613,"33":0.1914961035,"34":0.1719213788,"35":0.1110728682,"36":0.3312601202,"37":0.154679063,"38":0.1832285706,"39":0.3270849728,"40":0.3534568691,"41":0.1007123589,"42":0.0947914625,"43":0.141010772,"44":0.1814498509,"45":0.218454515,"46":0.3938778249,"47":0.1553688223,"48":0.1409042185,"49":0.2481764144,"50":0.1411364374,"51":0.189398636,"52":0.1194134863,"53":0.2845478888,"54":0.2836134506,"55":0.2072294156,"56":0.2063289027,"57":0.1551112434,"58":0.2397664133,"59":0.2080684165,"60":0.668209123,"61":0.445528197,"62":0.1831076348},"val_acc":{"0":0.1654411703,"1":0.3125,"2":0.7261029482,"3":0.5422794223,"4":0.7261029482,"5":0.8529411554,"6":0.8805146813,"7":0.7371323705,"8":0.8878676295,"9":0.8382353187,"10":0.8474264741,"11":0.7683823705,"12":0.6323529482,"13":0.8878676295,"14":0.9466911554,"15":0.90625,"16":0.8878676295,"17":0.8841911554,"18":0.6194853187,"19":0.9393382072,"20":0.875,"21":0.9044117928,"22":0.9393382072,"23":0.8566176295,"24":0.8988970518,"25":0.8529411554,"26":0.9613970518,"27":0.8860294223,"28":0.9503676295,"29":0.8841911554,"30":0.9558823705,"31":0.9503676295,"32":0.8988970518,"33":0.9522058964,"34":0.9522058964,"35":0.9669117928,"36":0.9044117928,"37":0.9485294223,"38":0.9466911554,"39":0.8878676295,"40":0.8933823705,"41":0.9650735259,"42":0.9742646813,"43":0.9705882072,"44":0.9577205777,"45":0.9319853187,"46":0.8547794223,"47":0.9430146813,"48":0.9632353187,"49":0.9301470518,"50":0.9595588446,"51":0.9375,"52":0.9761029482,"53":0.9411764741,"54":0.9356617928,"55":0.9301470518,"56":0.9466911554,"57":0.9522058964,"58":0.9466911554,"59":0.9319853187,"60":0.8290441036,"61":0.8988970518,"62":0.9356617928}}