{"loss":{"0":1.5654880111,"1":0.7541626573,"2":0.3428242962,"3":0.2025719916,"4":0.1528211037,"5":0.1226942586,"6":0.0957932147,"7":0.102534786,"8":0.0686175221,"9":0.0705318851,"10":0.0625562799,"11":0.0654825406,"12":0.0421594248,"13":0.0510220893,"14":0.048006074,"15":0.0407197381,"16":0.0468616065,"17":0.0332364978,"18":0.0343673087,"19":0.033444353,"20":0.037658913,"21":0.0332012223,"22":0.0378142569,"23":0.0199590896,"24":0.0365138445,"25":0.0258360936,"26":0.0351463552,"27":0.0257375493,"28":0.0291819843,"29":0.0300661419,"30":0.0234235608,"31":0.0252132937,"32":0.0221112186,"33":0.0387680321,"34":0.0153930046,"35":0.0255954094,"36":0.0172629844,"37":0.0270590874,"38":0.025571201,"39":0.0180399601,"40":0.0217231161,"41":0.0156368187,"42":0.0218164423,"43":0.0288762409,"44":0.0077476807,"45":0.0274494539,"46":0.0182145434,"47":0.017854148,"48":0.0179974033,"49":0.0255902995,"50":0.0133942768,"51":0.0133622256,"52":0.0283349589,"53":0.0096184955,"54":0.0198377908,"55":0.0108638283,"56":0.0301967052,"57":0.0113286031,"58":0.017493486,"59":0.0271313202,"60":0.0238673354,"61":0.0190378387},"acc":{"0":0.412844032,"1":0.7199749947,"2":0.8861551285,"3":0.9333819747,"4":0.9489157796,"5":0.9621559381,"6":0.9713302851,"7":0.9687239528,"8":0.9805045724,"9":0.9782109857,"10":0.9796705842,"11":0.9809216261,"12":0.9861342907,"13":0.9844661951,"14":0.9869682789,"15":0.9885321259,"16":0.985717237,"17":0.9894703627,"18":0.9902001619,"19":0.9894703627,"20":0.98894912,"21":0.9903044105,"22":0.9884278774,"23":0.9933277965,"24":0.9898874164,"25":0.9916597009,"26":0.9897831678,"27":0.9932235479,"28":0.9915554523,"29":0.9929107428,"30":0.9930149913,"31":0.9928064942,"32":0.9929107428,"33":0.9891576171,"34":0.9961426258,"35":0.9928064942,"36":0.9952043295,"37":0.9927022457,"38":0.9928064942,"39":0.9946830869,"40":0.9943702817,"41":0.9955170751,"42":0.9944745898,"43":0.9920767546,"44":0.9980191588,"45":0.993640542,"46":0.9958298802,"47":0.9954128265,"48":0.9952043295,"49":0.9938490391,"50":0.9965596199,"51":0.9964553714,"52":0.9932235479,"53":0.9971851707,"54":0.9952043295,"55":0.9974979162,"56":0.9930149913,"57":0.9961426258,"58":0.9960383773,"59":0.9938490391,"60":0.9946830869,"61":0.9944745898},"val_loss":{"0":1.6358629903,"1":0.5259257676,"2":0.4126692188,"3":0.8379364402,"4":0.3552914019,"5":6.9342741497,"6":2.5514844802,"7":0.9161422658,"8":0.4488513046,"9":0.2486407321,"10":5.4630434384,"11":0.4690958349,"12":9.1909805225,"13":4.1492967479,"14":1.2519694723,"15":0.2449963101,"16":0.3576647144,"17":0.2554627918,"18":0.2408189174,"19":0.204758552,"20":0.7936551242,"21":0.3293358791,"22":1.8228892943,"23":0.2066639633,"24":1.7927398747,"25":0.2110853137,"26":0.849662916,"27":0.3036800717,"28":0.2099881923,"29":0.1921181014,"30":0.3268572718,"31":1.8766044123,"32":0.5429882229,"33":0.3476977427,"34":0.2343109762,"35":0.9026231121,"36":2.3899661829,"37":0.2906985442,"38":0.6116259839,"39":0.272675469,"40":0.2763535455,"41":0.1805650343,"42":0.4550009101,"43":0.3132575035,"44":0.2099209813,"45":0.3192896551,"46":0.2254198585,"47":0.5286229524,"48":0.4526430488,"49":0.2463979612,"50":0.2746133103,"51":0.2932948716,"52":0.3352697118,"53":0.773565657,"54":0.2967607202,"55":1.268053854,"56":0.3036205532,"57":0.2996213392,"58":0.2502764805,"59":0.3113810499,"60":24.450408762,"61":0.3217877986},"val_acc":{"0":0.3639705777,"1":0.8180146813,"2":0.84375,"3":0.7573529482,"4":0.8621323705,"5":0.5661764741,"6":0.7003676295,"7":0.7463235259,"8":0.8694853187,"9":0.9209558964,"10":0.6176470518,"11":0.9025735259,"12":0.5661764741,"13":0.6764705777,"14":0.6856617928,"15":0.9558823705,"16":0.8933823705,"17":0.9466911554,"18":0.9522058964,"19":0.9540441036,"20":0.8676470518,"21":0.9227941036,"22":0.7886029482,"23":0.9540441036,"24":0.8069853187,"25":0.9669117928,"26":0.8290441036,"27":0.9393382072,"28":0.9577205777,"29":0.9485294223,"30":0.9375,"31":0.7867646813,"32":0.9227941036,"33":0.9393382072,"34":0.9485294223,"35":0.90625,"36":0.7610294223,"37":0.9411764741,"38":0.9301470518,"39":0.9522058964,"40":0.9375,"41":0.9632353187,"42":0.9301470518,"43":0.9154411554,"44":0.96875,"45":0.9503676295,"46":0.9558823705,"47":0.9227941036,"48":0.9264705777,"49":0.9485294223,"50":0.9393382072,"51":0.9595588446,"52":0.9430146813,"53":0.9209558964,"54":0.9485294223,"55":0.8621323705,"56":0.9503676295,"57":0.9522058964,"58":0.9613970518,"59":0.9448529482,"60":0.5625,"61":0.9558823705}}