{"loss":{"0":1.7729904006,"1":1.29822432,"2":0.9745122228,"3":0.766985941,"4":0.5819906237,"5":0.457454663,"6":0.372513129,"7":0.3144653878,"8":0.2681683558,"9":0.2315214784,"10":0.2129228214,"11":0.17003934,"12":0.1638590574,"13":0.1391869264,"14":0.1370505012,"15":0.1163083446,"16":0.1144990721,"17":0.1030611146,"18":0.102792296,"19":0.0996670609,"20":0.0809191918,"21":0.0857470181,"22":0.0846225207,"23":0.077158187,"24":0.0706091184,"25":0.0646956307,"26":0.0674684276,"27":0.0733764219,"28":0.0749953164,"29":0.0592689389,"30":0.0467435883,"31":0.0570336528,"32":0.0602090971,"33":0.0498207767,"34":0.0647860807,"35":0.0352019761,"36":0.0489647895,"37":0.050713506,"38":0.0369163217,"39":0.0431905447,"40":0.0372956745,"41":0.0466652912,"42":0.0373463638},"acc":{"0":0.3228297234,"1":0.5001043677,"2":0.6399207115,"3":0.733409822,"4":0.8067612648,"5":0.8513146639,"6":0.8812604547,"7":0.9006677866,"8":0.916110158,"9":0.9303004742,"10":0.9324916601,"11":0.9494991899,"12":0.9526293874,"13":0.9600375891,"14":0.9590985179,"15":0.9672370553,"16":0.96650666,"17":0.9690108299,"18":0.972454071,"19":0.9707846642,"20":0.9773581028,"21":0.9767320752,"22":0.9745408893,"23":0.9774624109,"24":0.9795492291,"25":0.9802796245,"26":0.9810100198,"27":0.9802796245,"28":0.979444921,"29":0.9833055139,"30":0.9876878262,"31":0.984244585,"32":0.983409822,"33":0.9862270355,"34":0.9828881621,"35":0.9900876284,"36":0.9864357114,"37":0.9853923321,"38":0.9886268973,"39":0.9868530631,"40":0.9901919961,"41":0.9875834584,"42":0.9898789525},"val_loss":{"0":1.8584568536,"1":1.6980337159,"2":1.6509168639,"3":0.8466642288,"4":0.5166586663,"5":0.4391805116,"6":0.5890637946,"7":0.5765719752,"8":0.248753682,"9":0.2041741665,"10":0.2256201928,"11":0.546912287,"12":0.5106259452,"13":0.2989469528,"14":0.1740293213,"15":0.5345176069,"16":0.8022880713,"17":0.1807825353,"18":0.1920590039,"19":0.1494292741,"20":0.132634874,"21":0.2274328107,"22":0.1202857902,"23":0.235249419,"24":0.2067309879,"25":0.1382193642,"26":0.4263634447,"27":0.1723867514,"28":0.1445267047,"29":0.1458715738,"30":0.2097053317,"31":0.4797537885,"32":0.1978941401,"33":0.1679200781,"34":0.1874244138,"35":0.252383558,"36":0.2306462663,"37":0.3915953656,"38":0.1905288128,"39":0.1377550877,"40":0.211877195,"41":0.1509501323,"42":0.209979387},"val_acc":{"0":0.220588237,"1":0.220588237,"2":0.2886029482,"3":0.7150735259,"4":0.8290441036,"5":0.8529411554,"6":0.7867646813,"7":0.7720588446,"8":0.9227941036,"9":0.9227941036,"10":0.9209558964,"11":0.8529411554,"12":0.8419117928,"13":0.9007353187,"14":0.9485294223,"15":0.8382353187,"16":0.7794117928,"17":0.9522058964,"18":0.9393382072,"19":0.9595588446,"20":0.9632353187,"21":0.9393382072,"22":0.9724264741,"23":0.9227941036,"24":0.9411764741,"25":0.9650735259,"26":0.8860294223,"27":0.9577205777,"28":0.9558823705,"29":0.9669117928,"30":0.9466911554,"31":0.8658088446,"32":0.9503676295,"33":0.9595588446,"34":0.9485294223,"35":0.9301470518,"36":0.9485294223,"37":0.9025735259,"38":0.9448529482,"39":0.9724264741,"40":0.9613970518,"41":0.96875,"42":0.9558823705}}