{"loss":{"0":1.5664363096,"1":0.7307623582,"2":0.3116149722,"3":0.186503986,"4":0.1419904178,"5":0.1098480839,"6":0.0937586168,"7":0.078643068,"8":0.07120115,"9":0.0663528697,"10":0.0489584778,"11":0.0521885574,"12":0.0604761818,"13":0.0381003065,"14":0.0461108111,"15":0.0373686719,"16":0.0437899583,"17":0.0365382424,"18":0.0369047326,"19":0.0314141297,"20":0.0309285968,"21":0.0427268099,"22":0.0260830462,"23":0.0299258623,"24":0.0426459101,"25":0.0163299481,"26":0.0235372591,"27":0.0410862298,"28":0.0262646869,"29":0.0252499388,"30":0.0197299172,"31":0.0297239122,"32":0.0152903838,"33":0.018796536,"34":0.0259317255,"35":0.017898713,"36":0.0300806429,"37":0.019118516,"38":0.0290086172,"39":0.0191801509,"40":0.0185099631,"41":0.0293762695,"42":0.0192124944,"43":0.0236372685,"44":0.0159797211,"45":0.016507791,"46":0.016416784,"47":0.022278767,"48":0.0107947802},"acc":{"0":0.4082846344,"1":0.7241235375,"2":0.8921118379,"3":0.9379173517,"4":0.9539858103,"5":0.962854743,"6":0.9712020159,"7":0.9738104939,"8":0.9769407511,"9":0.979444921,"10":0.9848706126,"11":0.9838272333,"12":0.9820533991,"13":0.987896502,"14":0.9868530631,"15":0.9881051779,"16":0.9883138537,"17":0.989357233,"18":0.9908180237,"19":0.9902963042,"20":0.9911310673,"21":0.9898789525,"22":0.9923831224,"23":0.991548419,"24":0.9885225296,"25":0.9948872924,"26":0.9939482212,"27":0.9898789525,"28":0.9923831224,"29":0.9930092096,"30":0.9938439131,"31":0.9930092096,"32":0.9950959682,"33":0.9947829843,"34":0.9928004742,"35":0.9950959682,"36":0.9913397431,"37":0.9948872924,"38":0.9937395453,"39":0.9947829843,"40":0.9944699407,"41":0.9934265614,"42":0.9950959682,"43":0.9943656325,"44":0.9955133796,"45":0.9957220554,"46":0.995200336,"47":0.9946786165,"48":0.9973914623},"val_loss":{"0":1.5677415834,"1":2.0175182254,"2":0.3775173854,"3":0.3352327913,"4":0.3797502542,"5":0.2508567815,"6":0.4590121923,"7":0.3427370973,"8":0.3852026239,"9":0.3938272003,"10":1.6286835866,"11":0.2874250477,"12":0.4381238906,"13":0.5338975861,"14":0.393131226,"15":3.5870990775,"16":0.699801328,"17":0.3325531016,"18":0.3382858231,"19":1.7041333268,"20":1.5875380345,"21":0.2507707999,"22":0.2430271729,"23":0.2555058009,"24":0.4189301225,"25":0.4632833268,"26":0.2942657991,"27":1.383426153,"28":0.1768555604,"29":0.3199210697,"30":0.2202492756,"31":0.3765143295,"32":0.8252261575,"33":0.4340859127,"34":0.2840029676,"35":0.3390261743,"36":0.2054707615,"37":0.2248074292,"38":0.3238887061,"39":0.2702565906,"40":0.2926693308,"41":0.4059614844,"42":0.6229063938,"43":0.408931396,"44":0.2929459394,"45":7.5009534105,"46":0.2048928866,"47":0.3584212742,"48":0.5101784674},"val_acc":{"0":0.3235294223,"1":0.4632352889,"2":0.8713235259,"3":0.8915441036,"4":0.875,"5":0.9099264741,"6":0.8511029482,"7":0.8841911554,"8":0.8768382072,"9":0.8823529482,"10":0.7536764741,"11":0.9007353187,"12":0.8860294223,"13":0.8327205777,"14":0.9044117928,"15":0.6121323705,"16":0.7573529482,"17":0.9227941036,"18":0.9154411554,"19":0.7683823705,"20":0.7849264741,"21":0.9485294223,"22":0.9393382072,"23":0.9301470518,"24":0.9044117928,"25":0.8823529482,"26":0.9430146813,"27":0.8382353187,"28":0.9558823705,"29":0.9191176295,"30":0.9595588446,"31":0.9283088446,"32":0.8363970518,"33":0.8988970518,"34":0.9595588446,"35":0.9117646813,"36":0.9595588446,"37":0.9466911554,"38":0.9227941036,"39":0.9503676295,"40":0.9411764741,"41":0.9283088446,"42":0.8823529482,"43":0.9466911554,"44":0.9356617928,"45":0.6911764741,"46":0.9613970518,"47":0.9522058964,"48":0.9319853187}}