{"loss":{"0":1.6864342705,"1":0.9410013956,"2":0.4134975566,"3":0.237546288,"4":0.1645542803,"5":0.1357786033,"6":0.1109693441,"7":0.0826837609,"8":0.0867125761,"9":0.0703305916,"10":0.071040922,"11":0.0697995753,"12":0.0510063785,"13":0.0457869015,"14":0.0553611934,"15":0.0418382646,"16":0.0438269697,"17":0.0347030072,"18":0.0473292652,"19":0.0409582656,"20":0.0394896586,"21":0.0248480817,"22":0.052010756,"23":0.021630698,"24":0.0362756511,"25":0.024125393,"26":0.0418386743,"27":0.0236156726,"28":0.0317030668,"29":0.0262740934,"30":0.0257480615,"31":0.0227286716,"32":0.0132175495,"33":0.0372061015,"34":0.0260072195,"35":0.0248504194,"36":0.0243730126,"37":0.0226600491,"38":0.0156672264,"39":0.0244625343,"40":0.0291098696,"41":0.0251387949,"42":0.019811042,"43":0.0240635994,"44":0.0225352947,"45":0.0106496926},"acc":{"0":0.3731234372,"1":0.6356338859,"2":0.8511259556,"3":0.9205588102,"4":0.9467264414,"5":0.954962492,"6":0.9666388631,"7":0.9751876593,"8":0.9733110666,"9":0.9771685004,"10":0.9804003239,"11":0.9787322879,"12":0.9830066562,"13":0.9850917459,"14":0.9832151532,"15":0.987072587,"16":0.9869682789,"17":0.9883236289,"18":0.9864470363,"19":0.9880108237,"20":0.9872810841,"21":0.9920767546,"22":0.9869682789,"23":0.9925979972,"24":0.9899916649,"25":0.9931192398,"26":0.9886363745,"27":0.9927022457,"28":0.9899916649,"29":0.9928064942,"30":0.9929107428,"31":0.9930149913,"32":0.9960383773,"33":0.9897831678,"34":0.9939532876,"35":0.9929107428,"36":0.9929107428,"37":0.993432045,"38":0.9958298802,"39":0.993640542,"40":0.9924937487,"41":0.993640542,"42":0.9947873354,"43":0.9933277965,"44":0.9935362935,"45":0.9970809221},"val_loss":{"0":1.3013685451,"1":0.832257587,"2":0.3980551001,"3":0.4150055178,"4":0.4887987208,"5":0.2057983363,"6":0.3090197674,"7":0.2499876224,"8":0.3049299551,"9":0.2777141693,"10":0.417517616,"11":1.3637734842,"12":0.1550082291,"13":0.130782273,"14":0.2735549391,"15":1.501984778,"16":0.3036181751,"17":0.337349027,"18":0.1582790054,"19":0.1296944557,"20":0.7359770881,"21":0.2550461123,"22":1.4075467061,"23":0.1196256482,"24":0.4436991049,"25":0.1148266511,"26":0.2246567251,"27":0.1484166576,"28":0.2026829732,"29":0.1260470045,"30":0.9070551471,"31":0.2270329897,"32":0.1674529599,"33":0.1627996118,"34":0.7152901981,"35":0.3630725419,"36":0.2480230382,"37":0.1235158073,"38":0.2037903945,"39":1.94542894,"40":0.3175374123,"41":0.1296290317,"42":0.2964821429,"43":0.2136952255,"44":0.1374773151,"45":1.3698494602},"val_acc":{"0":0.5,"1":0.6783088446,"2":0.8547794223,"3":0.8327205777,"4":0.84375,"5":0.9301470518,"6":0.8823529482,"7":0.9246323705,"8":0.8952205777,"9":0.9025735259,"10":0.8768382072,"11":0.8106617928,"12":0.9485294223,"13":0.9558823705,"14":0.9044117928,"15":0.7481617928,"16":0.9209558964,"17":0.8988970518,"18":0.9448529482,"19":0.9577205777,"20":0.8621323705,"21":0.9393382072,"22":0.7610294223,"23":0.9613970518,"24":0.9044117928,"25":0.9632353187,"26":0.9430146813,"27":0.9558823705,"28":0.9558823705,"29":0.9632353187,"30":0.8308823705,"31":0.9485294223,"32":0.9577205777,"33":0.9503676295,"34":0.8694853187,"35":0.9172794223,"36":0.9209558964,"37":0.9650735259,"38":0.9448529482,"39":0.8033088446,"40":0.9540441036,"41":0.9742646813,"42":0.9227941036,"43":0.9613970518,"44":0.96875,"45":0.8106617928}}