{"loss":{"0":1.8003821564,"1":1.2048892461,"2":0.9318488036,"3":0.7373038944,"4":0.5811446022,"5":0.4690238901,"6":0.3722367465,"7":0.3259006929,"8":0.2881868442,"9":0.2576559921,"10":0.239607139,"11":0.221663311,"12":0.1881871017,"13":0.1845024409,"14":0.1728732132,"15":0.1558080928,"16":0.1336879526,"17":0.1419901049,"18":0.1300913099,"19":0.117377752,"20":0.1149606335,"21":0.1252044007,"22":0.0977204153,"23":0.1103478521,"24":0.1032027976,"25":0.0880190038,"26":0.0929257158,"27":0.0801699311,"28":0.0875230722,"29":0.0882523656,"30":0.0823177444,"31":0.0764868663,"32":0.0755468566,"33":0.0794642177,"34":0.0677362238,"35":0.0714293851,"36":0.0677467917,"37":0.0717522245,"38":0.0624549396,"39":0.062827268,"40":0.0634668082,"41":0.0697470964,"42":0.0594670832,"43":0.0571498546,"44":0.0733277147,"45":0.0630164904,"46":0.0431086704,"47":0.0508128925,"48":0.0468394199,"49":0.0575344037,"50":0.047323017,"51":0.0616466987,"52":0.0509151459,"53":0.0526266899,"54":0.0513366798,"55":0.0408712603,"56":0.0646665684,"57":0.0420549838,"58":0.0514538191,"59":0.0439281363,"60":0.041986845,"61":0.0478433039,"62":0.0428038471,"63":0.0473534326,"64":0.0404093964,"65":0.0343737191,"66":0.0508827512,"67":0.033839756,"68":0.0424308488,"69":0.0318359913,"70":0.0485332473},"acc":{"0":0.3141694367,"1":0.5388146639,"2":0.6568238735,"3":0.7419657707,"4":0.7985183597,"5":0.8443238735,"6":0.8830342293,"7":0.8950333595,"8":0.9058848023,"9":0.9195533991,"10":0.926857233,"11":0.9322829843,"12":0.9420909882,"13":0.9454298615,"14":0.9483514428,"15":0.9538814425,"16":0.9586811066,"17":0.957742095,"18":0.9600375891,"19":0.9632720947,"20":0.9657762647,"21":0.9621243477,"22":0.9699499011,"23":0.9657762647,"24":0.9710976481,"25":0.9745408893,"26":0.9721410871,"27":0.9752712846,"28":0.9743322134,"29":0.9743322134,"30":0.9762103558,"31":0.9792362452,"32":0.9781928062,"33":0.9771494269,"34":0.9796535969,"35":0.9803839922,"36":0.9780884981,"37":0.9798622727,"38":0.9821577668,"39":0.9825751185,"40":0.9806969762,"41":0.9795492291,"42":0.983096838,"43":0.983096838,"44":0.979757905,"45":0.9818447232,"46":0.9870617986,"47":0.9853923321,"48":0.9863314033,"49":0.9847663045,"50":0.9864357114,"51":0.9825751185,"52":0.9859140515,"53":0.9839315414,"54":0.9854966402,"55":0.9882095456,"56":0.9827837944,"57":0.9886268973,"58":0.9868530631,"59":0.9881051779,"60":0.9865400791,"61":0.9863314033,"62":0.9887312055,"63":0.9872704744,"64":0.9882095456,"65":0.9902963042,"66":0.9868530631,"67":0.9900876284,"68":0.9890442491,"69":0.9914440513,"70":0.9864357114},"val_loss":{"0":2.0664415184,"1":1.0191367654,"2":0.6996149543,"3":0.5569505512,"4":0.7300802076,"5":0.4993592112,"6":0.7869485921,"7":0.9075631987,"8":0.3385980409,"9":1.1858856702,"10":0.6968670238,"11":0.6899474286,"12":0.3051117534,"13":1.005861208,"14":0.6469672876,"15":0.4014564249,"16":1.3020521387,"17":0.8309851919,"18":0.5224044578,"19":0.7966721625,"20":0.249917317,"21":0.3568886054,"22":0.3264219832,"23":0.4285675904,"24":0.2038167804,"25":0.2356109146,"26":0.461480608,"27":0.4006267109,"28":0.1991956967,"29":0.2116310695,"30":0.2482225197,"31":0.2453827931,"32":0.2468062003,"33":0.2200086974,"34":0.2690972777,"35":0.4131308639,"36":0.3821033558,"37":0.4284980556,"38":0.3410859095,"39":0.2924572035,"40":0.386743435,"41":0.4535824653,"42":0.1961048369,"43":0.2660915215,"44":0.2492698563,"45":0.3499587177,"46":0.2562165794,"47":0.4063344841,"48":0.3083485712,"49":0.2413071075,"50":0.1744336711,"51":0.4146605957,"52":0.2545386987,"53":0.1895701073,"54":0.2191350755,"55":0.2044126266,"56":0.3254498584,"57":0.2676137672,"58":0.7197802445,"59":0.313368882,"60":0.3382406771,"61":0.2158294823,"62":0.2349658097,"63":0.2451533468,"64":0.299562926,"65":0.4349027643,"66":0.2631509833,"67":0.2686449571,"68":0.2695420185,"69":0.4305042287,"70":0.3298056833},"val_acc":{"0":0.2573529482,"1":0.5422794223,"2":0.7463235259,"3":0.7849264741,"4":0.7591911554,"5":0.8014705777,"6":0.78125,"7":0.7352941036,"8":0.8970588446,"9":0.6507353187,"10":0.7775735259,"11":0.8529411554,"12":0.90625,"13":0.6985294223,"14":0.8290441036,"15":0.8988970518,"16":0.6893382072,"17":0.7573529482,"18":0.8345588446,"19":0.7371323705,"20":0.9283088446,"21":0.8970588446,"22":0.9154411554,"23":0.8970588446,"24":0.9485294223,"25":0.9466911554,"26":0.8731617928,"27":0.8970588446,"28":0.9613970518,"29":0.9448529482,"30":0.9356617928,"31":0.9411764741,"32":0.9393382072,"33":0.9375,"34":0.9430146813,"35":0.8621323705,"36":0.9246323705,"37":0.8915441036,"38":0.9209558964,"39":0.9319853187,"40":0.875,"41":0.8897058964,"42":0.9485294223,"43":0.9375,"44":0.9393382072,"45":0.9136029482,"46":0.9375,"47":0.8915441036,"48":0.9246323705,"49":0.9375,"50":0.9522058964,"51":0.8713235259,"52":0.9485294223,"53":0.9613970518,"54":0.9613970518,"55":0.9411764741,"56":0.9044117928,"57":0.9485294223,"58":0.8345588446,"59":0.9283088446,"60":0.9411764741,"61":0.9540441036,"62":0.9577205777,"63":0.9466911554,"64":0.9301470518,"65":0.9099264741,"66":0.9411764741,"67":0.9485294223,"68":0.9595588446,"69":0.8878676295,"70":0.9283088446}}