{"loss":{"0":1.591486383,"1":0.6992636498,"2":0.3948699805,"3":0.2722885108,"4":0.2086262861,"5":0.1649930887,"6":0.1486972609,"7":0.1264831432,"8":0.0979134813,"9":0.1014070844,"10":0.0821299321,"11":0.0770858257,"12":0.06858827,"13":0.0629141268,"14":0.0625251949,"15":0.0537939241,"16":0.0630469198,"17":0.0400073522,"18":0.0661801974,"19":0.0479406944,"20":0.0442233503,"21":0.0361512179,"22":0.0472479755,"23":0.0379482102,"24":0.0318823987,"25":0.0497743033,"26":0.0244622751,"27":0.0382111015,"28":0.0327679397,"29":0.0343826795,"30":0.0382306494,"31":0.0286410475,"32":0.0371327309,"33":0.0239108368,"34":0.0286499381,"35":0.0285071113,"36":0.0293731708,"37":0.0320999628,"38":0.0274249748,"39":0.0269149025,"40":0.023773927,"41":0.0201226739,"42":0.020413707,"43":0.0271128787,"44":0.0170670442,"45":0.0224401611,"46":0.0208857973,"47":0.0176217971,"48":0.0359060821,"49":0.020920858,"50":0.0205588334,"51":0.0194912263,"52":0.017978395,"53":0.0217513104,"54":0.020596478,"55":0.0309069916,"56":0.0177506511,"57":0.0154621533,"58":0.0223784727,"59":0.016121535,"60":0.0339411357,"61":0.0078832047,"62":0.0216471813,"63":0.0217037035,"64":0.0188657536,"65":0.0194996806,"66":0.0157564703,"67":0.0250986284,"68":0.0128199283,"69":0.024635849},"acc":{"0":0.3991868198,"1":0.7384278774,"2":0.862072587,"3":0.9075270891,"4":0.9282735586,"5":0.9468306899,"6":0.9488115311,"7":0.96132195,"8":0.9670558572,"9":0.9689324498,"10":0.9738323689,"11":0.9753961563,"12":0.977481246,"13":0.979357779,"14":0.9802960753,"15":0.9834237099,"16":0.9816513658,"17":0.9868640304,"18":0.9802960753,"19":0.9863427877,"20":0.9867597818,"21":0.9898874164,"22":0.9861342907,"23":0.9885321259,"24":0.9905129075,"25":0.9858215451,"26":0.993640542,"27":0.9891576171,"28":0.9909299612,"29":0.98894912,"30":0.9894703627,"31":0.9916597009,"32":0.9897831678,"33":0.9929107428,"34":0.9925979972,"35":0.9916597009,"36":0.9924937487,"37":0.9896789193,"38":0.9924937487,"39":0.9928064942,"40":0.9924937487,"41":0.9928064942,"42":0.9935362935,"43":0.9916597009,"44":0.9943702817,"45":0.9939532876,"46":0.9930149913,"47":0.9952043295,"48":0.9909299612,"49":0.9947873354,"50":0.9940575361,"51":0.993640542,"52":0.9948915839,"53":0.9941617846,"54":0.995100081,"55":0.9918681979,"56":0.995308578,"57":0.9957256317,"58":0.993640542,"59":0.995308578,"60":0.9914512038,"61":0.9976021647,"62":0.9941617846,"63":0.9948915839,"64":0.9945788383,"65":0.9937447906,"66":0.9954128265,"67":0.993640542,"68":0.9964553714,"69":0.9930149913},"val_loss":{"0":1.5277419204,"1":1.323018649,"2":0.7513097032,"3":0.2709171817,"4":0.3816112045,"5":0.4880094889,"6":0.324438798,"7":0.7545072722,"8":0.4275176983,"9":1.126831709,"10":0.3173829201,"11":0.1771196904,"12":0.1000710373,"13":0.850996551,"14":0.2482326998,"15":0.7015942059,"16":0.1845731147,"17":0.3499111746,"18":0.2422930029,"19":0.1145984357,"20":0.3072856896,"21":1.7547166734,"22":0.3238303256,"23":0.1206756317,"24":0.3660681624,"25":0.2015482422,"26":0.1207038909,"27":0.1603478309,"28":0.1843246021,"29":0.3242969621,"30":0.0967783521,"31":0.2230503679,"32":0.3005894202,"33":0.1313273153,"34":0.7015185365,"35":0.1306489636,"36":0.5649048805,"37":0.2790613522,"38":0.551295143,"39":0.4059330213,"40":0.6221234741,"41":0.0978023717,"42":0.1684688281,"43":0.1768953404,"44":0.3180767963,"45":0.1917883625,"46":0.3958681649,"47":0.1032952406,"48":0.5207885538,"49":0.075085642,"50":0.423394065,"51":0.1691222144,"52":0.0867566967,"53":0.1202282393,"54":0.0873773826,"55":0.1578197517,"56":0.2035410972,"57":0.1437293832,"58":0.6494155245,"59":0.1411315533,"60":0.1262498371,"61":0.1638459218,"62":0.2035786995,"63":0.1246497519,"64":0.3830357842,"65":0.1660891894,"66":0.2363708421,"67":0.1417350269,"68":0.1583217937,"69":0.0839409793},"val_acc":{"0":0.3970588148,"1":0.6084558964,"2":0.7224264741,"3":0.90625,"4":0.8731617928,"5":0.8345588446,"6":0.9080882072,"7":0.7702205777,"8":0.8455882072,"9":0.6966911554,"10":0.9080882072,"11":0.9430146813,"12":0.9705882072,"13":0.7316176295,"14":0.9246323705,"15":0.8345588446,"16":0.9375,"17":0.8897058964,"18":0.9283088446,"19":0.9595588446,"20":0.9246323705,"21":0.6672794223,"22":0.8952205777,"23":0.9705882072,"24":0.8933823705,"25":0.9283088446,"26":0.9669117928,"27":0.9613970518,"28":0.9595588446,"29":0.90625,"30":0.9742646813,"31":0.9448529482,"32":0.9172794223,"33":0.9613970518,"34":0.84375,"35":0.9595588446,"36":0.8529411554,"37":0.9246323705,"38":0.8511029482,"39":0.9007353187,"40":0.7683823705,"41":0.9669117928,"42":0.9503676295,"43":0.9448529482,"44":0.9411764741,"45":0.9485294223,"46":0.9209558964,"47":0.9742646813,"48":0.9007353187,"49":0.9779411554,"50":0.8639705777,"51":0.96875,"52":0.9761029482,"53":0.9742646813,"54":0.96875,"55":0.9613970518,"56":0.9411764741,"57":0.9705882072,"58":0.8400735259,"59":0.9669117928,"60":0.9669117928,"61":0.9669117928,"62":0.9466911554,"63":0.9632353187,"64":0.9246323705,"65":0.9705882072,"66":0.9485294223,"67":0.9669117928,"68":0.9540441036,"69":0.9761029482}}