{"loss":{"0":1.7620260745,"1":1.1691025675,"2":0.8908991015,"3":0.7052569917,"4":0.5497872053,"5":0.4488892452,"6":0.3814714299,"7":0.3129647142,"8":0.3017236797,"9":0.2577429626,"10":0.2372876694,"11":0.2084869884,"12":0.1813622632,"13":0.1804466691,"14":0.1593273735,"15":0.1487732566,"16":0.1403056284,"17":0.1385293875,"18":0.1405925489,"19":0.1223028029,"20":0.1205756742,"21":0.108632503,"22":0.1172390024,"23":0.0997605282,"24":0.0961605843,"25":0.0928508312,"26":0.0980798936,"27":0.0792429623,"28":0.0910170262,"29":0.084450921,"30":0.0742181119,"31":0.0778486844,"32":0.0731312939,"33":0.0689545064,"34":0.0673318685,"35":0.0649107711,"36":0.0696661812,"37":0.0655193443,"38":0.0687949891,"39":0.0652475303,"40":0.0639892465,"41":0.0572361881,"42":0.0603673103,"43":0.0585117969,"44":0.0622953666,"45":0.0610467978,"46":0.0591224191,"47":0.0520461036,"48":0.0551113712,"49":0.050155348,"50":0.0468824777,"51":0.0499160192,"52":0.0570141664,"53":0.0483559297,"54":0.0430105934,"55":0.0470404274,"56":0.0525484727,"57":0.0552018977,"58":0.0430939442,"59":0.049273595,"60":0.0453308962,"61":0.0393069352,"62":0.0475115619,"63":0.041229505,"64":0.0436037656,"65":0.0415948485,"66":0.0454103917},"acc":{"0":0.3179257214,"1":0.5548831224,"2":0.6660058498,"3":0.748852253,"4":0.8146911263,"5":0.8538188934,"6":0.8773998618,"7":0.9004591107,"8":0.9078672528,"9":0.9222663045,"10":0.9251878262,"11":0.9379173517,"12":0.9419866204,"13":0.9451168776,"14":0.9525250196,"15":0.9552379251,"16":0.9582637548,"17":0.9556552768,"18":0.9605592489,"19":0.96400249,"20":0.9651502371,"21":0.9696369171,"22":0.965045929,"23":0.9719324112,"24":0.9717237353,"25":0.9733931422,"26":0.9725584388,"27":0.9753756523,"28":0.9747495651,"29":0.9756886363,"30":0.9798622727,"31":0.9770450592,"32":0.979757905,"33":0.9805926681,"34":0.9795492291,"35":0.9804883003,"36":0.9808013439,"37":0.9822620749,"38":0.9808013439,"39":0.9818447232,"40":0.9815317392,"41":0.9832011461,"42":0.9824708104,"43":0.9826794863,"44":0.9832011461,"45":0.9826794863,"46":0.9839315414,"47":0.9854966402,"48":0.983409822,"49":0.9848706126,"50":0.986748755,"51":0.9860183597,"52":0.9850792885,"53":0.9871661067,"54":0.9856010079,"55":0.9873747826,"56":0.9853923321,"57":0.9835141897,"58":0.9885225296,"59":0.9870617986,"60":0.9871661067,"61":0.9881051779,"62":0.9866443872,"63":0.9894616008,"64":0.9876878262,"65":0.9888355732,"66":0.986748755},"val_loss":{"0":1.2935393926,"1":1.4827259805,"2":1.938858595,"3":1.0522022405,"4":0.5599469545,"5":0.5756883105,"6":0.3873722609,"7":0.827631371,"8":0.4036968874,"9":0.4745456096,"10":0.6088852565,"11":0.2546365267,"12":0.600064683,"13":0.3831316322,"14":0.2572001285,"15":0.1972703085,"16":0.2891468055,"17":0.4117065032,"18":0.1556142487,"19":0.2967768502,"20":0.2323523088,"21":0.1997926842,"22":0.3426569471,"23":0.3447611248,"24":0.1906522169,"25":0.181746483,"26":0.674790591,"27":0.2567687307,"28":0.1757119442,"29":0.1531598752,"30":0.2394042776,"31":0.1571137764,"32":0.242813147,"33":0.2577633788,"34":0.2269220876,"35":0.4794732724,"36":0.3957958356,"37":0.2069657972,"38":0.3369738495,"39":0.174371455,"40":0.3260967794,"41":0.9099411874,"42":0.1715019862,"43":0.2624031594,"44":0.4763439443,"45":0.3890112179,"46":0.1486559319,"47":0.3092669027,"48":0.8368510585,"49":0.2947264807,"50":0.1872339572,"51":0.211838656,"52":0.1562166578,"53":0.2573246212,"54":0.3264127955,"55":0.1627025557,"56":2.5697553915,"57":0.3214268272,"58":0.1510912865,"59":0.17656428,"60":0.3842914002,"61":0.5983988885,"62":0.2402307299,"63":0.221577512,"64":0.1525780146,"65":0.4385238152,"66":0.1895104789},"val_acc":{"0":0.6102941036,"1":0.4007352889,"2":0.4816176593,"3":0.5808823705,"4":0.7849264741,"5":0.7904411554,"6":0.8694853187,"7":0.7555146813,"8":0.8529411554,"9":0.8327205777,"10":0.7922794223,"11":0.9154411554,"12":0.8180146813,"13":0.8511029482,"14":0.9264705777,"15":0.9375,"16":0.90625,"17":0.8694853187,"18":0.9466911554,"19":0.90625,"20":0.9209558964,"21":0.9375,"22":0.8970588446,"23":0.9007353187,"24":0.9595588446,"25":0.9522058964,"26":0.8051470518,"27":0.9283088446,"28":0.9595588446,"29":0.9613970518,"30":0.9319853187,"31":0.9503676295,"32":0.9411764741,"33":0.9154411554,"34":0.9356617928,"35":0.8547794223,"36":0.8841911554,"37":0.9375,"38":0.9117646813,"39":0.9577205777,"40":0.9080882072,"41":0.8088235259,"42":0.9632353187,"43":0.9319853187,"44":0.8841911554,"45":0.8988970518,"46":0.9595588446,"47":0.9191176295,"48":0.7555146813,"49":0.9080882072,"50":0.9558823705,"51":0.9448529482,"52":0.9540441036,"53":0.9283088446,"54":0.9154411554,"55":0.9577205777,"56":0.6691176295,"57":0.9301470518,"58":0.9613970518,"59":0.9613970518,"60":0.8933823705,"61":0.8970588446,"62":0.9503676295,"63":0.9448529482,"64":0.9558823705,"65":0.8897058964,"66":0.9632353187}}