{"loss":{"0":1.5442130581,"1":0.886287326,"2":0.5736093744,"3":0.4121281354,"4":0.3530542178,"5":0.2858469134,"6":0.2485321315,"7":0.2261332479,"8":0.2083342606,"9":0.1848131009,"10":0.1683294627,"11":0.1600266644,"12":0.1556960908,"13":0.1369587687,"14":0.1381443574,"15":0.1223009837,"16":0.1143839097,"17":0.1282306162,"18":0.1113505307,"19":0.1030889137,"20":0.1079408982,"21":0.1020608368,"22":0.0932560194,"23":0.0939516378,"24":0.0815209871,"25":0.0823090163,"26":0.088896423,"27":0.0751784543,"28":0.0818555924,"29":0.0777646149,"30":0.0691747667,"31":0.0753824822,"32":0.0832302695,"33":0.0645706063,"34":0.0608445511,"35":0.065536582,"36":0.0637666978,"37":0.0636946806,"38":0.0621271762,"39":0.0665058209,"40":0.0604232448,"41":0.0640675218,"42":0.0563389991,"43":0.0562404639,"44":0.0671728246,"45":0.0508421594,"46":0.0560770301,"47":0.0552012795,"48":0.0637298115,"49":0.0418580918,"50":0.0558162631,"51":0.0516894656,"52":0.0493026602,"53":0.048028533,"54":0.0456833941,"55":0.0557997992,"56":0.0523609534,"57":0.0349234603,"58":0.0505186812,"59":0.0490252124,"60":0.0458545956,"61":0.0429494743,"62":0.0401629343,"63":0.0489932127,"64":0.0463204678,"65":0.0487094565,"66":0.0418316641,"67":0.0434848981,"68":0.0453038072,"69":0.0405773777,"70":0.0468252935},"acc":{"0":0.4186143577,"1":0.6579716206,"2":0.7895450592,"3":0.8568447232,"4":0.8729131818,"5":0.8984766006,"6":0.9120408893,"7":0.9212228656,"8":0.9291527271,"9":0.938647747,"10":0.9444907904,"11":0.9438647628,"12":0.9469950199,"13":0.9535684586,"14":0.9520033598,"15":0.9582637548,"16":0.962541759,"17":0.9586811066,"18":0.9637938142,"19":0.9654632807,"20":0.9636895061,"21":0.9686978459,"22":0.967341423,"23":0.9684891701,"24":0.9754799604,"25":0.9718280435,"26":0.9693238735,"27":0.974645257,"28":0.9738104939,"29":0.975793004,"30":0.978610158,"31":0.9769407511,"32":0.9721410871,"33":0.9788188934,"34":0.9799666405,"35":0.978610158,"36":0.978297174,"37":0.9817404151,"38":0.9799666405,"39":0.9788188934,"40":0.9805926681,"41":0.9799666405,"42":0.9816360474,"43":0.9815317392,"44":0.9775667787,"45":0.9833055139,"46":0.9832011461,"47":0.9832011461,"48":0.979757905,"49":0.9857053161,"50":0.980905652,"51":0.9838272333,"52":0.9839315414,"53":0.9860183597,"54":0.9862270355,"55":0.9823664427,"56":0.9838272333,"57":0.9897746444,"58":0.9838272333,"59":0.9856010079,"60":0.9848706126,"61":0.9866443872,"62":0.9880008101,"63":0.984557569,"64":0.9860183597,"65":0.984557569,"66":0.9872704744,"67":0.9877921343,"68":0.9856010079,"69":0.9885225296,"70":0.984557569},"val_loss":{"0":2.1679192185,"1":0.8367761926,"2":1.7015972273,"3":1.3364390402,"4":2.7313298491,"5":0.8776863946,"6":3.7818742447,"7":0.62013645,"8":1.5477029114,"9":0.8377442967,"10":0.6081252449,"11":0.5284501054,"12":0.3379975359,"13":2.7188111905,"14":0.5470188751,"15":1.0983437041,"16":0.9641348028,"17":0.3404309229,"18":0.5906682653,"19":0.3011006941,"20":0.683084856,"21":0.8226377537,"22":1.5626029013,"23":0.49510238,"24":0.4346024025,"25":1.6446446833,"26":0.7657349511,"27":0.3879467945,"28":0.6027714668,"29":0.697024629,"30":0.600018497,"31":0.303111771,"32":0.5659593544,"33":0.5675810695,"34":0.3961081324,"35":0.2713617054,"36":0.3425025117,"37":0.3346619781,"38":0.7695526389,"39":0.3567984627,"40":0.4769481463,"41":1.3277786957,"42":0.6716539967,"43":0.3566224558,"44":0.779529988,"45":0.3452700216,"46":0.3707647435,"47":0.353486711,"48":0.6733571181,"49":0.4458385188,"50":0.219843211,"51":0.650006075,"52":0.35677432,"53":0.4720007054,"54":0.3207494793,"55":0.233825514,"56":0.2618157616,"57":2.7942757326,"58":0.2583213099,"59":0.4046190071,"60":0.283421488,"61":0.2815325465,"62":0.2848305449,"63":0.3237127374,"64":0.2434801888,"65":0.3696445655,"66":0.3545144039,"67":0.2520997956,"68":0.3488816676,"69":0.5955604862,"70":0.9983764624},"val_acc":{"0":0.185661763,"1":0.6801470518,"2":0.4338235259,"3":0.5680146813,"4":0.5533088446,"5":0.7647058964,"6":0.4136029482,"7":0.7702205777,"8":0.5496323705,"9":0.7040441036,"10":0.7977941036,"11":0.8125,"12":0.8988970518,"13":0.5588235259,"14":0.7738970518,"15":0.7077205777,"16":0.7794117928,"17":0.8970588446,"18":0.8069853187,"19":0.9025735259,"20":0.7867646813,"21":0.6727941036,"22":0.6875,"23":0.8713235259,"24":0.8823529482,"25":0.7334558964,"26":0.7886029482,"27":0.8878676295,"28":0.7757353187,"29":0.7849264741,"30":0.8492646813,"31":0.9025735259,"32":0.8455882072,"33":0.7959558964,"34":0.9117646813,"35":0.9209558964,"36":0.8933823705,"37":0.9338235259,"38":0.8235294223,"39":0.9044117928,"40":0.8639705777,"41":0.7334558964,"42":0.8602941036,"43":0.9099264741,"44":0.7628676295,"45":0.8970588446,"46":0.90625,"47":0.90625,"48":0.8125,"49":0.8474264741,"50":0.9393382072,"51":0.78125,"52":0.9283088446,"53":0.90625,"54":0.9227941036,"55":0.9466911554,"56":0.9080882072,"57":0.6764705777,"58":0.9393382072,"59":0.8915441036,"60":0.9209558964,"61":0.9430146813,"62":0.9356617928,"63":0.9025735259,"64":0.9356617928,"65":0.8897058964,"66":0.9356617928,"67":0.9393382072,"68":0.9044117928,"69":0.8860294223,"70":0.7150735259}}