{"loss":{"0":1.7160604378,"1":1.1537392285,"2":0.8446212775,"3":0.6398489767,"4":0.5347041744,"5":0.430672642,"6":0.3688561772,"7":0.3246936023,"8":0.2871951981,"9":0.251886048,"10":0.2447201653,"11":0.2116803051,"12":0.1946706911,"13":0.184643619,"14":0.1845967085,"15":0.1504976259,"16":0.1568087822,"17":0.1405443866,"18":0.1313693758,"19":0.1302485353,"20":0.1230147919,"21":0.112136555,"22":0.0981093557,"23":0.118680447,"24":0.1107644667,"25":0.0934120846,"26":0.0958703892,"27":0.0999320808,"28":0.0997608922,"29":0.090864905,"30":0.0746863485,"31":0.0750512648,"32":0.0729633905,"33":0.0731270591,"34":0.0763432795,"35":0.0770714773,"36":0.0737827732,"37":0.0733103572,"38":0.0712892032,"39":0.0693206269,"40":0.0732368557,"41":0.0624268351,"42":0.070243596,"43":0.0552636422,"44":0.0632152713,"45":0.0588571707,"46":0.0632691246,"47":0.0584728795,"48":0.0574705203,"49":0.0575411805,"50":0.0601187623,"51":0.0459375618,"52":0.0539940505,"53":0.0490909325,"54":0.0553636725,"55":0.0532809609,"56":0.0463444845,"57":0.0525491354,"58":0.0469884932,"59":0.0477147371,"60":0.0420112501,"61":0.0350335462,"62":0.0565459055,"63":0.0477897931,"64":0.0498999758,"65":0.0415194848,"66":0.0356190475,"67":0.0409471012,"68":0.0476282676,"69":0.0460052082,"70":0.0528186957,"71":0.0391950664,"72":0.0443166055,"73":0.0363634726,"74":0.042195717,"75":0.0351915966,"76":0.0417451134,"77":0.0395924619,"78":0.0405479971,"79":0.0379349606,"80":0.0349471284,"81":0.0365532841},"acc":{"0":0.3467237055,"1":0.5637521148,"2":0.7049248815,"3":0.7817195058,"4":0.8276293874,"5":0.8604966402,"6":0.8767737746,"7":0.8962854743,"8":0.9079716206,"9":0.9210141897,"10":0.9240400791,"11":0.9347871542,"12":0.9402128458,"13":0.9418823123,"14":0.9443864822,"15":0.9550291896,"16":0.9513772726,"17":0.9600375891,"18":0.9604549408,"19":0.9629591107,"20":0.9621243477,"21":0.9647328854,"22":0.9695325494,"23":0.9637938142,"24":0.9664023519,"25":0.9721410871,"26":0.97349751,"27":0.9705759883,"28":0.9720367193,"29":0.9725584388,"30":0.9789232016,"31":0.9747495651,"32":0.9774624109,"33":0.9765233994,"34":0.9770450592,"35":0.9766277075,"36":0.9789232016,"37":0.9779841304,"38":0.9801753163,"39":0.9799666405,"40":0.9790275693,"41":0.9825751185,"42":0.9775667787,"43":0.9836185575,"44":0.9825751185,"45":0.9847663045,"46":0.9808013439,"47":0.9824708104,"48":0.9825751185,"49":0.9818447232,"50":0.9832011461,"51":0.9863314033,"52":0.9836185575,"53":0.9849749804,"54":0.984244585,"55":0.9841402173,"56":0.9864357114,"57":0.984557569,"58":0.9863314033,"59":0.9858096838,"60":0.9864357114,"61":0.9898789525,"62":0.984557569,"63":0.9859140515,"64":0.9865400791,"65":0.987896502,"66":0.9900876284,"67":0.986748755,"68":0.9851836562,"69":0.986748755,"70":0.9853923321,"71":0.9902963042,"72":0.9869574308,"73":0.9889398813,"74":0.9873747826,"75":0.9891485572,"76":0.9892529249,"77":0.9887312055,"78":0.9888355732,"79":0.9886268973,"80":0.9888355732,"81":0.9894616008},"val_loss":{"0":1.7527721612,"1":1.8477387726,"2":3.3207738014,"3":0.7116362082,"4":0.7135352035,"5":0.718110894,"6":0.503447728,"7":0.8782560998,"8":0.4370545568,"9":0.3368705464,"10":0.3017761744,"11":0.5707993803,"12":0.3750980075,"13":0.2743857944,"14":0.1802707103,"15":0.5663290233,"16":0.3838880472,"17":0.1942879787,"18":0.343752566,"19":0.4100748702,"20":0.2659139047,"21":0.1887517544,"22":0.1387060548,"23":0.1277017508,"24":0.1576398599,"25":0.2546541793,"26":0.2244276805,"27":0.4173573131,"28":0.158832244,"29":0.1814788383,"30":0.3421389943,"31":0.157934179,"32":0.1735275273,"33":0.391357473,"34":0.3311198552,"35":0.6950656037,"36":0.3163602774,"37":0.154428474,"38":0.1687057018,"39":0.2446676408,"40":0.6258966638,"41":0.424994661,"42":0.0821322241,"43":1.0321052062,"44":0.1421531347,"45":0.1755743187,"46":0.0917611756,"47":0.1416192846,"48":0.4308034589,"49":0.1109683728,"50":0.1928131147,"51":0.2872995296,"52":0.2442125669,"53":0.1740097138,"54":0.455453478,"55":0.1432869527,"56":0.1194107668,"57":0.1823819078,"58":0.1316755173,"59":0.1798875595,"60":0.1262827617,"61":0.0796660901,"62":0.1048384357,"63":0.2432217103,"64":0.1196505591,"65":0.5548583908,"66":0.1974773491,"67":0.1242641656,"68":0.1952009103,"69":0.1687577122,"70":0.0797782373,"71":0.2167028461,"72":0.1500251837,"73":0.1838402267,"74":0.1239074711,"75":0.0986461109,"76":0.3472932622,"77":0.1840535952,"78":0.2976174224,"79":0.1688831348,"80":0.1626907213,"81":0.5268373435},"val_acc":{"0":0.3125,"1":0.2904411852,"2":0.1139705852,"3":0.7573529482,"4":0.7352941036,"5":0.7573529482,"6":0.8382353187,"7":0.7150735259,"8":0.8602941036,"9":0.8970588446,"10":0.9154411554,"11":0.8308823705,"12":0.875,"13":0.8970588446,"14":0.9283088446,"15":0.8125,"16":0.8694853187,"17":0.9338235259,"18":0.90625,"19":0.8713235259,"20":0.9264705777,"21":0.9246323705,"22":0.9558823705,"23":0.9705882072,"24":0.9595588446,"25":0.9393382072,"26":0.9411764741,"27":0.8860294223,"28":0.9558823705,"29":0.9393382072,"30":0.8933823705,"31":0.9577205777,"32":0.9393382072,"33":0.8786764741,"34":0.9007353187,"35":0.8143382072,"36":0.9099264741,"37":0.9650735259,"38":0.9411764741,"39":0.9301470518,"40":0.8511029482,"41":0.8786764741,"42":0.9705882072,"43":0.8235294223,"44":0.9540441036,"45":0.9283088446,"46":0.9669117928,"47":0.96875,"48":0.9264705777,"49":0.9650735259,"50":0.9466911554,"51":0.9356617928,"52":0.9375,"53":0.9540441036,"54":0.8621323705,"55":0.9540441036,"56":0.9669117928,"57":0.9466911554,"58":0.9632353187,"59":0.9448529482,"60":0.9705882072,"61":0.9742646813,"62":0.9705882072,"63":0.9301470518,"64":0.9724264741,"65":0.8529411554,"66":0.9375,"67":0.9669117928,"68":0.9503676295,"69":0.9522058964,"70":0.9742646813,"71":0.9613970518,"72":0.9632353187,"73":0.9595588446,"74":0.9613970518,"75":0.9797794223,"76":0.9227941036,"77":0.9558823705,"78":0.9154411554,"79":0.9430146813,"80":0.9577205777,"81":0.8933823705}}