{"loss":{"0":1.4822865772,"1":0.5696328876,"2":0.3248109561,"3":0.2205608333,"4":0.1731825839,"5":0.1421764723,"6":0.1236004971,"7":0.1086901997,"8":0.097220637,"9":0.0969406652,"10":0.0750491684,"11":0.0684272228,"12":0.066493556,"13":0.0629167172,"14":0.0607568007,"15":0.056148609,"16":0.0519024657,"17":0.0515522505,"18":0.04342977,"19":0.0419998305,"20":0.0346585016,"21":0.0388348385,"22":0.0435007559,"23":0.0444499994,"24":0.0337724282,"25":0.0361716318,"26":0.0221828609,"27":0.038195677,"28":0.0283262909,"29":0.048237259,"30":0.0249821947,"31":0.0349509125,"32":0.0314893678,"33":0.0256713883,"34":0.0264202577,"35":0.0240788465,"36":0.0194724408,"37":0.031742603,"38":0.0259407312,"39":0.0363385235,"40":0.0197573226,"41":0.0218989326,"42":0.0195371451,"43":0.0235318692},"acc":{"0":0.4313439131,"1":0.7969532609,"2":0.8862687945,"3":0.9259182215,"4":0.9444907904,"5":0.9530467391,"6":0.9598288536,"7":0.9646285772,"8":0.9664023519,"9":0.9712020159,"10":0.9777754545,"11":0.9771494269,"12":0.9787145257,"13":0.979444921,"14":0.9835141897,"15":0.9812186956,"16":0.9859140515,"17":0.9858096838,"18":0.9860183597,"19":0.9869574308,"20":0.9899833202,"21":0.9875834584,"22":0.9877921343,"23":0.9857053161,"24":0.9899833202,"25":0.9882095456,"26":0.992696166,"27":0.989357233,"28":0.991548419,"29":0.9857053161,"30":0.9923831224,"31":0.9902963042,"32":0.991548419,"33":0.9919657707,"34":0.9917570949,"35":0.9924874902,"36":0.9950959682,"37":0.9906093478,"38":0.9921744466,"39":0.9906093478,"40":0.9940525889,"41":0.9940525889,"42":0.9945743084,"43":0.9933221936},"val_loss":{"0":1.9907688884,"1":0.6512096025,"2":1.0498693798,"3":0.5144881687,"4":0.8229349481,"5":0.6879362385,"6":2.6233734572,"7":0.8812929879,"8":0.5635145501,"9":0.3701077449,"10":0.5800585018,"11":0.3596924412,"12":0.3601201588,"13":1.9069929893,"14":0.3243259428,"15":0.582462147,"16":0.627046509,"17":0.3393786822,"18":0.6871406224,"19":0.8203559126,"20":0.4001218436,"21":0.3626505856,"22":0.1497261818,"23":0.1350460192,"24":0.5555263927,"25":0.3062254131,"26":0.2971811121,"27":0.1621388948,"28":0.497049426,"29":0.2955159402,"30":0.3270313908,"31":0.332404725,"32":0.170999539,"33":0.190291437,"34":0.2252659974,"35":0.3889446466,"36":0.3336732228,"37":0.3571017466,"38":0.2035638463,"39":0.3633143195,"40":0.1890651657,"41":0.3672277107,"42":0.221487607,"43":0.7441737533},"val_acc":{"0":0.2573529482,"1":0.7683823705,"2":0.6875,"3":0.8161764741,"4":0.7886029482,"5":0.7775735259,"6":0.5992646813,"7":0.7757353187,"8":0.8639705777,"9":0.8860294223,"10":0.8511029482,"11":0.8823529482,"12":0.8897058964,"13":0.6636029482,"14":0.8933823705,"15":0.8455882072,"16":0.8658088446,"17":0.9283088446,"18":0.8584558964,"19":0.8033088446,"20":0.8933823705,"21":0.9154411554,"22":0.9613970518,"23":0.9522058964,"24":0.8805146813,"25":0.9209558964,"26":0.9080882072,"27":0.9558823705,"28":0.8786764741,"29":0.8988970518,"30":0.9264705777,"31":0.9264705777,"32":0.9577205777,"33":0.9503676295,"34":0.9411764741,"35":0.9154411554,"36":0.9264705777,"37":0.9117646813,"38":0.9430146813,"39":0.9172794223,"40":0.9595588446,"41":0.9448529482,"42":0.9540441036,"43":0.8547794223}}