{"loss":{"0":1.486965464,"1":0.8952689568,"2":0.5802359908,"3":0.4358274023,"4":0.3427074269,"5":0.2910194353,"6":0.260800193,"7":0.2372745743,"8":0.2044287493,"9":0.1877984327,"10":0.1809223985,"11":0.1568894466,"12":0.1484495944,"13":0.1503148978,"14":0.135400555,"15":0.1217557752,"16":0.1180639978,"17":0.1148776742,"18":0.1123879671,"19":0.1046605924,"20":0.1008352473,"21":0.1021408552,"22":0.1008227577,"23":0.0797885608,"24":0.0988748288,"25":0.076406029,"26":0.0938852875,"27":0.0837966497,"28":0.0780670035,"29":0.0763985212,"30":0.0776239405,"31":0.0730441863,"32":0.0689648412,"33":0.0839657502,"34":0.0715112083,"35":0.0649250068,"36":0.0711676858,"37":0.0662142972,"38":0.0568414257,"39":0.0554053566,"40":0.0690588465,"41":0.0604602824,"42":0.058205395,"43":0.0603475806,"44":0.055860827,"45":0.0600747249,"46":0.0603159646,"47":0.0471841448,"48":0.0479170991,"49":0.059561332,"50":0.0489223022,"51":0.0524412944,"52":0.0518686273,"53":0.0486070112,"54":0.0494324362,"55":0.0532218321,"56":0.049510555,"57":0.0537703631,"58":0.0432722786,"59":0.051144627,"60":0.0509978702,"61":0.0494811916,"62":0.0398192583,"63":0.0527622236,"64":0.0488240267,"65":0.0403679899},"acc":{"0":0.441151917,"1":0.6527546048,"2":0.7872495651,"3":0.83900249,"4":0.8784432411,"5":0.8984766006,"6":0.9052587748,"7":0.9176753163,"8":0.9303004742,"9":0.9376043677,"10":0.9377086759,"11":0.9452211857,"12":0.9477253556,"13":0.9466819763,"14":0.9571160078,"15":0.9561769366,"16":0.9574290514,"17":0.9589941502,"18":0.9631677866,"19":0.9645242095,"20":0.9668197036,"21":0.9689065218,"22":0.9688021541,"23":0.9732888341,"24":0.9685934782,"25":0.9748539329,"26":0.9683848023,"27":0.9741235375,"28":0.9732888341,"29":0.974645257,"30":0.9732888341,"31":0.975793004,"32":0.9767320752,"33":0.974958241,"34":0.9763146639,"35":0.9799666405,"36":0.9769407511,"37":0.9790275693,"38":0.9818447232,"39":0.9822620749,"40":0.9787145257,"41":0.9808013439,"42":0.9811143279,"43":0.9805926681,"44":0.9821577668,"45":0.9792362452,"46":0.9817404151,"47":0.9852879643,"48":0.9832011461,"49":0.980905652,"50":0.9850792885,"51":0.981949091,"52":0.9833055139,"53":0.9835141897,"54":0.9832011461,"55":0.9833055139,"56":0.9850792885,"57":0.9836185575,"58":0.9861227274,"59":0.9837228656,"60":0.9846619368,"61":0.9851836562,"62":0.9859140515,"63":0.9825751185,"64":0.9846619368,"65":0.9884182215},"val_loss":{"0":3.2631985808,"1":2.459988538,"2":1.0687878905,"3":0.4794009702,"4":1.0242052361,"5":0.8633107728,"6":0.7026955095,"7":0.4031395719,"8":0.6966232987,"9":1.3864824685,"10":0.5013159864,"11":0.8772049237,"12":0.6879829037,"13":0.7237388904,"14":0.4490169189,"15":0.3540091495,"16":2.1703703018,"17":0.8544308487,"18":0.6794710767,"19":0.4276067807,"20":0.2015995535,"21":0.2822119014,"22":0.4356747204,"23":0.3299940621,"24":0.3951632145,"25":0.7789728336,"26":0.4085889218,"27":0.6162298297,"28":0.1911461497,"29":0.6875565807,"30":0.6741767718,"31":0.3021043407,"32":0.2920010511,"33":2.2096696068,"34":0.3817766944,"35":1.9195610372,"36":0.6179846626,"37":0.229776749,"38":0.5876039425,"39":0.2692028125,"40":0.6736626034,"41":0.3340521628,"42":0.2684275826,"43":0.3072124957,"44":0.4951433192,"45":0.1699418447,"46":0.4085165081,"47":0.5574946142,"48":0.6885865621,"49":0.5038421047,"50":0.4087692528,"51":0.5872393845,"52":0.1943410858,"53":0.3294320603,"54":0.2986236493,"55":0.3329593824,"56":0.4269240819,"57":0.1873277166,"58":0.2618251108,"59":0.7049400168,"60":0.5136898587,"61":0.4460254096,"62":0.4318971016,"63":0.3540074952,"64":0.4032986367,"65":0.2886862759},"val_acc":{"0":0.1305147111,"1":0.2536764741,"2":0.6856617928,"3":0.8290441036,"4":0.5974264741,"5":0.7610294223,"6":0.7463235259,"7":0.8676470518,"8":0.7261029482,"9":0.5680146813,"10":0.8474264741,"11":0.7205882072,"12":0.7279411554,"13":0.6930146813,"14":0.8419117928,"15":0.8933823705,"16":0.5753676295,"17":0.6911764741,"18":0.7830882072,"19":0.8602941036,"20":0.9246323705,"21":0.9025735259,"22":0.8621323705,"23":0.90625,"24":0.8860294223,"25":0.7555146813,"26":0.8805146813,"27":0.7849264741,"28":0.9430146813,"29":0.8051470518,"30":0.8253676295,"31":0.9154411554,"32":0.9172794223,"33":0.7077205777,"34":0.8897058964,"35":0.5753676295,"36":0.7683823705,"37":0.9301470518,"38":0.8106617928,"39":0.9099264741,"40":0.8308823705,"41":0.90625,"42":0.9172794223,"43":0.9080882072,"44":0.8253676295,"45":0.9448529482,"46":0.8860294223,"47":0.8694853187,"48":0.8639705777,"49":0.8676470518,"50":0.8658088446,"51":0.8602941036,"52":0.9411764741,"53":0.8860294223,"54":0.9044117928,"55":0.9007353187,"56":0.8474264741,"57":0.9448529482,"58":0.9283088446,"59":0.7977941036,"60":0.8198529482,"61":0.8584558964,"62":0.8805146813,"63":0.9025735259,"64":0.8970588446,"65":0.8897058964}}