{"loss":{"0":1.7937380254,"1":1.3222711419,"2":0.9435425117,"3":0.6631243302,"4":0.4962276407,"5":0.3848798386,"6":0.3301603655,"7":0.2651764391,"8":0.2236943639,"9":0.199650621,"10":0.1644021924,"11":0.1489364812,"12":0.1481981671,"13":0.1226973937,"14":0.1098190888,"15":0.0969480697,"16":0.1062430739,"17":0.0922709695,"18":0.0919299186,"19":0.0851065762,"20":0.0677256542,"21":0.0750863696,"22":0.07072625,"23":0.0658918233,"24":0.0738954547,"25":0.0589971418,"26":0.0589538124,"27":0.0465813475,"28":0.0526139753,"29":0.0459306702,"30":0.058757771,"31":0.0499586345,"32":0.0376101915,"33":0.0395800157,"34":0.0440730426,"35":0.045109728,"36":0.0567008368,"37":0.0326600145,"38":0.0454166091,"39":0.0426146838,"40":0.0303161929,"41":0.0464958221,"42":0.0336664007,"43":0.0380691443},"acc":{"0":0.3083263636,"1":0.4995826483,"2":0.6577629447,"3":0.7776502371,"4":0.8412979841,"5":0.878651917,"6":0.8974332213,"7":0.9183013439,"8":0.9310308695,"9":0.9372913241,"10":0.952942431,"11":0.9550291896,"12":0.9566986561,"13":0.9647328854,"14":0.9674457312,"15":0.9705759883,"16":0.9680717587,"17":0.9723497629,"18":0.9740191698,"19":0.974958241,"20":0.9817404151,"21":0.9792362452,"22":0.9799666405,"23":0.9821577668,"24":0.9813230634,"25":0.9827837944,"26":0.9833055139,"27":0.9861227274,"28":0.9841402173,"29":0.9882095456,"30":0.9839315414,"31":0.9860183597,"32":0.9890442491,"33":0.9882095456,"34":0.9880008101,"35":0.9866443872,"36":0.9849749804,"37":0.9914440513,"38":0.9885225296,"39":0.9885225296,"40":0.9911310673,"41":0.987896502,"42":0.9902963042,"43":0.9885225296},"val_loss":{"0":1.9947550735,"1":2.1277711987,"2":1.2565223408,"3":1.9159902343,"4":0.5477011497,"5":0.6137914486,"6":0.4465691917,"7":0.36973811,"8":0.3916653717,"9":0.6165101249,"10":0.3330744835,"11":0.3611598242,"12":0.1467063005,"13":0.6589984773,"14":0.2297718885,"15":1.1110259431,"16":0.3991090221,"17":0.3425361728,"18":0.581488007,"19":0.2101505226,"20":0.2434829076,"21":0.1921679363,"22":0.753893403,"23":0.1377870852,"24":0.4425633318,"25":0.2607772632,"26":0.2130155938,"27":0.2987134262,"28":0.1804159549,"29":0.3929111052,"30":0.2458596009,"31":0.2720683742,"32":0.2599182753,"33":0.2313544507,"34":0.2185659809,"35":0.2295118789,"36":0.1886722114,"37":0.2667527211,"38":0.4106601749,"39":0.2457092887,"40":0.623564139,"41":0.1594727583,"42":0.3038671882,"43":0.3352135908},"val_acc":{"0":0.2591911852,"1":0.1709558815,"2":0.4283088148,"3":0.3033088148,"4":0.8033088446,"5":0.8180146813,"6":0.8198529482,"7":0.8915441036,"8":0.8621323705,"9":0.8198529482,"10":0.9227941036,"11":0.8731617928,"12":0.9503676295,"13":0.8216911554,"14":0.9375,"15":0.7481617928,"16":0.8768382072,"17":0.8860294223,"18":0.8308823705,"19":0.9466911554,"20":0.9209558964,"21":0.9577205777,"22":0.8161764741,"23":0.9632353187,"24":0.875,"25":0.9246323705,"26":0.9466911554,"27":0.9117646813,"28":0.9558823705,"29":0.8860294223,"30":0.9522058964,"31":0.9172794223,"32":0.9246323705,"33":0.9448529482,"34":0.9613970518,"35":0.9375,"36":0.9595588446,"37":0.9375,"38":0.8988970518,"39":0.9356617928,"40":0.8621323705,"41":0.9742646813,"42":0.9227941036,"43":0.9375}}