{"loss":{"0":1.5689667801,"1":0.663760251,"2":0.2826717861,"3":0.182103783,"4":0.1435000885,"5":0.115337436,"6":0.0856992498,"7":0.0795864444,"8":0.0678190742,"9":0.0575776242,"10":0.0709388928,"11":0.0553665419,"12":0.0413221571,"13":0.0413697221,"14":0.0406369691,"15":0.043397409,"16":0.0297208535,"17":0.0411223352,"18":0.0377876292,"19":0.0306348857,"20":0.0407160061,"21":0.020784267,"22":0.0404882436,"23":0.0268233059,"24":0.0198126139,"25":0.0257757417,"26":0.0342333418,"27":0.0211533761,"28":0.0289597683,"29":0.0237614847,"30":0.0231005409,"31":0.0253629156,"32":0.0235506885,"33":0.0323581403,"34":0.0161110157,"35":0.0202037401,"36":0.017351539,"37":0.0245076516,"38":0.0207239211,"39":0.0261502408,"40":0.0230112114,"41":0.015920933,"42":0.0118861018,"43":0.0198955523},"acc":{"0":0.4161801636,"1":0.7590700388,"2":0.9036697149,"3":0.9378648996,"4":0.9542326927,"5":0.9628857374,"6":0.9732068181,"7":0.9745621085,"8":0.9786280394,"9":0.9830066562,"10":0.9783152342,"11":0.9834237099,"12":0.9862385392,"13":0.9864470363,"14":0.9865512848,"15":0.9875938296,"16":0.9923895001,"17":0.9874895811,"18":0.9888448715,"19":0.9895746708,"20":0.9880108237,"21":0.9942660332,"22":0.9893661141,"23":0.9935362935,"24":0.9931192398,"25":0.991972506,"26":0.9903044105,"27":0.9942660332,"28":0.9923895001,"29":0.9928064942,"30":0.9943702817,"31":0.9924937487,"32":0.9928064942,"33":0.9921810031,"34":0.9961426258,"35":0.995308578,"36":0.9954128265,"37":0.9930149913,"38":0.9943702817,"39":0.9920767546,"40":0.9949958324,"41":0.995308578,"42":0.9966638684,"43":0.9956213236},"val_loss":{"0":1.4011510444,"1":1.0879846639,"2":0.5499644721,"3":0.4316579423,"4":0.2958809503,"5":0.3026688073,"6":1.6176025387,"7":0.179175127,"8":0.4086391299,"9":0.3213460143,"10":0.4328720169,"11":0.3851050736,"12":0.7047730963,"13":0.4533693845,"14":2.8408792353,"15":0.3375075528,"16":0.5415505369,"17":0.2869864868,"18":0.1849761518,"19":0.2840230167,"20":0.1739450568,"21":0.3255911989,"22":1.2843296827,"23":0.1632959355,"24":0.2282394356,"25":0.3692476178,"26":0.2415258524,"27":0.8638491378,"28":0.186162366,"29":0.2450138897,"30":0.3189425313,"31":0.1940170017,"32":0.1933033933,"33":0.2718337986,"34":0.2129914398,"35":0.3171868563,"36":0.2134698024,"37":0.5038771736,"38":0.4252291962,"39":0.171801192,"40":0.1639803467,"41":3.5011656075,"42":0.2135973691,"43":0.235529635},"val_acc":{"0":0.4503676593,"1":0.6323529482,"2":0.8161764741,"3":0.8161764741,"4":0.8933823705,"5":0.8805146813,"6":0.7132353187,"7":0.9466911554,"8":0.8970588446,"9":0.9411764741,"10":0.9154411554,"11":0.8915441036,"12":0.8786764741,"13":0.8786764741,"14":0.7279411554,"15":0.9246323705,"16":0.8658088446,"17":0.9264705777,"18":0.9650735259,"19":0.9319853187,"20":0.9503676295,"21":0.9209558964,"22":0.8272058964,"23":0.9613970518,"24":0.9540441036,"25":0.8970588446,"26":0.9301470518,"27":0.8529411554,"28":0.9522058964,"29":0.9577205777,"30":0.9209558964,"31":0.9613970518,"32":0.9577205777,"33":0.9448529482,"34":0.9632353187,"35":0.9319853187,"36":0.9522058964,"37":0.9025735259,"38":0.9099264741,"39":0.9613970518,"40":0.9558823705,"41":0.7904411554,"42":0.9540441036,"43":0.9558823705}}