{"loss":{"0":1.5698520462,"1":0.9344325899,"2":0.6222340409,"3":0.4535367598,"4":0.355504162,"5":0.3096133018,"6":0.2707237917,"7":0.2506181113,"8":0.2080855839,"9":0.2027908366,"10":0.186724913,"11":0.1813828398,"12":0.1527476436,"13":0.1718972208,"14":0.1438299312,"15":0.1362923855,"16":0.1304321219,"17":0.1165130015,"18":0.123510487,"19":0.1142329179,"20":0.114384277,"21":0.1033645873,"22":0.103635108,"23":0.0948953525,"24":0.092493744,"25":0.0923725765,"26":0.0923350376,"27":0.090320884,"28":0.08914459,"29":0.0808109897},"acc":{"0":0.4101334512,"1":0.6496038437,"2":0.7677230835,"3":0.8420558572,"4":0.8763552904,"5":0.8941826224,"6":0.9107589722,"7":0.9173269272,"8":0.929420352,"9":0.9320266843,"10":0.9375521541,"11":0.9397414327,"12":0.9467264414,"13":0.9452669024,"14":0.9523561597,"15":0.9559007287,"16":0.956839025,"17":0.9621559381,"18":0.961530447,"19":0.963198483,"20":0.9614261985,"21":0.9671601057,"22":0.9643452764,"23":0.9694536924,"24":0.9715387821,"25":0.969557941,"26":0.9692451954,"27":0.9706004858,"28":0.9716430306,"29":0.9739366174},"val_loss":{"0":1.705587835,"1":0.8471334969,"2":1.711973157,"3":0.5161328833,"4":0.4374832,"5":0.4203816657,"6":0.5579732283,"7":0.4213395547,"8":0.4620420304,"9":0.2598888122,"10":0.4474761093,"11":0.5082109327,"12":0.2878770663,"13":0.5261873388,"14":0.8596642005,"15":0.357385918,"16":0.5125715148,"17":0.5555622936,"18":0.3260504753,"19":0.3850404095,"20":0.387862446,"21":0.3280545636,"22":0.371289078,"23":0.3867956949,"24":0.2630362442,"25":0.2922440159,"26":2.3363894036,"27":2.2007368141,"28":0.3387937328,"29":0.3916936912},"val_acc":{"0":0.21875,"1":0.6691176295,"2":0.4338235259,"3":0.8363970518,"4":0.8492646813,"5":0.8345588446,"6":0.8033088446,"7":0.8566176295,"8":0.8382353187,"9":0.90625,"10":0.8584558964,"11":0.8125,"12":0.9025735259,"13":0.8290441036,"14":0.7518382072,"15":0.8768382072,"16":0.8216911554,"17":0.8382353187,"18":0.8952205777,"19":0.8639705777,"20":0.875,"21":0.9025735259,"22":0.8694853187,"23":0.8731617928,"24":0.9099264741,"25":0.9246323705,"26":0.5992646813,"27":0.7224264741,"28":0.9117646813,"29":0.8474264741}}