{"loss":{"0":1.5523391025,"1":0.6596791003,"2":0.3597587943,"3":0.2721864936,"4":0.2085390863,"5":0.1597028944,"6":0.1433811243,"7":0.1145263169,"8":0.1073882903,"9":0.1033376285,"10":0.0901782759,"11":0.0827552486,"12":0.0731769638,"13":0.066727885,"14":0.0599321543,"15":0.0548203771,"16":0.0569091684,"17":0.0505610424,"18":0.0642514773,"19":0.0397191589,"20":0.0600194457,"21":0.0407057519,"22":0.0477761211,"23":0.0448956789,"24":0.0269609886,"25":0.046976577,"26":0.0411962024,"27":0.0345199172,"28":0.0386105639,"29":0.03101525,"30":0.0299249207,"31":0.0319366072,"32":0.024313517,"33":0.043300539,"34":0.0276034635,"35":0.0222055774,"36":0.0375331225,"37":0.0314017572,"38":0.0224038991,"39":0.037656554,"40":0.0236299375,"41":0.0258220969,"42":0.0274865781,"43":0.0165517318,"44":0.0281982957,"45":0.0254024041,"46":0.0257753311,"47":0.0203340266,"48":0.0221230961,"49":0.0166942697,"50":0.0429731664,"51":0.0160841376,"52":0.019672436,"53":0.0221892234,"54":0.021438401},"acc":{"0":0.4111759663,"1":0.7609466314,"2":0.8708298802,"3":0.9041910172,"4":0.9315054417,"5":0.9482902288,"6":0.955170989,"7":0.9630942345,"8":0.9630942345,"9":0.966221869,"10":0.9716430306,"11":0.9731025696,"12":0.9771685004,"13":0.9775854945,"14":0.9814428687,"15":0.9832151532,"16":0.9827981591,"17":0.9843619466,"18":0.9818598628,"19":0.9876980782,"20":0.9832151532,"21":0.9874895811,"22":0.9847790003,"23":0.9859257936,"24":0.9923895001,"25":0.9850917459,"26":0.987072587,"27":0.9894703627,"28":0.9880108237,"29":0.9914512038,"30":0.9910342097,"31":0.9899916649,"32":0.9925979972,"33":0.9874895811,"34":0.9917639494,"35":0.9931192398,"36":0.9893661141,"37":0.9907214642,"38":0.9930149913,"39":0.9897831678,"40":0.9935362935,"41":0.9928064942,"42":0.9910342097,"43":0.9947873354,"44":0.9912427068,"45":0.9922852516,"46":0.9923895001,"47":0.9939532876,"48":0.9939532876,"49":0.9944745898,"50":0.9892618656,"51":0.9952043295,"52":0.993640542,"53":0.9930149913,"54":0.9930149913},"val_loss":{"0":1.7773052857,"1":1.1579991001,"2":0.6719080288,"3":0.4493340385,"4":0.3565321161,"5":0.4373917423,"6":0.4054722712,"7":0.3567533165,"8":0.5822803476,"9":0.3853483967,"10":0.2970309502,"11":1.0851576969,"12":0.3920387204,"13":0.4259342186,"14":0.2741361396,"15":0.4669404277,"16":0.3992818582,"17":0.1948967257,"18":0.3854996181,"19":0.6024818585,"20":0.3188924164,"21":0.5054021285,"22":0.1572067167,"23":0.268845455,"24":0.1889728969,"25":0.2845010115,"26":0.2571197747,"27":0.4582650043,"28":0.3044161731,"29":0.3563611521,"30":0.1739020901,"31":0.2187229094,"32":0.2286368653,"33":0.3755055789,"34":0.1560971328,"35":0.1995823609,"36":0.2304880535,"37":0.2020923777,"38":0.3983315358,"39":0.2616490092,"40":0.2872748443,"41":0.229510361,"42":0.5642035683,"43":2.8049115648,"44":0.3838766701,"45":0.2838765865,"46":0.1739942009,"47":0.2765009157,"48":0.3519863872,"49":0.1934278626,"50":0.2663078491,"51":2.145545176,"52":0.3411919665,"53":0.3230297371,"54":0.2398967696},"val_acc":{"0":0.341911763,"1":0.5919117928,"2":0.7316176295,"3":0.8382353187,"4":0.8841911554,"5":0.8345588446,"6":0.8547794223,"7":0.8694853187,"8":0.8180146813,"9":0.8658088446,"10":0.8933823705,"11":0.7113970518,"12":0.8897058964,"13":0.8860294223,"14":0.9319853187,"15":0.8731617928,"16":0.9117646813,"17":0.9558823705,"18":0.8933823705,"19":0.8602941036,"20":0.9080882072,"21":0.8658088446,"22":0.9613970518,"23":0.8988970518,"24":0.9558823705,"25":0.9154411554,"26":0.9301470518,"27":0.8897058964,"28":0.9319853187,"29":0.90625,"30":0.9393382072,"31":0.9411764741,"32":0.9632353187,"33":0.9025735259,"34":0.9540441036,"35":0.9540441036,"36":0.9503676295,"37":0.9558823705,"38":0.9099264741,"39":0.9393382072,"40":0.9356617928,"41":0.9466911554,"42":0.8492646813,"43":0.6397058964,"44":0.8952205777,"45":0.9430146813,"46":0.9577205777,"47":0.9503676295,"48":0.9375,"49":0.9705882072,"50":0.9522058964,"51":0.8106617928,"52":0.9522058964,"53":0.9099264741,"54":0.96875}}