{"loss":{"0":1.6650783936,"1":0.8687271517,"2":0.36829793,"3":0.2292097816,"4":0.1659431787,"5":0.1295336663,"6":0.1087051144,"7":0.0917274107,"8":0.0733229598,"9":0.0776473196,"10":0.0634602341,"11":0.0590222275,"12":0.0603955804,"13":0.0496022021,"14":0.041840022,"15":0.0423433275,"16":0.0422310674,"17":0.0367932396,"18":0.0374430082,"19":0.0415662363,"20":0.0359481329,"21":0.0316678724,"22":0.0335224045,"23":0.0319066052,"24":0.034185299,"25":0.0195301117,"26":0.0355154886,"27":0.0374816365,"28":0.020332241,"29":0.0282410607,"30":0.0334455453,"31":0.0233259134,"32":0.0228876645,"33":0.0331112076,"34":0.0244959184,"35":0.0216195384,"36":0.0272092797,"37":0.0293713054,"38":0.0341412764,"39":0.0224000309,"40":0.0195647457,"41":0.0241693053,"42":0.021319022,"43":0.0223132567,"44":0.0256598556,"45":0.0185458089,"46":0.018770073,"47":0.0177105944,"48":0.0214351303,"49":0.0251214155},"acc":{"0":0.3715596199,"1":0.6699332595,"2":0.8743744493,"3":0.9231651425,"4":0.9442243576,"5":0.9580900669,"6":0.9658048153,"7":0.9713302851,"8":0.9794620275,"9":0.9757089019,"10":0.9796705842,"11":0.9814428687,"12":0.9810258746,"13":0.9847790003,"14":0.987072587,"15":0.9874895811,"16":0.9883236289,"17":0.9881150723,"18":0.9894703627,"19":0.9875938296,"20":0.988740623,"21":0.990408659,"22":0.9902001619,"23":0.9913469553,"24":0.9898874164,"25":0.9940575361,"26":0.9895746708,"27":0.9895746708,"28":0.9935362935,"29":0.9921810031,"30":0.9915554523,"31":0.9942660332,"32":0.9932235479,"33":0.9927022457,"34":0.9930149913,"35":0.9946830869,"36":0.9930149913,"37":0.9925979972,"38":0.9922852516,"39":0.9939532876,"40":0.9939532876,"41":0.9938490391,"42":0.9947873354,"43":0.9928064942,"44":0.9937447906,"45":0.9937447906,"46":0.995100081,"47":0.9952043295,"48":0.9942660332,"49":0.9952043295},"val_loss":{"0":1.4805454366,"1":1.1007238388,"2":0.4700716581,"3":0.4653085069,"4":0.3097187895,"5":0.6637582266,"6":0.2868370457,"7":0.1784208209,"8":0.2225503164,"9":0.5850823116,"10":0.2356260805,"11":0.7053325693,"12":0.1823135716,"13":0.1692556409,"14":0.2701162,"15":0.2414454921,"16":0.3315021085,"17":0.4022673406,"18":0.8731210346,"19":0.3018978075,"20":0.1582661071,"21":0.2200603863,"22":0.3191064846,"23":0.1485523991,"24":0.1971137075,"25":0.2608513758,"26":0.173781456,"27":1.6281990611,"28":0.2929000212,"29":0.1192434929,"30":0.1777601532,"31":0.129933463,"32":0.4621117186,"33":0.3896651612,"34":0.1587106361,"35":1.9526713968,"36":0.2292998689,"37":0.1593843371,"38":0.1432064089,"39":0.164628596,"40":0.328477599,"41":0.2511253445,"42":0.2013245672,"43":0.1572812109,"44":0.3894457474,"45":0.2925521491,"46":8.2141614136,"47":0.3698105891,"48":0.6861285198,"49":0.4932529422},"val_acc":{"0":0.283088237,"1":0.6102941036,"2":0.8290441036,"3":0.8382353187,"4":0.9099264741,"5":0.7757353187,"6":0.8988970518,"7":0.9466911554,"8":0.9301470518,"9":0.8235294223,"10":0.9375,"11":0.8198529482,"12":0.9411764741,"13":0.9595588446,"14":0.9191176295,"15":0.9191176295,"16":0.9025735259,"17":0.8731617928,"18":0.8290441036,"19":0.9209558964,"20":0.9632353187,"21":0.9356617928,"22":0.9099264741,"23":0.9577205777,"24":0.9466911554,"25":0.9246323705,"26":0.9558823705,"27":0.8327205777,"28":0.9411764741,"29":0.9669117928,"30":0.9430146813,"31":0.9613970518,"32":0.9099264741,"33":0.9191176295,"34":0.9650735259,"35":0.8069853187,"36":0.9430146813,"37":0.9632353187,"38":0.9613970518,"39":0.9705882072,"40":0.9117646813,"41":0.9375,"42":0.9448529482,"43":0.9650735259,"44":0.9338235259,"45":0.9430146813,"46":0.5680146813,"47":0.9338235259,"48":0.8897058964,"49":0.9117646813}}