{"loss":{"0":1.5260650057,"1":0.8434723429,"2":0.5888247716,"3":0.4360942991,"4":0.3436872511,"5":0.2923679398,"6":0.2569382616,"7":0.2318670748,"8":0.2116866183,"9":0.1898455112,"10":0.1655606906,"11":0.1648247998,"12":0.1529619577,"13":0.1379489234,"14":0.1253350845,"15":0.12784001,"16":0.1292915992,"17":0.1278703361,"18":0.1113825998,"19":0.1057933281,"20":0.1028565683,"21":0.109141022,"22":0.0933783264,"23":0.1051332055,"24":0.0967161606,"25":0.0803531109,"26":0.0836137558,"27":0.0839868704,"28":0.0705201876,"29":0.0779790289,"30":0.0820886624,"31":0.0888620381,"32":0.0771815482,"33":0.0675684504,"34":0.08692879,"35":0.0744239243,"36":0.0706033787,"37":0.0653244951,"38":0.0787474775,"39":0.0728007911,"40":0.0545738693,"41":0.0660318557,"42":0.0536606355,"43":0.0664729828,"44":0.0608560059,"45":0.0616154588,"46":0.0561910526,"47":0.0592602427,"48":0.0537974682,"49":0.049075181,"50":0.0603930511,"51":0.0524582957,"52":0.0500391463,"53":0.0599162128,"54":0.0513191471,"55":0.0514867461,"56":0.0606929598,"57":0.0538156982,"58":0.0629062702,"59":0.0530720216},"acc":{"0":0.425396502,"1":0.6882303953,"2":0.78599751,"3":0.8487061858,"4":0.8836602569,"5":0.8977462649,"6":0.9150667787,"7":0.9208055139,"8":0.9286310673,"9":0.9367696047,"10":0.9446995258,"11":0.9461602569,"12":0.9491861463,"13":0.9557595849,"14":0.9595158696,"15":0.9583681226,"16":0.9584724307,"17":0.9605592489,"18":0.9621243477,"19":0.9642111659,"20":0.9660893083,"21":0.9633764625,"22":0.9684891701,"23":0.9648372531,"24":0.9693238735,"25":0.9737061858,"26":0.9732888341,"27":0.9747495651,"28":0.978297174,"29":0.97349751,"30":0.9743322134,"31":0.9743322134,"32":0.9770450592,"33":0.9793405533,"34":0.9721410871,"35":0.9758973122,"36":0.9788188934,"37":0.9765233994,"38":0.976105988,"39":0.9762103558,"40":0.9817404151,"41":0.9789232016,"42":0.9846619368,"43":0.9784014821,"44":0.9798622727,"45":0.9798622727,"46":0.9814273715,"47":0.9808013439,"48":0.9825751185,"49":0.984244585,"50":0.9808013439,"51":0.9827837944,"52":0.9848706126,"53":0.9821577668,"54":0.9843488932,"55":0.9832011461,"56":0.9815317392,"57":0.983409822,"58":0.9815317392,"59":0.9844532609},"val_loss":{"0":2.823577986,"1":1.1208715509,"2":1.4304912393,"3":1.2953398293,"4":0.9367760985,"5":0.8735101841,"6":0.8977074006,"7":2.0825109614,"8":0.7233953767,"9":0.8481288803,"10":0.6222847652,"11":0.499230429,"12":0.892000018,"13":0.4091964018,"14":0.5379144829,"15":0.4955833223,"16":7.3439007302,"17":0.8005280658,"18":0.5894695897,"19":0.8080040693,"20":0.4408113415,"21":0.488497599,"22":0.811759976,"23":1.0606476949,"24":0.3185949154,"25":1.4224612116,"26":0.8100434362,"27":0.4622540513,"28":0.3735620837,"29":0.6585976771,"30":0.8728480932,"31":0.3402541295,"32":0.6043771857,"33":0.3553390061,"34":0.4563030717,"35":0.3595818195,"36":0.7006920373,"37":0.3943886335,"38":0.3682278033,"39":0.2960595884,"40":0.9208419467,"41":0.4491960989,"42":0.8751343231,"43":1.6950404985,"44":0.4391467739,"45":0.4027108611,"46":1.5881864193,"47":0.5375954772,"48":0.7932394399,"49":0.4835496234,"50":2.5676983001,"51":0.5976682879,"52":0.7720640618,"53":1.1629448374,"54":1.4360045215,"55":0.3634095696,"56":0.3578756023,"57":0.4581284302,"58":0.3985355187,"59":0.3822053291},"val_acc":{"0":0.2003676444,"1":0.5183823705,"2":0.4595588148,"3":0.6066176295,"4":0.6764705777,"5":0.7536764741,"6":0.7224264741,"7":0.6102941036,"8":0.7867646813,"9":0.7665441036,"10":0.8290441036,"11":0.8547794223,"12":0.7647058964,"13":0.8823529482,"14":0.8345588446,"15":0.8492646813,"16":0.59375,"17":0.8106617928,"18":0.8345588446,"19":0.7977941036,"20":0.8602941036,"21":0.8547794223,"22":0.7922794223,"23":0.7647058964,"24":0.9172794223,"25":0.7444853187,"26":0.8327205777,"27":0.875,"28":0.8952205777,"29":0.8658088446,"30":0.84375,"31":0.90625,"32":0.8621323705,"33":0.9099264741,"34":0.8860294223,"35":0.9025735259,"36":0.8474264741,"37":0.9025735259,"38":0.9117646813,"39":0.9301470518,"40":0.7959558964,"41":0.8988970518,"42":0.8511029482,"43":0.7334558964,"44":0.8952205777,"45":0.8878676295,"46":0.7169117928,"47":0.8566176295,"48":0.8400735259,"49":0.8768382072,"50":0.6636029482,"51":0.8860294223,"52":0.8474264741,"53":0.7941176295,"54":0.7702205777,"55":0.9099264741,"56":0.9191176295,"57":0.9191176295,"58":0.9044117928,"59":0.8970588446}}