{"loss":{"0":1.7804499922,"1":1.2609077989,"2":0.9234039455,"3":0.6579040588,"4":0.5215806831,"5":0.4199551818,"6":0.3500696368,"7":0.3087634888,"8":0.2620483657,"9":0.2469091606,"10":0.2392881429,"11":0.2050975544,"12":0.1858598779,"13":0.1853187455,"14":0.1623392396,"15":0.1459729007,"16":0.1334598195,"17":0.136453489,"18":0.1314793887,"19":0.1251332147,"20":0.108695118,"21":0.1103614974,"22":0.1079271403,"23":0.1045119514,"24":0.09883637,"25":0.0918514982,"26":0.1027155642,"27":0.0776941859,"28":0.0847259416,"29":0.0843581205,"30":0.0801270362,"31":0.0853861187,"32":0.0674856929,"33":0.0785190498,"34":0.0772673125,"35":0.0639931436,"36":0.0679080946,"37":0.0744180336,"38":0.0669067217,"39":0.0598298104,"40":0.0632473602,"41":0.0625122226,"42":0.0633539817,"43":0.0561167438,"44":0.0701990311,"45":0.068032851,"46":0.0475874399,"47":0.05943236,"48":0.0451688157,"49":0.0552237763},"acc":{"0":0.314845711,"1":0.512927413,"2":0.6620100141,"3":0.7759591341,"4":0.8233944774,"5":0.863740623,"6":0.8876146674,"7":0.9037739635,"8":0.9169099331,"9":0.923060894,"10":0.9268140197,"11":0.9384903908,"12":0.9429733157,"13":0.9433903098,"14":0.9499583244,"15":0.9540241957,"16":0.9591326118,"17":0.9584028125,"18":0.959862411,"19":0.9618431926,"20":0.9676814079,"21":0.9691409469,"22":0.9692451954,"23":0.9682026505,"24":0.9692451954,"25":0.9750834107,"26":0.9708089828,"27":0.9764387012,"28":0.9751876593,"29":0.9758131504,"30":0.9745621085,"31":0.9767514467,"32":0.9807130694,"33":0.9762302041,"34":0.9771685004,"35":0.9816513658,"36":0.9786280394,"37":0.9789407849,"38":0.9795662761,"39":0.9816513658,"40":0.9811301231,"41":0.9815471172,"42":0.9810258746,"43":0.9844661951,"44":0.9807130694,"45":0.9800875783,"46":0.9855087399,"47":0.982172668,"48":0.9866555333,"49":0.9853002429},"val_loss":{"0":2.7717458991,"1":1.8704138714,"2":1.3458807398,"3":1.7710696441,"4":0.904652565,"5":0.9630239347,"6":1.0155581561,"7":0.3646120938,"8":2.4277860988,"9":0.4799888564,"10":0.4666649789,"11":0.8452990306,"12":0.7864563637,"13":1.6608181325,"14":0.4821249612,"15":0.6309781636,"16":0.718948463,"17":0.2621257268,"18":0.3869212341,"19":0.8248569607,"20":0.3194541462,"21":2.7750339946,"22":0.2294806738,"23":0.3156038844,"24":0.4093556244,"25":0.1988564917,"26":0.3575646486,"27":0.284326552,"28":0.346370956,"29":0.1851946884,"30":0.2616029288,"31":0.262810807,"32":0.6237024785,"33":2.7578239161,"34":0.4125015382,"35":1.0895179418,"36":0.206729032,"37":0.585673986,"38":0.2155621366,"39":0.2515402689,"40":0.5316649786,"41":0.2212258752,"42":0.8053938565,"43":0.9975070945,"44":0.1904717281,"45":0.5888056116,"46":0.2610068674,"47":0.2558301539,"48":0.2702424518,"49":0.2541206515},"val_acc":{"0":0.2003676444,"1":0.216911763,"2":0.5772058964,"3":0.4301470518,"4":0.7279411554,"5":0.6819853187,"6":0.7040441036,"7":0.8860294223,"8":0.5643382072,"9":0.8566176295,"10":0.8088235259,"11":0.7113970518,"12":0.7738970518,"13":0.6323529482,"14":0.8253676295,"15":0.8363970518,"16":0.7775735259,"17":0.9227941036,"18":0.8694853187,"19":0.7904411554,"20":0.9099264741,"21":0.4338235259,"22":0.9411764741,"23":0.9080882072,"24":0.8897058964,"25":0.9430146813,"26":0.8897058964,"27":0.9264705777,"28":0.9044117928,"29":0.9448529482,"30":0.9430146813,"31":0.9264705777,"32":0.8676470518,"33":0.5974264741,"34":0.9099264741,"35":0.7959558964,"36":0.9485294223,"37":0.8713235259,"38":0.9393382072,"39":0.9522058964,"40":0.8897058964,"41":0.9595588446,"42":0.8143382072,"43":0.7886029482,"44":0.9503676295,"45":0.8492646813,"46":0.9375,"47":0.9466911554,"48":0.9448529482,"49":0.9393382072}}