{"loss":{"0":1.517881456,"1":0.8585319848,"2":0.622197642,"3":0.4577649158,"4":0.3671964631,"5":0.3133967643,"6":0.2592974509,"7":0.2337619815,"8":0.2195401045,"9":0.181673987,"10":0.1903898319,"11":0.1679661064,"12":0.1591577031,"13":0.1597682208,"14":0.1414423456,"15":0.1232940076,"16":0.1408485265,"17":0.1291675657,"18":0.1146297151,"19":0.1088496458,"20":0.1085215045,"21":0.1128087526,"22":0.0957075745,"23":0.0956003005,"24":0.107787619,"25":0.089152122,"26":0.0879088239,"27":0.090457867,"28":0.0799983345,"29":0.0918460729,"30":0.0712481475,"31":0.0856244628,"32":0.0795950144,"33":0.074861163,"34":0.0669793377,"35":0.0873544547,"36":0.0637407078,"37":0.0712578905,"38":0.0797724396,"39":0.0706468207,"40":0.0642965076,"41":0.0759286927,"42":0.0724547802,"43":0.0678714244,"44":0.0615027143,"45":0.0592000573},"acc":{"0":0.4313439131,"1":0.6808221936,"2":0.7734766006,"3":0.8388981819,"4":0.8728088737,"5":0.891903162,"6":0.9127712846,"7":0.9208055139,"8":0.9266485572,"9":0.9371869564,"10":0.9358305335,"11":0.9444907904,"12":0.9487687945,"13":0.9476210475,"14":0.9531511068,"15":0.9594115019,"16":0.9548205137,"17":0.9589941502,"18":0.962541759,"19":0.9631677866,"20":0.9649415612,"21":0.9633764625,"22":0.9691151977,"23":0.9693238735,"24":0.9664023519,"25":0.9703672528,"26":0.9712020159,"27":0.972454071,"28":0.9739148617,"29":0.970158577,"30":0.9766277075,"31":0.9722453952,"32":0.974645257,"33":0.9770450592,"34":0.9771494269,"35":0.9737061858,"36":0.9806969762,"37":0.9773581028,"38":0.9751669168,"39":0.9771494269,"40":0.9810100198,"41":0.9779841304,"42":0.9789232016,"43":0.9769407511,"44":0.9805926681,"45":0.9816360474},"val_loss":{"0":2.5528343057,"1":0.8340125978,"2":0.6764005677,"3":1.0543177277,"4":2.8437496862,"5":0.5162102614,"6":0.4546598229,"7":0.7712177196,"8":0.5519544422,"9":0.5479272385,"10":0.8399035014,"11":0.7013325505,"12":0.4218912912,"13":0.517774806,"14":0.300881054,"15":1.0499308926,"16":0.469354117,"17":0.9613566924,"18":1.2008966119,"19":0.4323647984,"20":0.3555159036,"21":0.5475164192,"22":0.3545032164,"23":1.3143309086,"24":4.0162381285,"25":0.2973882073,"26":0.3037464481,"27":0.7428049445,"28":0.4053313638,"29":0.5276945974,"30":0.3277296073,"31":0.5098465362,"32":1.2827434729,"33":0.4807489464,"34":0.4927282887,"35":8.2552574978,"36":1.1389810376,"37":0.4700230325,"38":0.4767161062,"39":0.7262910984,"40":0.4135452613,"41":0.488522073,"42":0.3455571139,"43":0.3499249466,"44":0.6166503925,"45":0.3112054112},"val_acc":{"0":0.154411763,"1":0.6378676295,"2":0.8125,"3":0.5808823705,"4":0.2904411852,"5":0.8419117928,"6":0.8547794223,"7":0.75,"8":0.8419117928,"9":0.8125,"10":0.8143382072,"11":0.8051470518,"12":0.8676470518,"13":0.8474264741,"14":0.9136029482,"15":0.7959558964,"16":0.8713235259,"17":0.7536764741,"18":0.6819853187,"19":0.8860294223,"20":0.90625,"21":0.8382353187,"22":0.9080882072,"23":0.7132353187,"24":0.5974264741,"25":0.9117646813,"26":0.9025735259,"27":0.7959558964,"28":0.8823529482,"29":0.8713235259,"30":0.9209558964,"31":0.8915441036,"32":0.6948529482,"33":0.8768382072,"34":0.8841911554,"35":0.3621323407,"36":0.8143382072,"37":0.9044117928,"38":0.8639705777,"39":0.7941176295,"40":0.90625,"41":0.875,"42":0.9154411554,"43":0.9172794223,"44":0.8272058964,"45":0.9319853187}}