{"loss":{"0":1.5798601127,"1":0.9132656488,"2":0.5704513719,"3":0.4293931544,"4":0.3491119832,"5":0.3066150058,"6":0.2654427499,"7":0.2338052357,"8":0.2117898001,"9":0.2020002895,"10":0.1791842227,"11":0.1561051446,"12":0.1625352468,"13":0.1503590538,"14":0.1344879522,"15":0.1459497512,"16":0.125804836,"17":0.1241868363,"18":0.108452962,"19":0.1228302333,"20":0.1087472115,"21":0.0956338156,"22":0.1056772609,"23":0.1132043152,"24":0.0821738364,"25":0.1022026607,"26":0.0922615264,"27":0.0865353165,"28":0.0858758716,"29":0.0830319651,"30":0.0811566025,"31":0.0707690552,"32":0.0798109358,"33":0.075478534,"34":0.0814219657,"35":0.0674415098,"36":0.0798696613,"37":0.0685459712,"38":0.0625020744,"39":0.0628419952,"40":0.0799061251,"41":0.0641201305,"42":0.0556331953,"43":0.0754523381,"44":0.0542030613,"45":0.0659688411,"46":0.0624801775,"47":0.0466656699,"48":0.0632412853,"49":0.066474448,"50":0.0564293315,"51":0.0581179667,"52":0.0467345085,"53":0.0541659561,"54":0.0542988503,"55":0.0542264235,"56":0.0507975992,"57":0.0456360434},"acc":{"0":0.4144078493,"1":0.6529399753,"2":0.795037508,"3":0.8448707461,"4":0.8745830059,"5":0.8914720416,"6":0.9050250053,"7":0.9193077683,"8":0.9248331785,"9":0.9307756424,"10":0.9391159415,"11":0.9440158606,"12":0.9457881451,"13":0.947247684,"14":0.9539199471,"15":0.9516263604,"16":0.9580900669,"17":0.9588198662,"18":0.9635112882,"19":0.9596538544,"20":0.9619474411,"21":0.9683068991,"22":0.9628857374,"23":0.96132195,"24":0.9714345336,"25":0.9665346146,"26":0.9692451954,"27":0.9709132314,"28":0.9698707461,"29":0.9732068181,"30":0.972581327,"31":0.9763344526,"32":0.9748749137,"33":0.9772727489,"34":0.9734153748,"35":0.9777939916,"36":0.9757089019,"37":0.9780024886,"38":0.9816513658,"39":0.9801918268,"40":0.9763344526,"41":0.979149282,"42":0.9802960753,"43":0.9750834107,"44":0.9814428687,"45":0.9778982401,"46":0.9797748327,"47":0.985717237,"48":0.9784195423,"49":0.9792535305,"50":0.9818598628,"51":0.9832151532,"52":0.9848832488,"53":0.9830066562,"54":0.9831109047,"55":0.9826939106,"56":0.9844661951,"57":0.985717237},"val_loss":{"0":1.0389497298,"1":3.5889247691,"2":3.6333728678,"3":1.7621065255,"4":2.0762888623,"5":0.5078191705,"6":1.2102920273,"7":1.409341428,"8":1.2235078053,"9":0.6791407825,"10":0.2965619953,"11":0.7399900341,"12":1.1097815689,"13":0.5395205724,"14":0.5331789497,"15":0.3758512288,"16":1.1513208155,"17":0.6243072853,"18":0.5219149253,"19":0.2826546823,"20":0.3361392824,"21":0.3989252589,"22":0.1986436198,"23":0.5255180085,"24":0.5847274791,"25":0.182439421,"26":0.5303794763,"27":0.4085064817,"28":0.6028303349,"29":0.4924107961,"30":0.3734058675,"31":0.8626668608,"32":0.3167259488,"33":0.4867759804,"34":0.6025559413,"35":0.6718095959,"36":0.2631324606,"37":0.1544946495,"38":1.0728074691,"39":0.8115739728,"40":0.4337892301,"41":0.2390258083,"42":0.2863711326,"43":0.5208126713,"44":0.2076964741,"45":0.2472661712,"46":0.2376848812,"47":1.1498598742,"48":0.624204869,"49":0.2206307516,"50":0.2415476256,"51":0.4252659818,"52":0.4991695262,"53":1.1145118572,"54":0.4622817065,"55":0.2447743217,"56":0.2444987165,"57":0.1557979781},"val_acc":{"0":0.6580882072,"1":0.3511029482,"2":0.1066176444,"3":0.4613970518,"4":0.3327205777,"5":0.8198529482,"6":0.5882353187,"7":0.5569853187,"8":0.6397058964,"9":0.7683823705,"10":0.8952205777,"11":0.7022058964,"12":0.6709558964,"13":0.8143382072,"14":0.8198529482,"15":0.8805146813,"16":0.6194853187,"17":0.7665441036,"18":0.8327205777,"19":0.90625,"20":0.90625,"21":0.8455882072,"22":0.9301470518,"23":0.8088235259,"24":0.7867646813,"25":0.9411764741,"26":0.8161764741,"27":0.8658088446,"28":0.8106617928,"29":0.8419117928,"30":0.8897058964,"31":0.6801470518,"32":0.8970588446,"33":0.8051470518,"34":0.7922794223,"35":0.8051470518,"36":0.9246323705,"37":0.9577205777,"38":0.6617646813,"39":0.7463235259,"40":0.84375,"41":0.9191176295,"42":0.9154411554,"43":0.8345588446,"44":0.9485294223,"45":0.9283088446,"46":0.9356617928,"47":0.6525735259,"48":0.8088235259,"49":0.9411764741,"50":0.9393382072,"51":0.8676470518,"52":0.8198529482,"53":0.6783088446,"54":0.8529411554,"55":0.9430146813,"56":0.9264705777,"57":0.9485294223}}