{"loss":{"0":1.5586179885,"1":0.6510099547,"2":0.2768342338,"3":0.177999518,"4":0.1369704992,"5":0.1271012495,"6":0.0914817058,"7":0.0835452538,"8":0.0774394562,"9":0.059893177,"10":0.0607599013,"11":0.0461398396,"12":0.0536225405,"13":0.0437654678,"14":0.0441022027,"15":0.0480985829,"16":0.033650441,"17":0.0367132249,"18":0.0447840183,"19":0.0264311384,"20":0.0335269005,"21":0.041729129,"22":0.0199378707,"23":0.035085146,"24":0.0342090399,"25":0.026759787,"26":0.0287947606,"27":0.0378105665,"28":0.0171316355,"29":0.0283879736,"30":0.0286904699,"31":0.0147780495},"acc":{"0":0.4228923321,"1":0.7565734386,"2":0.9050500989,"3":0.9412562847,"4":0.954090178,"5":0.9587854743,"6":0.97099334,"7":0.9737061858,"8":0.9773581028,"9":0.9824708104,"10":0.9823664427,"11":0.9865400791,"12":0.9838272333,"13":0.9870617986,"14":0.9864357114,"15":0.9875834584,"16":0.9896702766,"17":0.9900876284,"18":0.9871661067,"19":0.9930092096,"20":0.9902963042,"21":0.9876878262,"22":0.9939482212,"23":0.9902963042,"24":0.9909223914,"25":0.9923831224,"26":0.9909223914,"27":0.9902963042,"28":0.9942612648,"29":0.9931135178,"30":0.9912353754,"31":0.9959307313},"val_loss":{"0":1.2449015291,"1":0.4956599376,"2":0.6251007495,"3":0.4062729386,"4":0.9809485043,"5":1.102314346,"6":0.4346283216,"7":4.4043300362,"8":1.1914048374,"9":0.3684834318,"10":0.234702599,"11":0.2330697393,"12":1.3326441512,"13":0.4285297102,"14":0.3145700564,"15":0.2630209991,"16":0.3063420744,"17":2.2073235555,"18":0.2532119553,"19":0.4470493709,"20":0.4626080629,"21":0.321558314,"22":1.0198814191,"23":1.5925523268,"24":0.385518507,"25":0.3249294781,"26":0.4257557812,"27":0.4797634547,"28":0.2497933177,"29":0.9536283072,"30":2.445356536,"31":1.6214461511},"val_acc":{"0":0.5183823705,"1":0.8033088446,"2":0.7849264741,"3":0.8713235259,"4":0.6985294223,"5":0.6470588446,"6":0.8455882072,"7":0.439338237,"8":0.7738970518,"9":0.8841911554,"10":0.9301470518,"11":0.9356617928,"12":0.7830882072,"13":0.8621323705,"14":0.9080882072,"15":0.9191176295,"16":0.9264705777,"17":0.6911764741,"18":0.9319853187,"19":0.8713235259,"20":0.8805146813,"21":0.9209558964,"22":0.8216911554,"23":0.8216911554,"24":0.9209558964,"25":0.9136029482,"26":0.9025735259,"27":0.8897058964,"28":0.9356617928,"29":0.8345588446,"30":0.7040441036,"31":0.6911764741}}