{"loss":{"0":1.5306961312,"1":0.9404761325,"2":0.6076403511,"3":0.4516755598,"4":0.3518229194,"5":0.2983638014,"6":0.2745592827,"7":0.227073061,"8":0.212331343,"9":0.189116969,"10":0.1874385377,"11":0.1811757573,"12":0.1557603255,"13":0.1542072684,"14":0.141189555,"15":0.1244431257,"16":0.1314376615,"17":0.132985734,"18":0.1257431833,"19":0.1022247956,"20":0.1036181234,"21":0.1115121434,"22":0.1120320672,"23":0.0942954455,"24":0.0933748738,"25":0.0940238541,"26":0.083388206,"27":0.1014561276,"28":0.0909126735,"29":0.0783495999,"30":0.0777809758,"31":0.0780318913,"32":0.0827892084,"33":0.0737766585,"34":0.0731950772,"35":0.075458396,"36":0.0626090337,"37":0.0775494257,"38":0.0677790009,"39":0.0673327979,"40":0.0669853545,"41":0.0687792417,"42":0.0647473345,"43":0.0662274302,"44":0.056641001,"45":0.0647067207,"46":0.0670724159,"47":0.0609518619,"48":0.0634162181,"49":0.0556904748,"50":0.0546302385,"51":0.0525240246,"52":0.0576501101,"53":0.0564507063,"54":0.0539504154},"acc":{"0":0.4178839624,"1":0.6421118379,"2":0.7689899802,"3":0.8334724307,"4":0.8759390712,"5":0.8981636167,"6":0.898894012,"7":0.9215359092,"8":0.9267529249,"9":0.9349958301,"10":0.9340567589,"11":0.9347871542,"12":0.9487687945,"13":0.9492904544,"14":0.9506469369,"15":0.9581594467,"16":0.958055079,"17":0.954090178,"18":0.9582637548,"19":0.9652546048,"20":0.9654632807,"21":0.9642111659,"22":0.9647328854,"23":0.9674457312,"24":0.9696369171,"25":0.9691151977,"26":0.9710976481,"27":0.96650666,"28":0.9684891701,"29":0.9751669168,"30":0.9741235375,"31":0.9742279053,"32":0.9732888341,"33":0.9753756523,"34":0.9770450592,"35":0.9741235375,"36":0.978610158,"37":0.9753756523,"38":0.9788188934,"39":0.9789232016,"40":0.9773581028,"41":0.9792362452,"42":0.9781928062,"43":0.9785058498,"44":0.9818447232,"45":0.9792362452,"46":0.9784014821,"47":0.979444921,"48":0.9796535969,"49":0.9821577668,"50":0.9821577668,"51":0.9826794863,"52":0.9808013439,"53":0.9827837944,"54":0.9823664427},"val_loss":{"0":1.38950852,"1":2.0985508982,"2":12.8572630462,"3":0.7651266938,"4":0.7298452281,"5":0.6665627991,"6":0.8442404416,"7":0.4068275396,"8":0.5364550178,"9":0.3917377544,"10":1.5936804686,"11":0.4673620312,"12":0.5423086371,"13":1.2436805932,"14":0.5602767985,"15":3.3061678173,"16":4.9231744987,"17":0.4337572341,"18":0.2528712987,"19":0.617424096,"20":0.3006771247,"21":1.6281929899,"22":0.3950132096,"23":0.7084790894,"24":0.3790390137,"25":0.3170759069,"26":0.836788624,"27":1.2202661557,"28":1.1664574698,"29":0.285905222,"30":0.6018699031,"31":0.4638616822,"32":0.4136465009,"33":0.7691872282,"34":0.2242789941,"35":0.2924237263,"36":0.3638476489,"37":0.3892840464,"38":0.8292199907,"39":0.6388673257,"40":0.5206970534,"41":0.36678325,"42":0.5565506438,"43":0.4649274119,"44":1.0756634322,"45":0.5542993024,"46":1.1951595349,"47":0.9207583651,"48":0.8351569985,"49":0.3638727546,"50":0.6224491602,"51":0.3173743381,"52":0.2465918705,"53":0.3652971402,"54":0.3189630469},"val_acc":{"0":0.4889705777,"1":0.2647058964,"2":0.0367647074,"3":0.7077205777,"4":0.7775735259,"5":0.7573529482,"6":0.7555146813,"7":0.8584558964,"8":0.7941176295,"9":0.8694853187,"10":0.5698529482,"11":0.8455882072,"12":0.8327205777,"13":0.7279411554,"14":0.8143382072,"15":0.3658088148,"16":0.3125,"17":0.8639705777,"18":0.9117646813,"19":0.7647058964,"20":0.9007353187,"21":0.5496323705,"22":0.8621323705,"23":0.8106617928,"24":0.8694853187,"25":0.9044117928,"26":0.7224264741,"27":0.6139705777,"28":0.5459558964,"29":0.9080882072,"30":0.8198529482,"31":0.8584558964,"32":0.8713235259,"33":0.7977941036,"34":0.9319853187,"35":0.9080882072,"36":0.875,"37":0.8676470518,"38":0.8272058964,"39":0.8014705777,"40":0.8308823705,"41":0.875,"42":0.7959558964,"43":0.8529411554,"44":0.8345588446,"45":0.8198529482,"46":0.7352941036,"47":0.7444853187,"48":0.7757353187,"49":0.8897058964,"50":0.8180146813,"51":0.9007353187,"52":0.9080882072,"53":0.8988970518,"54":0.9025735259}}