{"loss":{"0":1.7796040767,"1":1.1927417714,"2":0.9360577889,"3":0.7671124834,"4":0.6149428049,"5":0.4787680836,"6":0.418545749,"7":0.3346680688,"8":0.302276314,"9":0.2712380968,"10":0.2372744593,"11":0.2165319658,"12":0.1911419692,"13":0.1933917143,"14":0.171450372,"15":0.1585865871,"16":0.1301618108,"17":0.1435194004,"18":0.1222607799,"19":0.1358265068,"20":0.1268252595,"21":0.1176009118,"22":0.0989056508,"23":0.1025726468,"24":0.0976953125,"25":0.098300264,"26":0.0913008527,"27":0.101855351,"28":0.0851052042,"29":0.0852370379,"30":0.0685711059,"31":0.083867994,"32":0.0849322612,"33":0.0750702914,"34":0.0787179775,"35":0.0597150934,"36":0.0648233546,"37":0.0739231145,"38":0.0686388736,"39":0.0597915611,"40":0.0620184856,"41":0.0586810889,"42":0.0634728535,"43":0.0624747546,"44":0.0604027266,"45":0.0597604033,"46":0.051096763,"47":0.0516383073,"48":0.0541923322,"49":0.0557082293,"50":0.0418338347,"51":0.0604247761,"52":0.0499141911,"53":0.0504986586,"54":0.0421970733,"55":0.0519665683,"56":0.0572878992,"57":0.0490469025,"58":0.0494440397,"59":0.0408368287,"60":0.0435709976,"61":0.0459568244,"62":0.047867848,"63":0.0499821341,"64":0.0433107423,"65":0.0444255132,"66":0.0388039497,"67":0.0425936721,"68":0.0449906217,"69":0.035666349},"acc":{"0":0.3130733967,"1":0.5495204329,"2":0.655442059,"3":0.7155963182,"4":0.7880525589,"5":0.8400750756,"6":0.8667639494,"7":0.8934528828,"8":0.9051292539,"9":0.9132610559,"10":0.9255629778,"11":0.9321309328,"12":0.9399499297,"13":0.9395329356,"14":0.9492285252,"15":0.9508965611,"16":0.9574645758,"17":0.9575688243,"18":0.9636155367,"19":0.9603836536,"20":0.959862411,"21":0.9668473601,"22":0.969557941,"23":0.9706004858,"24":0.9718515277,"25":0.9709132314,"26":0.9726855755,"27":0.9704962373,"28":0.9746664166,"29":0.9742493629,"30":0.9789407849,"31":0.9756046534,"32":0.9746664166,"33":0.977689743,"34":0.9782109857,"35":0.9815471172,"36":0.9816513658,"37":0.977689743,"38":0.9804003239,"39":0.9829024076,"40":0.9829024076,"41":0.9832151532,"42":0.9830066562,"43":0.9810258746,"44":0.9827981591,"45":0.9833194613,"46":0.9848832488,"47":0.983840704,"48":0.9837364554,"49":0.9845705032,"50":0.9863427877,"51":0.982172668,"52":0.9851959944,"53":0.9848832488,"54":0.9879065752,"55":0.9859257936,"56":0.9849874973,"57":0.985717237,"58":0.9851959944,"59":0.9869682789,"60":0.987072587,"61":0.9878023267,"62":0.9862385392,"63":0.9875938296,"64":0.9880108237,"65":0.9879065752,"66":0.98894912,"67":0.9876980782,"68":0.9875938296,"69":0.9898874164},"val_loss":{"0":1.9125820504,"1":1.0880260038,"2":1.8138492765,"3":1.0342633689,"4":2.9461832783,"5":1.2236882573,"6":1.8101943641,"7":1.1945497099,"8":0.4154467532,"9":1.2401813442,"10":0.7147305404,"11":0.1955034098,"12":0.7557812533,"13":0.3635339658,"14":0.4824737013,"15":0.3481055188,"16":0.6273186648,"17":0.1666910375,"18":0.4545560631,"19":0.2764473228,"20":0.3096734073,"21":0.1816764496,"22":0.3033815571,"23":0.2303119433,"24":0.6853899671,"25":0.2295927198,"26":0.21694793,"27":0.2604666943,"28":0.4044151795,"29":0.4300937272,"30":0.2138303716,"31":0.9733167425,"32":0.4303272827,"33":0.5000754602,"34":0.3306351329,"35":0.2326359502,"36":0.4556955296,"37":0.1512406151,"38":0.1619392805,"39":0.2470799442,"40":0.8276876264,"41":0.691041443,"42":0.1723946273,"43":0.6454151263,"44":0.6508443106,"45":0.2649259402,"46":0.165010073,"47":0.2117751536,"48":0.1525649083,"49":0.1294586052,"50":0.2331745558,"51":0.1539269647,"52":0.331842551,"53":0.3052434369,"54":0.4570631703,"55":0.3370821691,"56":0.2014729355,"57":0.191408178,"58":0.4122370776,"59":0.2008144683,"60":0.3641007948,"61":1.0411316719,"62":0.1970762036,"63":0.219206479,"64":1.1916098856,"65":0.3236914041,"66":0.5556531515,"67":0.250276436,"68":0.1827876551,"69":0.1980954754},"val_acc":{"0":0.1507352889,"1":0.5018382072,"2":0.314338237,"3":0.5735294223,"4":0.2022058815,"5":0.5569853187,"6":0.4761029482,"7":0.7242646813,"8":0.8529411554,"9":0.6544117928,"10":0.7757353187,"11":0.9283088446,"12":0.7610294223,"13":0.8786764741,"14":0.8547794223,"15":0.8915441036,"16":0.8235294223,"17":0.9540441036,"18":0.8566176295,"19":0.9356617928,"20":0.9025735259,"21":0.9448529482,"22":0.9044117928,"23":0.9411764741,"24":0.7849264741,"25":0.9319853187,"26":0.9411764741,"27":0.9393382072,"28":0.8878676295,"29":0.8878676295,"30":0.9595588446,"31":0.7922794223,"32":0.9007353187,"33":0.8713235259,"34":0.9172794223,"35":0.9430146813,"36":0.8915441036,"37":0.9632353187,"38":0.9595588446,"39":0.9356617928,"40":0.78125,"41":0.8400735259,"42":0.9650735259,"43":0.8419117928,"44":0.8308823705,"45":0.9172794223,"46":0.9558823705,"47":0.9558823705,"48":0.9522058964,"49":0.96875,"50":0.9558823705,"51":0.9650735259,"52":0.9246323705,"53":0.9264705777,"54":0.8768382072,"55":0.9283088446,"56":0.9577205777,"57":0.9393382072,"58":0.9044117928,"59":0.9632353187,"60":0.9080882072,"61":0.8088235259,"62":0.9503676295,"63":0.9430146813,"64":0.78125,"65":0.9136029482,"66":0.8621323705,"67":0.9485294223,"68":0.9595588446,"69":0.9448529482}}