{"loss":{"0":1.4922071092,"1":0.8651681795,"2":0.517498999,"3":0.3984117101,"4":0.3197135976,"5":0.2699604095,"6":0.2446461425,"7":0.217485772,"8":0.1965635006,"9":0.1717259369,"10":0.1614511147,"11":0.1479177446,"12":0.136135095,"13":0.1405478158,"14":0.1292186689,"15":0.1087145956,"16":0.1127632603,"17":0.111827078,"18":0.1035115012,"19":0.0981445857,"20":0.0977367111,"21":0.0914206211,"22":0.0883594512,"23":0.0870460713,"24":0.0944030267,"25":0.0679644301,"26":0.0878204083,"27":0.071114992,"28":0.0859311875,"29":0.0701650212,"30":0.0715480704,"31":0.0719652902,"32":0.06625805,"33":0.0651086666,"34":0.062985946,"35":0.0575356595,"36":0.0635856347,"37":0.0633508393,"38":0.06124157,"39":0.0502502214,"40":0.0613411905,"41":0.0696829805,"42":0.0581007699,"43":0.0533112654,"44":0.0513208059},"acc":{"0":0.4405754805,"1":0.6753544807,"2":0.8129691482,"3":0.8563386202,"4":0.8854253292,"5":0.9051292539,"6":0.9137822986,"7":0.924937427,"8":0.9337990284,"9":0.9409924746,"10":0.9486029744,"11":0.9464136958,"12":0.9550667405,"13":0.9541284442,"14":0.9564220309,"15":0.9639282823,"16":0.9617389441,"17":0.9633027315,"18":0.9666388631,"19":0.9677856565,"20":0.9688282013,"21":0.9690366983,"22":0.972789824,"23":0.9712260365,"24":0.9719557762,"25":0.9775854945,"26":0.9708089828,"27":0.9771685004,"28":0.9717472792,"29":0.9762302041,"30":0.9764387012,"31":0.9771685004,"32":0.9785237908,"33":0.9786280394,"34":0.9788365364,"35":0.9816513658,"36":0.9812343717,"37":0.9797748327,"38":0.9797748327,"39":0.9841534495,"40":0.9799833298,"41":0.9787322879,"42":0.9812343717,"43":0.982381165,"44":0.9834237099},"val_loss":{"0":2.6407657336,"1":1.1329049131,"2":4.1202828376,"3":3.2036491071,"4":1.547778503,"5":0.9978751651,"6":0.5621973809,"7":1.1537767508,"8":0.563813558,"9":2.0511957287,"10":1.1567786521,"11":0.8114383121,"12":0.7240226222,"13":0.391316688,"14":0.3027356345,"15":0.3077166341,"16":0.414724114,"17":0.5993373184,"18":0.2694678809,"19":0.614950111,"20":0.410975658,"21":0.5044627612,"22":0.5649873561,"23":0.3075038242,"24":0.2086181134,"25":0.3890830447,"26":1.6897852377,"27":0.3804529966,"28":0.2753769625,"29":0.4204774432,"30":0.4335901201,"31":0.3334604771,"32":0.2369113348,"33":0.8370121549,"34":0.7561776674,"35":0.4658991889,"36":0.2582042455,"37":0.3903377291,"38":0.5008642291,"39":0.5778076137,"40":0.2870601173,"41":1.2777468096,"42":0.8525847113,"43":0.451748977,"44":0.3820658145},"val_acc":{"0":0.1176470593,"1":0.5459558964,"2":0.4025735259,"3":0.373161763,"4":0.4595588148,"5":0.7371323705,"6":0.8216911554,"7":0.59375,"8":0.7977941036,"9":0.6433823705,"10":0.6617646813,"11":0.7316176295,"12":0.7683823705,"13":0.8658088446,"14":0.8860294223,"15":0.90625,"16":0.8511029482,"17":0.8106617928,"18":0.9117646813,"19":0.7849264741,"20":0.8419117928,"21":0.8455882072,"22":0.8033088446,"23":0.90625,"24":0.9319853187,"25":0.8511029482,"26":0.4816176593,"27":0.875,"28":0.9227941036,"29":0.8915441036,"30":0.8768382072,"31":0.9025735259,"32":0.9283088446,"33":0.6727941036,"34":0.8143382072,"35":0.8474264741,"36":0.90625,"37":0.8878676295,"38":0.8345588446,"39":0.8327205777,"40":0.9283088446,"41":0.7334558964,"42":0.7408088446,"43":0.8639705777,"44":0.9025735259}}