{"loss":{"0":1.7404074707,"1":1.1620122931,"2":0.8942383666,"3":0.6832355722,"4":0.5524859927,"5":0.45287602,"6":0.3828586151,"7":0.3354244103,"8":0.2997959746,"9":0.2619788196,"10":0.2387049509,"11":0.2120825074,"12":0.189821493,"13":0.1894440523,"14":0.1722407289,"15":0.1606379851,"16":0.1493229658,"17":0.1393596836,"18":0.1364858605,"19":0.1240435306,"20":0.1267438172,"21":0.1109984719,"22":0.1064896661,"23":0.1069180404,"24":0.1036435401,"25":0.093439686,"26":0.0903371794,"27":0.0944281369,"28":0.0761905205,"29":0.0831474783,"30":0.0811055034,"31":0.0814043592,"32":0.0841327797,"33":0.0660974148,"34":0.0749919787,"35":0.0641691235,"36":0.0748086212,"37":0.0673866667,"38":0.0640075986,"39":0.0647290922,"40":0.06162944,"41":0.0583195629,"42":0.0722919211,"43":0.0501460981,"44":0.0634891877,"45":0.0571355032,"46":0.0581595376,"47":0.0486877983,"48":0.0579374541,"49":0.0571189045,"50":0.048253822,"51":0.0540471965,"52":0.0545249831,"53":0.0650692348,"54":0.0491882569,"55":0.0465145257,"56":0.0510290427,"57":0.0480106571,"58":0.0467950354,"59":0.0547705199,"60":0.0439655122,"61":0.0435913795,"62":0.0407721783,"63":0.04411961,"64":0.0404686277,"65":0.0517202638,"66":0.0422248409,"67":0.0474653028,"68":0.0496536839,"69":0.0412969471,"70":0.0437019957,"71":0.0342538263,"72":0.0319395478,"73":0.0432406193,"74":0.047559445,"75":0.0285652964,"76":0.0439227383,"77":0.0359885442,"78":0.0381859898,"79":0.0352395374,"80":0.0433431639,"81":0.0323947746,"82":0.0337134067,"83":0.0397185248,"84":0.0409302685,"85":0.0367597597,"86":0.0355535021,"87":0.0314600274,"88":0.0313246527,"89":0.0334244352},"acc":{"0":0.3354879022,"1":0.5585904717,"2":0.6716013551,"3":0.7624061704,"4":0.8149499297,"5":0.8510217071,"6":0.8715596199,"7":0.8972060084,"8":0.9074228406,"9":0.9222268462,"10":0.9281693101,"11":0.9339032769,"12":0.9413052797,"13":0.9422435164,"14":0.9489157796,"15":0.9506880641,"16":0.9536072016,"17":0.956630528,"18":0.9576730728,"19":0.9625729918,"20":0.9626772404,"21":0.9647623301,"22":0.9672644138,"23":0.9675771594,"24":0.9698707461,"25":0.9704962373,"26":0.9745621085,"27":0.972789824,"28":0.9769599438,"29":0.9749791622,"30":0.9762302041,"31":0.9771685004,"32":0.9765429497,"33":0.9804003239,"34":0.9767514467,"35":0.9825896621,"36":0.9785237908,"37":0.9800875783,"38":0.9824854136,"39":0.9818598628,"40":0.9806088209,"41":0.9841534495,"42":0.9807130694,"43":0.984049201,"44":0.9807130694,"45":0.9836322069,"46":0.9835279584,"47":0.9848832488,"48":0.9825896621,"49":0.9854044914,"50":0.9861342907,"51":0.9856129885,"52":0.9846747518,"53":0.9818598628,"54":0.9868640304,"55":0.9853002429,"56":0.987072587,"57":0.985717237,"58":0.9869682789,"59":0.9835279584,"60":0.9873853326,"61":0.9873853326,"62":0.9899916649,"63":0.9868640304,"64":0.9873853326,"65":0.9863427877,"66":0.9892618656,"67":0.9862385392,"68":0.9872810841,"69":0.988740623,"70":0.9882193208,"71":0.9899916649,"72":0.9896789193,"73":0.9878023267,"74":0.987072587,"75":0.9915554523,"76":0.9888448715,"77":0.9903044105,"78":0.9898874164,"79":0.990617156,"80":0.98894912,"81":0.9914512038,"82":0.9899916649,"83":0.9890533686,"84":0.9892618656,"85":0.9892618656,"86":0.9895746708,"87":0.991972506,"88":0.9911384583,"89":0.9912427068},"val_loss":{"0":2.1343417536,"1":1.2247035687,"2":1.8241148403,"3":0.8156829301,"4":0.7131501815,"5":0.6883583851,"6":0.3503210574,"7":0.3540510546,"8":0.2508469235,"9":0.5106749665,"10":0.3128071929,"11":0.4240735996,"12":0.5582055143,"13":0.287468677,"14":0.5606574494,"15":0.3065065793,"16":0.2501628535,"17":0.337929539,"18":0.5121638225,"19":0.1637180862,"20":0.2658013346,"21":0.3497516374,"22":0.3658751858,"23":0.2285660349,"24":0.3564232665,"25":0.411686075,"26":0.4691264819,"27":0.4654905526,"28":0.2226129478,"29":0.4047111929,"30":0.2919605747,"31":0.1369746674,"32":0.1423029472,"33":0.223784255,"34":0.5389840036,"35":0.274505028,"36":0.478823492,"37":0.2465804062,"38":0.2119921743,"39":0.2187148804,"40":0.1698663969,"41":0.3801733846,"42":0.5033042591,"43":0.2541373457,"44":0.5610029327,"45":0.3154566234,"46":0.19562589,"47":0.460422433,"48":0.1175782145,"49":0.2740076082,"50":0.2288744905,"51":0.1321846345,"52":0.1625507135,"53":0.2866510122,"54":0.0995742543,"55":0.1659851421,"56":0.1992399546,"57":0.1001505333,"58":0.1391106593,"59":0.2222232722,"60":0.4086635682,"61":0.2173228701,"62":0.2007533108,"63":0.2201856802,"64":0.1609425435,"65":0.1251355476,"66":0.21823615,"67":0.2436945499,"68":0.1715072622,"69":0.0687843464,"70":0.3111606559,"71":0.1006360754,"72":0.1024892921,"73":0.2832954731,"74":0.3402331302,"75":0.2453036608,"76":0.1441204532,"77":0.1762763796,"78":0.2202834075,"79":0.3392766581,"80":0.3202979574,"81":0.4066685047,"82":0.1331176342,"83":0.2452732925,"84":0.1532311973,"85":0.1701080101,"86":0.7244210574,"87":0.1204086996,"88":0.352861412,"89":0.1630931184},"val_acc":{"0":0.3658088148,"1":0.3198529482,"2":0.4301470518,"3":0.6507353187,"4":0.7463235259,"5":0.7408088446,"6":0.875,"7":0.8860294223,"8":0.9154411554,"9":0.8492646813,"10":0.9025735259,"11":0.8639705777,"12":0.8455882072,"13":0.8988970518,"14":0.8455882072,"15":0.8970588446,"16":0.9246323705,"17":0.9099264741,"18":0.8474264741,"19":0.9430146813,"20":0.9117646813,"21":0.8915441036,"22":0.9007353187,"23":0.9319853187,"24":0.8988970518,"25":0.8860294223,"26":0.8841911554,"27":0.8474264741,"28":0.9283088446,"29":0.8878676295,"30":0.9025735259,"31":0.9577205777,"32":0.96875,"33":0.9522058964,"34":0.8419117928,"35":0.9099264741,"36":0.8897058964,"37":0.9375,"38":0.9448529482,"39":0.9411764741,"40":0.9577205777,"41":0.9154411554,"42":0.8676470518,"43":0.9044117928,"44":0.8547794223,"45":0.9025735259,"46":0.9522058964,"47":0.8621323705,"48":0.9705882072,"49":0.9319853187,"50":0.9448529482,"51":0.9724264741,"52":0.9577205777,"53":0.9154411554,"54":0.9761029482,"55":0.9466911554,"56":0.9595588446,"57":0.9724264741,"58":0.9632353187,"59":0.9283088446,"60":0.9044117928,"61":0.9283088446,"62":0.9522058964,"63":0.9356617928,"64":0.9540441036,"65":0.96875,"66":0.9375,"67":0.9283088446,"68":0.9595588446,"69":0.9816176295,"70":0.9264705777,"71":0.9742646813,"72":0.9742646813,"73":0.9338235259,"74":0.9356617928,"75":0.9375,"76":0.96875,"77":0.9724264741,"78":0.9522058964,"79":0.9375,"80":0.9375,"81":0.8970588446,"82":0.9742646813,"83":0.9356617928,"84":0.9503676295,"85":0.9485294223,"86":0.8051470518,"87":0.9724264741,"88":0.9136029482,"89":0.9595588446}}