{"loss":{"0":1.4678507279,"1":0.550211189,"2":0.319300121,"3":0.2245241583,"4":0.1712709562,"5":0.1706663383,"6":0.1268011568,"7":0.103924496,"8":0.1039753329,"9":0.0859122826,"10":0.0895200357,"11":0.0692199617,"12":0.0731192167,"13":0.0630479094,"14":0.0605828511,"15":0.0619445448,"16":0.0531953886,"17":0.0454661972,"18":0.0476871726,"19":0.0566867205,"20":0.0333013446,"21":0.050147492,"22":0.0271258206,"23":0.050265129,"24":0.0420467342,"25":0.0345889198,"26":0.0389094521,"27":0.0318678287,"28":0.0342412054,"29":0.0259975829,"30":0.0338213455,"31":0.0329557518,"32":0.0263654703,"33":0.0345076523,"34":0.0258343701,"35":0.0272351149,"36":0.0267238668,"37":0.0314105691,"38":0.0309312564,"39":0.0343975626,"40":0.0203680296,"41":0.0263849519,"42":0.0173581138,"43":0.03078375,"44":0.0166479328,"45":0.0261673565,"46":0.0194440553,"47":0.0266052344},"acc":{"0":0.4477253854,"1":0.8074916601,"2":0.8897120357,"3":0.9228923321,"4":0.9458472729,"5":0.9438647628,"6":0.9593071938,"7":0.9654632807,"8":0.967654407,"9":0.9704716206,"10":0.9720367193,"11":0.9779841304,"12":0.9777754545,"13":0.9802796245,"14":0.9801753163,"15":0.981949091,"16":0.9849749804,"17":0.9849749804,"18":0.9854966402,"19":0.9820533991,"20":0.9891485572,"21":0.9853923321,"22":0.9907137156,"23":0.9852879643,"24":0.9865400791,"25":0.9887312055,"26":0.9882095456,"27":0.9902963042,"28":0.9876878262,"29":0.9929048419,"30":0.9900876284,"31":0.9889398813,"32":0.9931135178,"33":0.9900876284,"34":0.9916527271,"35":0.9910266995,"36":0.9907137156,"37":0.9911310673,"38":0.9917570949,"39":0.9909223914,"40":0.9941569567,"41":0.9923831224,"42":0.9948872924,"43":0.9912353754,"44":0.9945743084,"45":0.9933221936,"46":0.9935308695,"47":0.9936352372},"val_loss":{"0":1.969529627,"1":0.4977768786,"2":0.9034806145,"3":1.4170683916,"4":0.4880276071,"5":0.5192327879,"6":0.451564122,"7":0.6673354129,"8":0.6425908576,"9":0.5475879751,"10":0.3241938547,"11":0.464140247,"12":0.4685864809,"13":0.3886113099,"14":0.8629563187,"15":0.2958436608,"16":0.4657606881,"17":0.5604688931,"18":0.4665490397,"19":0.7250449157,"20":0.3532793403,"21":0.82590117,"22":0.3955549884,"23":0.3765614027,"24":0.3996750908,"25":0.6335109225,"26":0.3820709632,"27":0.2529516537,"28":0.6939189289,"29":1.4704256486,"30":0.9434752887,"31":0.2569124024,"32":0.3194333983,"33":0.748975365,"34":0.6521774771,"35":0.3509741928,"36":0.338420212,"37":0.3977154076,"38":0.8072834962,"39":0.4810059977,"40":0.4249808695,"41":0.4284459367,"42":0.5389217261,"43":0.3831410327,"44":0.3738383471,"45":0.3225387896,"46":0.4311813221,"47":0.3527330025},"val_acc":{"0":0.220588237,"1":0.8290441036,"2":0.7279411554,"3":0.5753676295,"4":0.8290441036,"5":0.8363970518,"6":0.8602941036,"7":0.8455882072,"8":0.8676470518,"9":0.8823529482,"10":0.9246323705,"11":0.8676470518,"12":0.8676470518,"13":0.9172794223,"14":0.7683823705,"15":0.9375,"16":0.8933823705,"17":0.8805146813,"18":0.8933823705,"19":0.8566176295,"20":0.9393382072,"21":0.7702205777,"22":0.9154411554,"23":0.9283088446,"24":0.9007353187,"25":0.8584558964,"26":0.9503676295,"27":0.9595588446,"28":0.8915441036,"29":0.7352941036,"30":0.8198529482,"31":0.9558823705,"32":0.9485294223,"33":0.8584558964,"34":0.8621323705,"35":0.9301470518,"36":0.9558823705,"37":0.9246323705,"38":0.8327205777,"39":0.9080882072,"40":0.9172794223,"41":0.9375,"42":0.8786764741,"43":0.9577205777,"44":0.9558823705,"45":0.9558823705,"46":0.9485294223,"47":0.9411764741}}