{"loss":{"0":1.7567050106,"1":1.2200945746,"2":0.9260421491,"3":0.694637872,"4":0.5577762002,"5":0.4548788112,"6":0.3724537406,"7":0.3300253674,"8":0.2756159002,"9":0.2461096481,"10":0.2237321388,"11":0.1970263705,"12":0.1877897418,"13":0.1735802016,"14":0.1526958215,"15":0.1612958562,"16":0.140122609,"17":0.1303618574,"18":0.1329910517,"19":0.1209504,"20":0.1234203388,"21":0.1025585417,"22":0.097854984,"23":0.1038172076,"24":0.0919909444,"25":0.0944700095,"26":0.0999441899,"27":0.0866801626,"28":0.0825387582,"29":0.0747863992,"30":0.0802451853,"31":0.0814914012,"32":0.0758635942,"33":0.0648104175,"34":0.0665759841,"35":0.0736268469,"36":0.0683733954,"37":0.065054715,"38":0.0623834782,"39":0.0631294612,"40":0.0678784028,"41":0.0628909846,"42":0.0480011896,"43":0.0557409696,"44":0.0549781329,"45":0.0463870347,"46":0.0616382567,"47":0.0483255306,"48":0.0479418787,"49":0.0653392168,"50":0.0489367835,"51":0.0509936426,"52":0.0462149928,"53":0.0461717261,"54":0.0538643698},"acc":{"0":0.325751245,"1":0.5305717587,"2":0.6572412252,"3":0.7550083399,"4":0.8048831224,"5":0.846306324,"6":0.8803213835,"7":0.8941986561,"8":0.9105801582,"9":0.9228923321,"10":0.9284223914,"11":0.9379173517,"12":0.9438647628,"13":0.9472036958,"14":0.9531511068,"15":0.9521076679,"16":0.9576377273,"17":0.961394012,"18":0.9606636167,"19":0.9643155336,"20":0.9653589129,"21":0.9688021541,"22":0.9725584388,"23":0.9683848023,"24":0.9720367193,"25":0.9743322134,"26":0.9703672528,"27":0.9729757905,"28":0.9771494269,"29":0.9769407511,"30":0.9778798223,"31":0.9769407511,"32":0.9771494269,"33":0.9799666405,"34":0.9808013439,"35":0.9804883003,"36":0.9800709486,"37":0.9811143279,"38":0.9821577668,"39":0.9813230634,"40":0.9816360474,"41":0.9817404151,"42":0.9863314033,"43":0.9840359092,"44":0.9840359092,"45":0.9860183597,"46":0.9820533991,"47":0.9861227274,"48":0.9870617986,"49":0.9837228656,"50":0.9859140515,"51":0.9864357114,"52":0.9860183597,"53":0.9857053161,"54":0.9844532609},"val_loss":{"0":1.3314156375,"1":1.6734941549,"2":1.1307542188,"3":0.8821861049,"4":0.8344067833,"5":0.7879094218,"6":0.4428287942,"7":0.4326364826,"8":0.6422390704,"9":0.4537145467,"10":0.5913559604,"11":1.9822613812,"12":0.912571715,"13":1.7049388587,"14":0.5235847094,"15":0.3962056055,"16":0.3231746608,"17":0.2564571344,"18":0.4924582611,"19":0.3770468255,"20":2.6449269501,"21":0.351345529,"22":0.3410130786,"23":0.3615084569,"24":0.3055708606,"25":0.6651989652,"26":0.2906110435,"27":0.3611601598,"28":0.5514201363,"29":0.365436164,"30":0.5188099758,"31":0.3095085985,"32":0.3507723425,"33":0.5166960748,"34":0.1903175393,"35":0.4070523637,"36":0.3710408884,"37":0.5060308272,"38":0.3433716848,"39":0.2508422374,"40":0.4298646286,"41":0.3757085061,"42":0.333973775,"43":0.319958772,"44":0.2049659013,"45":0.346085819,"46":0.357438084,"47":0.3574800951,"48":0.1926675526,"49":0.2273837626,"50":0.3822121177,"51":0.4590905932,"52":0.3629427767,"53":0.3433973433,"54":0.2719704114},"val_acc":{"0":0.4963235259,"1":0.2297794074,"2":0.4926470518,"3":0.6691176295,"4":0.7205882072,"5":0.7316176295,"6":0.8345588446,"7":0.8621323705,"8":0.7996323705,"9":0.8658088446,"10":0.8088235259,"11":0.5294117928,"12":0.7683823705,"13":0.5772058964,"14":0.8658088446,"15":0.8897058964,"16":0.9007353187,"17":0.9246323705,"18":0.8676470518,"19":0.8952205777,"20":0.5827205777,"21":0.9025735259,"22":0.9154411554,"23":0.8970588446,"24":0.9080882072,"25":0.8051470518,"26":0.9227941036,"27":0.875,"28":0.8786764741,"29":0.8860294223,"30":0.8511029482,"31":0.9007353187,"32":0.9099264741,"33":0.8841911554,"34":0.9466911554,"35":0.8786764741,"36":0.9025735259,"37":0.8455882072,"38":0.9264705777,"39":0.9209558964,"40":0.8841911554,"41":0.9025735259,"42":0.9411764741,"43":0.9301470518,"44":0.9558823705,"45":0.9338235259,"46":0.90625,"47":0.9264705777,"48":0.9577205777,"49":0.9375,"50":0.9209558964,"51":0.8878676295,"52":0.9264705777,"53":0.90625,"54":0.9430146813}}