{"loss":{"0":1.6312515638,"1":0.7186858132,"2":0.3352195782,"3":0.1926602277,"4":0.150954329,"5":0.1175754576,"6":0.1019076996,"7":0.0770574223,"8":0.0741381345,"9":0.0815188437,"10":0.0576810473,"11":0.0531585794,"12":0.0514357396,"13":0.0522694004,"14":0.0444626682,"15":0.0367666673,"16":0.0390383251,"17":0.0480546352,"18":0.0342558471,"19":0.0322670252,"20":0.0370327719,"21":0.0376461266,"22":0.0294979895,"23":0.0267575047,"24":0.0323431446,"25":0.0309799435,"26":0.0190998242,"27":0.0325245676,"28":0.0360191065,"29":0.0167716184,"30":0.022159186,"31":0.029893036,"32":0.0078440085,"33":0.0354422707,"34":0.0300870052,"35":0.0134686552,"36":0.0202231463,"37":0.0216385203,"38":0.0198594877,"39":0.0246655604,"40":0.0237859403,"41":0.017663078,"42":0.0270892818,"43":0.0164511237,"44":0.0132665339,"45":0.0282532869,"46":0.0292096023,"47":0.0097500305,"48":0.023113253,"49":0.0268174704,"50":0.0202073577,"51":0.0246776752,"52":0.0199446639,"53":0.008773798,"54":0.0264262033,"55":0.0188154973,"56":0.0171450432,"57":0.0099362706,"58":0.0265947677,"59":0.0162311059},"acc":{"0":0.4231010079,"1":0.7292362452,"2":0.8811560869,"3":0.9318656325,"4":0.9517946839,"5":0.9630634189,"6":0.9683848023,"7":0.9756886363,"8":0.9774624109,"9":0.9745408893,"10":0.9802796245,"11":0.984244585,"12":0.9825751185,"13":0.9848706126,"14":0.9870617986,"15":0.987896502,"16":0.9885225296,"17":0.9860183597,"18":0.9894616008,"19":0.9898789525,"20":0.9887312055,"21":0.989357233,"22":0.9911310673,"23":0.9920701385,"24":0.9909223914,"25":0.9909223914,"26":0.9939482212,"27":0.9891485572,"28":0.9901919961,"29":0.9945743084,"30":0.9923831224,"31":0.9920701385,"32":0.9973914623,"33":0.9905049801,"34":0.9920701385,"35":0.9957220554,"36":0.9933221936,"37":0.9939482212,"38":0.9945743084,"39":0.9940525889,"40":0.9937395453,"41":0.9948872924,"42":0.9938439131,"43":0.9957220554,"44":0.9965567589,"45":0.992696166,"46":0.9931135178,"47":0.9974958301,"48":0.9947829843,"49":0.9933221936,"50":0.9955133796,"51":0.9946786165,"52":0.9957220554,"53":0.9973914623,"54":0.9923831224,"55":0.9947829843,"56":0.9953047037,"57":0.9970784783,"58":0.9938439131,"59":0.9958263636},"val_loss":{"0":1.3296214986,"1":0.8174851066,"2":0.7596325986,"3":0.7761524194,"4":0.3053225962,"5":0.2557294133,"6":0.2397843899,"7":1.2909105178,"8":0.4188591766,"9":0.2496055498,"10":0.626862582,"11":0.2351067238,"12":0.2860047586,"13":0.2552909709,"14":0.2742705483,"15":0.1470183055,"16":0.2323669672,"17":0.3564858918,"18":0.2686311062,"19":0.1423763537,"20":0.1830835531,"21":0.2246888041,"22":0.2404188949,"23":0.3929964517,"24":0.1528772482,"25":0.2196150788,"26":0.20402017,"27":0.4682220769,"28":0.2968021185,"29":0.1886780391,"30":0.1716989012,"31":0.293665453,"32":0.2426077105,"33":0.3201355431,"34":0.1608601786,"35":0.1384097548,"36":0.2814459257,"37":0.2225046288,"38":0.2100087534,"39":0.1153833792,"40":0.2351089282,"41":0.2349453614,"42":0.3229964919,"43":0.1586066264,"44":0.175010396,"45":0.2558090215,"46":0.225848971,"47":0.1945315128,"48":0.4078692726,"49":0.1927917274,"50":0.1577602531,"51":0.6676209351,"52":0.1287660949,"53":0.3072709849,"54":0.1838542402,"55":0.2503718976,"56":0.2704918256,"57":0.18673054,"58":0.2505870691,"59":0.2471417721},"val_acc":{"0":0.5533088446,"1":0.6323529482,"2":0.7371323705,"3":0.7830882072,"4":0.9044117928,"5":0.9172794223,"6":0.9025735259,"7":0.7738970518,"8":0.8694853187,"9":0.9283088446,"10":0.8639705777,"11":0.9172794223,"12":0.9099264741,"13":0.9227941036,"14":0.9356617928,"15":0.9558823705,"16":0.9375,"17":0.9025735259,"18":0.9338235259,"19":0.9632353187,"20":0.9485294223,"21":0.9485294223,"22":0.9191176295,"23":0.9136029482,"24":0.9650735259,"25":0.9375,"26":0.9503676295,"27":0.9209558964,"28":0.8860294223,"29":0.9558823705,"30":0.9430146813,"31":0.9338235259,"32":0.9466911554,"33":0.9246323705,"34":0.9613970518,"35":0.96875,"36":0.9503676295,"37":0.9613970518,"38":0.9485294223,"39":0.9761029482,"40":0.9448529482,"41":0.9430146813,"42":0.9246323705,"43":0.96875,"44":0.9540441036,"45":0.9430146813,"46":0.9411764741,"47":0.9503676295,"48":0.8952205777,"49":0.9577205777,"50":0.9577205777,"51":0.8363970518,"52":0.9705882072,"53":0.9283088446,"54":0.9632353187,"55":0.9466911554,"56":0.9448529482,"57":0.9705882072,"58":0.9632353187,"59":0.9466911554}}