{"loss":{"0":1.4909383543,"1":0.84021065,"2":0.6049134629,"3":0.4326983127,"4":0.3578649613,"5":0.3127046237,"6":0.2622881909,"7":0.225930407,"8":0.2132449856,"9":0.2018025772,"10":0.1711673443,"11":0.1781492379,"12":0.1456640043,"13":0.1480389044,"14":0.1400625344,"15":0.1362955559,"16":0.1292576721,"17":0.1078785825,"18":0.1139463529,"19":0.1153887038,"20":0.1049269587,"21":0.1088259494,"22":0.0937487101,"23":0.0977339695,"24":0.0878594786,"25":0.0876118411,"26":0.0936655442,"27":0.0815654642,"28":0.083519514,"29":0.0906310647,"30":0.0935361155,"31":0.0693107455,"32":0.0847343487,"33":0.0752650263,"34":0.0658258253,"35":0.0713897975,"36":0.0669222008,"37":0.0722826733,"38":0.0735403753,"39":0.0677910454,"40":0.0606785622,"41":0.0763277852,"42":0.0616262222,"43":0.0723266692,"44":0.0640196431,"45":0.0517196822,"46":0.0736274124,"47":0.0556381521,"48":0.0594802085,"49":0.0548688357,"50":0.0579241218,"51":0.0631801081,"52":0.0645708886,"53":0.0512314743,"54":0.0570792239,"55":0.0652620943,"56":0.0472605321,"57":0.0457028504,"58":0.0559877999,"59":0.0587674048,"60":0.0522249703,"61":0.0534874137,"62":0.0456352347,"63":0.0506214815,"64":0.0597982268},"acc":{"0":0.4444908202,"1":0.6898998618,"2":0.7866235375,"3":0.8475584388,"4":0.8780258894,"5":0.8956594467,"6":0.907658577,"7":0.9233096838,"8":0.9297788143,"9":0.9339523911,"10":0.9418823123,"11":0.9412562847,"12":0.953255415,"13":0.9520033598,"14":0.9534640908,"15":0.9552379251,"16":0.9585767984,"17":0.9631677866,"18":0.9644198418,"19":0.9614983201,"20":0.9642111659,"21":0.9652546048,"22":0.9697412252,"23":0.9680717587,"24":0.9708889723,"25":0.9705759883,"26":0.9708889723,"27":0.9742279053,"28":0.9731844664,"29":0.9692195058,"30":0.9716193676,"31":0.9776711464,"32":0.9730801582,"33":0.9752712846,"34":0.9791318774,"35":0.9778798223,"36":0.9778798223,"37":0.9777754545,"38":0.9777754545,"39":0.9770450592,"40":0.9821577668,"41":0.9770450592,"42":0.9813230634,"43":0.9771494269,"44":0.9791318774,"45":0.983096838,"46":0.9758973122,"47":0.9813230634,"48":0.981949091,"49":0.9823664427,"50":0.9808013439,"51":0.9801753163,"52":0.979757905,"53":0.9835141897,"54":0.9815317392,"55":0.9808013439,"56":0.9847663045,"57":0.9839315414,"58":0.983409822,"59":0.9824708104,"60":0.9851836562,"61":0.983096838,"62":0.9856010079,"63":0.9846619368,"64":0.9818447232},"val_loss":{"0":1.6382216241,"1":0.8206804386,"2":0.7642353631,"3":0.6846419998,"4":0.6691968415,"5":0.8906713519,"6":0.9129453685,"7":0.8130113907,"8":0.9222686546,"9":0.8770159402,"10":0.6364147363,"11":0.7099489018,"12":0.572745431,"13":0.3914720794,"14":2.1654349488,"15":0.724530866,"16":0.4769113158,"17":0.4168394149,"18":0.759938252,"19":0.3578492461,"20":0.4679605799,"21":0.8662319277,"22":0.6644265472,"23":0.4122076369,"24":0.3856186977,"25":0.3648435629,"26":0.5133839792,"27":0.5123792152,"28":0.3220856703,"29":0.4461981624,"30":0.8602138096,"31":0.5240025955,"32":0.42060365,"33":0.4131505253,"34":0.4777370703,"35":0.3217051439,"36":0.3665921687,"37":0.3309035787,"38":0.5735635946,"39":0.4655889937,"40":0.723549588,"41":0.5712409392,"42":0.316841038,"43":0.3590416618,"44":0.2868011478,"45":0.2932126221,"46":0.3518022077,"47":0.5322704366,"48":0.8054015517,"49":0.3440726452,"50":0.43219053,"51":0.7003496087,"52":0.2890002018,"53":0.3763808794,"54":1.5043270135,"55":0.4742526062,"56":0.4131685287,"57":0.3817867369,"58":0.9197691024,"59":0.408469829,"60":0.3091286002,"61":0.350508954,"62":0.294761164,"63":0.3837679993,"64":0.4336412793},"val_acc":{"0":0.3033088148,"1":0.65625,"2":0.6580882072,"3":0.7738970518,"4":0.7665441036,"5":0.7169117928,"6":0.6727941036,"7":0.7426470518,"8":0.7610294223,"9":0.7720588446,"10":0.8180146813,"11":0.8069853187,"12":0.7886029482,"13":0.8952205777,"14":0.6433823705,"15":0.7886029482,"16":0.8327205777,"17":0.8786764741,"18":0.8216911554,"19":0.8841911554,"20":0.8805146813,"21":0.7536764741,"22":0.84375,"23":0.8786764741,"24":0.8805146813,"25":0.9117646813,"26":0.8694853187,"27":0.8676470518,"28":0.90625,"29":0.8731617928,"30":0.8069853187,"31":0.8694853187,"32":0.8676470518,"33":0.8731617928,"34":0.8768382072,"35":0.8933823705,"36":0.8933823705,"37":0.8952205777,"38":0.8786764741,"39":0.8602941036,"40":0.8235294223,"41":0.8694853187,"42":0.9117646813,"43":0.8878676295,"44":0.9246323705,"45":0.9246323705,"46":0.8988970518,"47":0.8694853187,"48":0.8529411554,"49":0.8970588446,"50":0.8768382072,"51":0.8345588446,"52":0.9301470518,"53":0.9080882072,"54":0.7334558964,"55":0.8952205777,"56":0.8915441036,"57":0.9172794223,"58":0.7996323705,"59":0.8988970518,"60":0.9136029482,"61":0.8952205777,"62":0.9264705777,"63":0.8841911554,"64":0.8915441036}}