{"loss":{"0":1.4251729483,"1":0.5117036611,"2":0.322566264,"3":0.2295162722,"4":0.1914476721,"5":0.1474392034,"6":0.131783723,"7":0.1165294641,"8":0.0982588341,"9":0.0860395804,"10":0.0884673318,"11":0.081091319,"12":0.069355792,"13":0.0608927654,"14":0.0681139577,"15":0.0604780507,"16":0.0569510146,"17":0.0343845306,"18":0.0487977893,"19":0.0418543464,"20":0.0432661612,"21":0.0492488671,"22":0.0394433395,"23":0.0344378771,"24":0.0412520974,"25":0.0396380396,"26":0.0353232107,"27":0.0406747276,"28":0.0276817554,"29":0.0303031713,"30":0.0464420591,"31":0.0270091844,"32":0.0280063323,"33":0.0318157832,"34":0.0324013767,"35":0.0283389146,"36":0.0231660697,"37":0.0206938787,"38":0.0247696131,"39":0.03073218,"40":0.0199553938,"41":0.0289418323,"42":0.0231706671,"43":0.0202816447,"44":0.0193569123,"45":0.016568261,"46":0.037808885,"47":0.0194886108,"48":0.0353492787,"49":0.01330528,"50":0.0298690781,"51":0.0134247906,"52":0.0173850469,"53":0.0249144986,"54":0.0163984074,"55":0.0213271598,"56":0.0158089793,"57":0.0217884868,"58":0.0230790413,"59":0.0099459577,"60":0.0165108624,"61":0.0222334615,"62":0.0221805948,"63":0.0216888339,"64":0.0150087552,"65":0.0185505706,"66":0.0245370441,"67":0.0171981529,"68":0.0256325777,"69":0.0072044565,"70":0.0263270825,"71":0.0179216409,"72":0.0150635748,"73":0.0154487842,"74":0.0132933032,"75":0.0196834042,"76":0.0156846289},"acc":{"0":0.4711217582,"1":0.817347765,"2":0.8870934248,"3":0.923060894,"4":0.9348415136,"5":0.950062573,"6":0.9570475221,"7":0.9610091448,"8":0.968098402,"9":0.9740408659,"10":0.9735196233,"11":0.9732068181,"12":0.9782109857,"13":0.9792535305,"14":0.977689743,"15":0.9812343717,"16":0.9820684195,"17":0.988740623,"18":0.9844661951,"19":0.9863427877,"20":0.9874895811,"21":0.9843619466,"22":0.9893661141,"23":0.9894703627,"24":0.9873853326,"25":0.9875938296,"26":0.9894703627,"27":0.9886363745,"28":0.9913469553,"29":0.9911384583,"30":0.9863427877,"31":0.9918681979,"32":0.9913469553,"33":0.9907214642,"34":0.9914512038,"35":0.9910342097,"36":0.9928064942,"37":0.9937447906,"38":0.9923895001,"39":0.9912427068,"40":0.9941617846,"41":0.9918681979,"42":0.9914512038,"43":0.9943702817,"44":0.9941617846,"45":0.9943702817,"46":0.9902001619,"47":0.9949958324,"48":0.9914512038,"49":0.9963511229,"50":0.9922852516,"51":0.9961426258,"52":0.9947873354,"53":0.9928064942,"54":0.9962468743,"55":0.9932235479,"56":0.9946830869,"57":0.9949958324,"58":0.9923895001,"59":0.9969766736,"60":0.9956213236,"61":0.993640542,"62":0.9937447906,"63":0.9927022457,"64":0.996768117,"65":0.995100081,"66":0.9942660332,"67":0.995308578,"68":0.9945788383,"69":0.9978106618,"70":0.991972506,"71":0.9949958324,"72":0.9954128265,"73":0.9958298802,"74":0.9965596199,"75":0.9949958324,"76":0.9963511229},"val_loss":{"0":1.4891754564,"1":0.5162919861,"2":0.648172569,"3":0.4293847301,"4":0.4635150568,"5":0.3165177074,"6":0.5377710184,"7":0.531648313,"8":0.5562629373,"9":0.631845852,"10":0.4318527787,"11":0.7209592654,"12":0.2170142068,"13":0.9825026487,"14":0.8319493693,"15":0.235273142,"16":0.4618693052,"17":1.0379032462,"18":0.2241494169,"19":0.216913945,"20":1.3977711458,"21":0.1804234937,"22":1.4847050247,"23":0.4395347442,"24":0.4686145393,"25":0.45045709,"26":0.3110575931,"27":0.2780311019,"28":2.292138484,"29":0.1651213432,"30":0.7593307997,"31":0.171539357,"32":0.1971474497,"33":0.5506192636,"34":0.2753197694,"35":1.1497669226,"36":0.4669469341,"37":0.3662907076,"38":0.6764514676,"39":0.2201752815,"40":0.1326675851,"41":0.2074155249,"42":0.3072146123,"43":0.1627852176,"44":0.136790918,"45":1.3950611749,"46":0.2799898265,"47":0.1346035668,"48":0.2104238827,"49":0.2348581541,"50":0.2445023223,"51":0.3772643934,"52":0.2658837567,"53":0.3061207372,"54":0.223223207,"55":0.614349489,"56":0.1244146562,"57":0.9876387652,"58":0.1554500119,"59":0.1655861512,"60":0.1600173939,"61":0.2136337406,"62":1.1604797901,"63":0.1711780983,"64":0.5506252277,"65":0.172391694,"66":0.1897828611,"67":0.210027884,"68":0.2544769132,"69":0.1288284402,"70":0.1672971641,"71":0.2344473197,"72":0.260094716,"73":0.1781181387,"74":0.1702624797,"75":0.1816663125,"76":0.6521329693},"val_acc":{"0":0.4264705777,"1":0.8033088446,"2":0.7775735259,"3":0.8400735259,"4":0.8621323705,"5":0.9044117928,"6":0.84375,"7":0.8511029482,"8":0.8125,"9":0.8235294223,"10":0.8584558964,"11":0.8069853187,"12":0.9356617928,"13":0.7371323705,"14":0.8290441036,"15":0.9375,"16":0.8639705777,"17":0.7794117928,"18":0.9485294223,"19":0.9485294223,"20":0.7610294223,"21":0.9448529482,"22":0.7738970518,"23":0.9172794223,"24":0.8915441036,"25":0.8676470518,"26":0.9264705777,"27":0.9301470518,"28":0.71875,"29":0.9595588446,"30":0.875,"31":0.9540441036,"32":0.9595588446,"33":0.9044117928,"34":0.9117646813,"35":0.7720588446,"36":0.9136029482,"37":0.9466911554,"38":0.8768382072,"39":0.9430146813,"40":0.9669117928,"41":0.9430146813,"42":0.9319853187,"43":0.9595588446,"44":0.9705882072,"45":0.7573529482,"46":0.9522058964,"47":0.9613970518,"48":0.9411764741,"49":0.9577205777,"50":0.9319853187,"51":0.8915441036,"52":0.9099264741,"53":0.9375,"54":0.9613970518,"55":0.8841911554,"56":0.9705882072,"57":0.8308823705,"58":0.9669117928,"59":0.9577205777,"60":0.9669117928,"61":0.9558823705,"62":0.8327205777,"63":0.9613970518,"64":0.8786764741,"65":0.9595588446,"66":0.9466911554,"67":0.9577205777,"68":0.9430146813,"69":0.9742646813,"70":0.9595588446,"71":0.9540441036,"72":0.9540441036,"73":0.96875,"74":0.9540441036,"75":0.9613970518,"76":0.8952205777}}