{"loss":{"0":1.4664370794,"1":0.8766062557,"2":0.6597454298,"3":0.4749471828,"4":0.3985693943,"5":0.3157161595,"6":0.2881112576,"7":0.2323706791,"8":0.2201348874,"9":0.2087363384,"10":0.1719891569,"11":0.1769126677,"12":0.1680147972,"13":0.1547129972,"14":0.1356259545,"15":0.137234668,"16":0.1234838229,"17":0.1113302238,"18":0.1161825967,"19":0.1218810121,"20":0.1139542268,"21":0.0970051702,"22":0.0988426206,"23":0.1012998424,"24":0.1037708062,"25":0.0856838227,"26":0.0807287558,"27":0.0752634293,"28":0.0734701611,"29":0.0979406735,"30":0.0839827548,"31":0.0703031204,"32":0.0792804756,"33":0.0871475675,"34":0.0974285053,"35":0.0768180539,"36":0.0584963518,"37":0.084154611,"38":0.0774790237,"39":0.0607066146,"40":0.0740039424,"41":0.0659032724},"acc":{"0":0.450855583,"1":0.6738314033,"2":0.7507303953,"3":0.829403162,"4":0.8598706126,"5":0.8895033598,"6":0.9008764625,"7":0.9201794863,"8":0.9249791503,"9":0.9310308695,"10":0.9412562847,"11":0.9432387352,"12":0.9437604547,"13":0.9487687945,"14":0.953255415,"15":0.9550291896,"16":0.958889842,"17":0.9644198418,"18":0.9612896442,"19":0.9619156718,"20":0.96400249,"21":0.9686978459,"22":0.9694282413,"23":0.9695325494,"24":0.9671327472,"25":0.9717237353,"26":0.9721410871,"27":0.9742279053,"28":0.9765233994,"29":0.967654407,"30":0.9737061858,"31":0.9752712846,"32":0.976105988,"33":0.9726627469,"34":0.9705759883,"35":0.9763146639,"36":0.9818447232,"37":0.975793004,"38":0.9766277075,"39":0.9795492291,"40":0.9774624109,"41":0.9798622727},"val_loss":{"0":1.3770912281,"1":0.841686435,"2":0.7878343772,"3":0.7803314628,"4":0.7934368495,"5":0.5212552742,"6":0.5447399221,"7":1.421438481,"8":0.4101702739,"9":0.4853179824,"10":0.3404934328,"11":1.6962199981,"12":0.3897548125,"13":0.3628034593,"14":0.8586969806,"15":0.463675218,"16":0.6140553479,"17":0.6909103481,"18":0.4394477905,"19":0.5847391991,"20":0.6075463451,"21":0.2878857275,"22":0.4072232163,"23":0.615627691,"24":0.4749336805,"25":0.3657899307,"26":0.843594738,"27":0.3604812917,"28":0.3813364167,"29":0.3546828324,"30":0.3851203332,"31":1.7256751856,"32":0.346202578,"33":1.0864923441,"34":0.4166160013,"35":0.4458241018,"36":0.4899023679,"37":0.5886600082,"38":0.3469750972,"39":0.4860683469,"40":0.6656692411,"41":0.4990698751},"val_acc":{"0":0.4246323407,"1":0.6047794223,"2":0.7169117928,"3":0.6819853187,"4":0.7555146813,"5":0.8308823705,"6":0.8088235259,"7":0.7113970518,"8":0.8713235259,"9":0.8511029482,"10":0.8823529482,"11":0.6966911554,"12":0.9025735259,"13":0.8988970518,"14":0.7775735259,"15":0.8566176295,"16":0.8455882072,"17":0.8272058964,"18":0.8621323705,"19":0.8363970518,"20":0.8180146813,"21":0.9283088446,"22":0.8786764741,"23":0.8327205777,"24":0.8382353187,"25":0.9025735259,"26":0.7720588446,"27":0.8897058964,"28":0.8676470518,"29":0.8915441036,"30":0.8841911554,"31":0.6507353187,"32":0.9099264741,"33":0.75,"34":0.8713235259,"35":0.8529411554,"36":0.8584558964,"37":0.8694853187,"38":0.9099264741,"39":0.8474264741,"40":0.8841911554,"41":0.8474264741}}