{"loss":{"0":1.5804473016,"1":0.8980936386,"2":0.5891016763,"3":0.478049143,"4":0.3905411956,"5":0.3143970043,"6":0.2794356171,"7":0.2474167062,"8":0.2208188801,"9":0.2059311486,"10":0.1846032265,"11":0.1686991421,"12":0.1581277182,"13":0.1557647872,"14":0.1446337252,"15":0.1392870897,"16":0.122531146,"17":0.1180965461,"18":0.1303805037,"19":0.1178334102,"20":0.1042257009,"21":0.1044205667,"22":0.1025370241,"23":0.1089675963,"24":0.096262169,"25":0.0922733404,"26":0.0842797021,"27":0.0936028889,"28":0.0915785817,"29":0.0806112163,"30":0.0833988097,"31":0.0827752535,"32":0.084245369,"33":0.0773050908,"34":0.0789275655,"35":0.0703400299,"36":0.080135082,"37":0.0635216069,"38":0.0713520946,"39":0.0680892102,"40":0.0684425868,"41":0.0597323353,"42":0.0691473257,"43":0.0565957888,"44":0.0689207838,"45":0.0743241668,"46":0.061106298},"acc":{"0":0.4002293646,"1":0.6724353433,"2":0.7875312567,"3":0.8346538544,"4":0.8647831678,"5":0.8938698769,"6":0.9070058465,"7":0.9148248434,"8":0.9255629778,"9":0.9315054417,"10":0.9382818937,"11":0.9465179443,"12":0.9479774833,"13":0.9478732347,"14":0.952147603,"15":0.9541284442,"16":0.9592368603,"17":0.9609048963,"18":0.9593411088,"19":0.9589241147,"20":0.967889905,"21":0.9657005668,"22":0.9675771594,"23":0.9654920697,"24":0.9665346146,"25":0.9674729109,"26":0.9732068181,"27":0.9712260365,"28":0.9684111476,"29":0.9735196233,"30":0.9716430306,"31":0.9740408659,"32":0.9718515277,"33":0.9751876593,"34":0.9743536115,"35":0.9762302041,"36":0.9731025696,"37":0.9784195423,"38":0.9775854945,"39":0.9775854945,"40":0.9794620275,"41":0.9813386202,"42":0.9764387012,"43":0.9810258746,"44":0.9788365364,"45":0.9766471982,"46":0.9783152342},"val_loss":{"0":1.4371914592,"1":0.8830621392,"2":1.0744608531,"3":0.3764290981,"4":0.8334773323,"5":0.5057765973,"6":0.860355936,"7":1.082153048,"8":0.434314352,"9":0.3742940999,"10":0.4134672405,"11":0.3110641603,"12":0.4857572278,"13":0.4321729861,"14":0.4990449508,"15":0.4312204085,"16":0.344768079,"17":0.3797620937,"18":0.4016922678,"19":0.3003010913,"20":0.3377538032,"21":0.5716025297,"22":0.6856218168,"23":0.4410282969,"24":0.5058017806,"25":0.4077177921,"26":0.2998956688,"27":0.4615872144,"28":0.7445273873,"29":0.5887529542,"30":0.3168572376,"31":0.4439409838,"32":0.6377602986,"33":0.4219193111,"34":0.3637917629,"35":0.4568586673,"36":0.4375972229,"37":0.4444813613,"38":0.3179458692,"39":0.3311930895,"40":0.4515363831,"41":0.3038909196,"42":0.3185804,"43":0.4873557118,"44":0.3794316364,"45":0.7265536219,"46":0.3251028289},"val_acc":{"0":0.373161763,"1":0.6433823705,"2":0.6066176295,"3":0.8731617928,"4":0.7132353187,"5":0.8143382072,"6":0.6911764741,"7":0.6819853187,"8":0.8547794223,"9":0.8658088446,"10":0.8455882072,"11":0.8841911554,"12":0.8382353187,"13":0.8621323705,"14":0.8308823705,"15":0.8511029482,"16":0.9080882072,"17":0.8547794223,"18":0.8602941036,"19":0.8952205777,"20":0.8933823705,"21":0.7959558964,"22":0.7830882072,"23":0.8731617928,"24":0.84375,"25":0.8823529482,"26":0.9246323705,"27":0.8400735259,"28":0.7647058964,"29":0.8253676295,"30":0.9080882072,"31":0.8694853187,"32":0.8235294223,"33":0.8915441036,"34":0.8970588446,"35":0.8492646813,"36":0.8860294223,"37":0.8602941036,"38":0.8915441036,"39":0.9117646813,"40":0.8786764741,"41":0.9007353187,"42":0.90625,"43":0.9044117928,"44":0.8970588446,"45":0.8216911554,"46":0.9172794223}}