{"loss":{"0":1.7627628535,"1":1.2705606681,"2":0.9069576356,"3":0.6122372097,"4":0.4350099162,"5":0.3614987948,"6":0.2733511316,"7":0.2462325811,"8":0.1983712375,"9":0.1746965716,"10":0.1628592149,"11":0.1436286944,"12":0.1146013558,"13":0.1270122607,"14":0.1172725321,"15":0.0880591718,"16":0.1063390544,"17":0.0677185049,"18":0.0843792305,"19":0.0896056661,"20":0.0640175145,"21":0.0828106076,"22":0.0792052737,"23":0.0592549757,"24":0.0659762434,"25":0.054842873,"26":0.0539731242,"27":0.0655468234,"28":0.0442634623,"29":0.0626725928,"30":0.0456921651,"31":0.0537313008,"32":0.0492142983,"33":0.0430277765,"34":0.0407414155,"35":0.0424302677,"36":0.0466539368},"acc":{"0":0.3228297234,"1":0.525354743,"2":0.6823872924,"3":0.8016485572,"4":0.8620617986,"5":0.8873121738,"6":0.9153798223,"7":0.9269616008,"8":0.9400041699,"9":0.9488731027,"10":0.9516903162,"11":0.9576377273,"12":0.9686978459,"13":0.9643155336,"14":0.9654632807,"15":0.974645257,"16":0.9683848023,"17":0.9804883003,"18":0.9765233994,"19":0.9745408893,"20":0.9813230634,"21":0.9762103558,"22":0.978610158,"23":0.9832011461,"24":0.981949091,"25":0.9863314033,"26":0.9829924703,"27":0.9822620749,"28":0.987896502,"29":0.9824708104,"30":0.9860183597,"31":0.9853923321,"32":0.9860183597,"33":0.9882095456,"34":0.9883138537,"35":0.9886268973,"36":0.9868530631},"val_loss":{"0":1.9091869207,"1":2.7445908627,"2":1.6734055298,"3":1.2705088626,"4":0.6808579215,"5":0.2364887913,"6":0.3580366387,"7":0.5592430079,"8":0.3701415152,"9":0.470695582,"10":0.3338570767,"11":0.5465737295,"12":0.2609490149,"13":0.4241686519,"14":0.2673831795,"15":2.6931071698,"16":0.1720968261,"17":0.1928303975,"18":0.1876503489,"19":0.3731116341,"20":0.3112148094,"21":0.2950472741,"22":0.2283108766,"23":0.261717778,"24":0.4085332577,"25":0.5617405734,"26":0.4220645222,"27":0.3439393388,"28":0.303996423,"29":0.2979617974,"30":0.7051567722,"31":0.2706866523,"32":0.3431557979,"33":0.2929868384,"34":0.3888992062,"35":0.2594736228,"36":0.3826657325},"val_acc":{"0":0.1672794074,"1":0.216911763,"2":0.4283088148,"3":0.5625,"4":0.7591911554,"5":0.9227941036,"6":0.8878676295,"7":0.8308823705,"8":0.8878676295,"9":0.8272058964,"10":0.8897058964,"11":0.8198529482,"12":0.9411764741,"13":0.9080882072,"14":0.9338235259,"15":0.4301470518,"16":0.9558823705,"17":0.9522058964,"18":0.9485294223,"19":0.9007353187,"20":0.9283088446,"21":0.9172794223,"22":0.9485294223,"23":0.9393382072,"24":0.8860294223,"25":0.8308823705,"26":0.8915441036,"27":0.9283088446,"28":0.9264705777,"29":0.9154411554,"30":0.8125,"31":0.9503676295,"32":0.9301470518,"33":0.9264705777,"34":0.9191176295,"35":0.9466911554,"36":0.9172794223}}