{"loss":{"0":1.5368671977,"1":0.9856712599,"2":0.6488286066,"3":0.4660413831,"4":0.3711534596,"5":0.3181029032,"6":0.2613624134,"7":0.2409730719,"8":0.2206013448,"9":0.1997771829,"10":0.177654042,"11":0.1845144892,"12":0.1613712812,"13":0.1549444565,"14":0.1508480691,"15":0.1346128512,"16":0.1317661027,"17":0.1295744471,"18":0.1191454865,"19":0.1092929087,"20":0.1079807301,"21":0.1058548679,"22":0.0939911714,"23":0.1014853437,"24":0.0856272628,"25":0.0874519458,"26":0.086324256,"27":0.1048994717,"28":0.0797387307,"29":0.0781095787,"30":0.079207602,"31":0.084383515,"32":0.0820961446,"33":0.0851938581,"34":0.0722539444,"35":0.0848213999,"36":0.0798455025,"37":0.0657318887,"38":0.0720496832,"39":0.0706152295,"40":0.0619379052},"acc":{"0":0.421744585,"1":0.6183221936,"2":0.7626252174,"3":0.831594348,"4":0.8678004742,"5":0.8854340315,"6":0.908806324,"7":0.9155884981,"8":0.9207011461,"9":0.9303004742,"10":0.9398998618,"11":0.9375,"12":0.9440734386,"13":0.9468906522,"14":0.9469950199,"15":0.9539858103,"16":0.9571160078,"17":0.9571160078,"18":0.9608722925,"19":0.9623330832,"20":0.9642111659,"21":0.966193676,"22":0.9674457312,"23":0.966193676,"24":0.9730801582,"25":0.9705759883,"26":0.9723497629,"27":0.9652546048,"28":0.9719324112,"29":0.9731844664,"30":0.9728714228,"31":0.9731844664,"32":0.9739148617,"33":0.9720367193,"34":0.9777754545,"35":0.9712020159,"36":0.9745408893,"37":0.9777754545,"38":0.9744365811,"39":0.9776711464,"40":0.9815317392},"val_loss":{"0":2.0102712793,"1":0.9107680759,"2":1.8542500673,"3":0.9281667699,"4":0.8272890297,"5":2.5516700822,"6":0.2300402251,"7":0.4730849904,"8":0.6678991048,"9":0.9794722736,"10":2.5833740375,"11":0.3275769611,"12":0.5313034723,"13":0.4330071527,"14":0.6695605949,"15":1.0413509952,"16":0.5349033686,"17":0.628861029,"18":0.4200508648,"19":0.8334243894,"20":0.1683711763,"21":1.1702382558,"22":0.4487557341,"23":0.2643291143,"24":1.3325270561,"25":0.1830161918,"26":0.285114492,"27":0.4372180915,"28":0.2955543632,"29":0.4302698897,"30":0.233450715,"31":0.524953533,"32":0.3040857292,"33":0.1809096784,"34":0.540794855,"35":0.3378932471,"36":1.3729557005,"37":0.3235736912,"38":0.3503591349,"39":0.3393967596,"40":0.320780419},"val_acc":{"0":0.3382352889,"1":0.5753676295,"2":0.4375,"3":0.6856617928,"4":0.6875,"5":0.6158088446,"6":0.9080882072,"7":0.8327205777,"8":0.6966911554,"9":0.7536764741,"10":0.6029411554,"11":0.8897058964,"12":0.8602941036,"13":0.8216911554,"14":0.78125,"15":0.6875,"16":0.8106617928,"17":0.7996323705,"18":0.8566176295,"19":0.7389705777,"20":0.9430146813,"21":0.6672794223,"22":0.8455882072,"23":0.8970588446,"24":0.6893382072,"25":0.9375,"26":0.8841911554,"27":0.8455882072,"28":0.8952205777,"29":0.8676470518,"30":0.9283088446,"31":0.8952205777,"32":0.9099264741,"33":0.9466911554,"34":0.8327205777,"35":0.8933823705,"36":0.6176470518,"37":0.90625,"38":0.8805146813,"39":0.8860294223,"40":0.90625}}