{"loss":{"0":1.7824884623,"1":1.2822034638,"2":1.0093993279,"3":0.7654575648,"4":0.5942174848,"5":0.4418537031,"6":0.3533755626,"7":0.2841631518,"8":0.2558367736,"9":0.2202670171,"10":0.1901861733,"11":0.1633667507,"12":0.1474254532,"13":0.1466172153,"14":0.1301364424,"15":0.1167537991,"16":0.1107658729,"17":0.09353176,"18":0.0920803076,"19":0.0952334622,"20":0.1010961332,"21":0.0705912802,"22":0.0821960707,"23":0.075473575,"24":0.0725429872,"25":0.0659368114,"26":0.0553525096,"27":0.0615316415,"28":0.0640739561,"29":0.0513709091,"30":0.0518879793,"31":0.0510995053,"32":0.0528679381,"33":0.0490589219,"34":0.0453895809,"35":0.0423927548,"36":0.0389560109,"37":0.0526466841,"38":0.0342905573,"39":0.0382561888,"40":0.0382611184,"41":0.0317044919,"42":0.0342792769,"43":0.0297316645,"44":0.030583611,"45":0.0373577377,"46":0.0343980984,"47":0.0285865424,"48":0.0290723239,"49":0.037913021,"50":0.0238109602,"51":0.0401819347,"52":0.0430860914,"53":0.025310954,"54":0.0215664043,"55":0.0263791494,"56":0.0370183073,"57":0.0257128555,"58":0.0345968568,"59":0.0219108506,"60":0.0269450702,"61":0.0163676342,"62":0.0320984127,"63":0.0324778422,"64":0.0181572819,"65":0.0344876245,"66":0.0293956168,"67":0.0203177054},"acc":{"0":0.3074437082,"1":0.512927413,"2":0.6309424639,"3":0.7346747518,"4":0.8007714748,"5":0.8577981591,"6":0.8888657093,"7":0.9125312567,"8":0.9233736396,"9":0.9347372651,"10":0.9399499297,"11":0.9507923126,"12":0.955170989,"13":0.9573603272,"14":0.9638240337,"15":0.9670558572,"16":0.9686197042,"17":0.9722685814,"18":0.9722685814,"19":0.9739366174,"20":0.9713302851,"21":0.9790450335,"22":0.9775854945,"23":0.979149282,"24":0.9798790812,"25":0.9794620275,"26":0.9835279584,"27":0.9820684195,"28":0.9817556143,"29":0.9848832488,"30":0.9854044914,"31":0.9856129885,"32":0.9832151532,"33":0.987072587,"34":0.9862385392,"35":0.9890533686,"36":0.9883236289,"37":0.9850917459,"38":0.9903044105,"39":0.98894912,"40":0.9886363745,"41":0.9905129075,"42":0.9905129075,"43":0.9909299612,"44":0.9903044105,"45":0.9894703627,"46":0.9894703627,"47":0.9913469553,"48":0.9921810031,"49":0.9909299612,"50":0.9938490391,"51":0.9898874164,"52":0.9888448715,"53":0.9938490391,"54":0.9935362935,"55":0.9938490391,"56":0.9896789193,"57":0.993432045,"58":0.990617156,"59":0.9939532876,"60":0.9930149913,"61":0.9959341288,"62":0.9913469553,"63":0.9927022457,"64":0.9960383773,"65":0.9902001619,"66":0.9918681979,"67":0.9938490391},"val_loss":{"0":1.5528926455,"1":1.4946252406,"2":1.3264342744,"3":0.7894986298,"4":0.8603239997,"5":0.9204261461,"6":0.7987987097,"7":0.3511441344,"8":0.391263364,"9":0.5351067078,"10":0.5525705741,"11":1.3336784028,"12":0.3145180993,"13":0.2456594793,"14":0.4262778185,"15":0.528036551,"16":0.3006386973,"17":0.2240304903,"18":0.2541428533,"19":1.0252205598,"20":0.3651014591,"21":0.2182463146,"22":0.2908632935,"23":0.1661673381,"24":0.2066672876,"25":0.1368640286,"26":0.1952916174,"27":0.4448178002,"28":0.1546136494,"29":0.2990655643,"30":0.2678264601,"31":0.1357341497,"32":0.1815283522,"33":0.2662269931,"34":0.1800208235,"35":0.1577020783,"36":0.3410095753,"37":0.9404764597,"38":0.3308999878,"39":0.19170876,"40":0.1381585264,"41":0.1545966183,"42":0.1592815345,"43":0.2116913115,"44":0.1830271345,"45":0.1672419545,"46":0.2136959588,"47":0.1250763982,"48":0.1546837655,"49":0.2106283997,"50":0.2143332769,"51":0.141858317,"52":0.1901311558,"53":0.2700425002,"54":0.1360631277,"55":0.5929069044,"56":0.2844696737,"57":0.1363018002,"58":0.1483372372,"59":0.2299052446,"60":0.1985575555,"61":0.2452514593,"62":0.2090176615,"63":0.1390912918,"64":0.1290985241,"65":0.2225661548,"66":0.1729014754,"67":0.2074580518},"val_acc":{"0":0.4025735259,"1":0.4099264741,"2":0.4191176593,"3":0.7058823705,"4":0.6856617928,"5":0.6764705777,"6":0.7077205777,"7":0.8713235259,"8":0.8731617928,"9":0.84375,"10":0.8180146813,"11":0.7169117928,"12":0.8933823705,"13":0.9172794223,"14":0.8731617928,"15":0.8327205777,"16":0.9136029482,"17":0.9227941036,"18":0.9411764741,"19":0.7702205777,"20":0.8915441036,"21":0.9393382072,"22":0.9117646813,"23":0.9503676295,"24":0.9375,"25":0.9540441036,"26":0.9411764741,"27":0.8878676295,"28":0.9411764741,"29":0.9080882072,"30":0.9319853187,"31":0.9650735259,"32":0.9466911554,"33":0.9283088446,"34":0.9540441036,"35":0.9650735259,"36":0.9227941036,"37":0.7555146813,"38":0.9099264741,"39":0.9503676295,"40":0.9613970518,"41":0.9669117928,"42":0.9466911554,"43":0.9375,"44":0.9540441036,"45":0.9540441036,"46":0.9466911554,"47":0.9705882072,"48":0.9632353187,"49":0.9393382072,"50":0.9540441036,"51":0.9669117928,"52":0.9595588446,"53":0.9209558964,"54":0.9669117928,"55":0.8529411554,"56":0.9246323705,"57":0.9669117928,"58":0.9724264741,"59":0.9577205777,"60":0.9558823705,"61":0.9448529482,"62":0.9503676295,"63":0.9724264741,"64":0.9724264741,"65":0.9503676295,"66":0.9595588446,"67":0.9522058964}}