{"loss":{"0":1.7074579374,"1":1.3064978456,"2":0.9991006845,"3":0.7157681775,"4":0.5046066551,"5":0.4202878889,"6":0.3557834263,"7":0.3219514794,"8":0.2656795368,"9":0.2330834312,"10":0.2194335205,"11":0.1987882769,"12":0.1898275659,"13":0.1831825991,"14":0.1577411393,"15":0.1547275906,"16":0.1507007549,"17":0.1319724295,"18":0.1310731402,"19":0.1280049988,"20":0.1223499155,"21":0.1217265326,"22":0.1181898938,"23":0.1093166823,"24":0.0972699894,"25":0.0958218767,"26":0.0921410604,"27":0.0891334197,"28":0.0912446383,"29":0.0831202418,"30":0.090320464,"31":0.0892717885,"32":0.0815231959,"33":0.0783709252,"34":0.0902658601,"35":0.0752215572,"36":0.0769451013,"37":0.0723631136,"38":0.0739819156,"39":0.0678783279,"40":0.0717388088,"41":0.0630573159,"42":0.0693836141,"43":0.0663201627,"44":0.0600602975,"45":0.0621125388,"46":0.063398904,"47":0.0715284317,"48":0.0566574976,"49":0.0753751727,"50":0.0481757761,"51":0.0590510084,"52":0.0504674641,"53":0.048606611,"54":0.0541165559,"55":0.0562769344,"56":0.0624702809,"57":0.0513740841,"58":0.054299985,"59":0.0569217928,"60":0.0456255757,"61":0.0471479718,"62":0.0535289376,"63":0.0547690822,"64":0.0576738648,"65":0.0553850496,"66":0.0520733327,"67":0.0436704312,"68":0.0541830949,"69":0.0560378723,"70":0.0345005153,"71":0.0449398412,"72":0.0475293795,"73":0.0381036366,"74":0.040627396,"75":0.041814519,"76":0.0530282807,"77":0.0307486304,"78":0.0520797897,"79":0.0383075543,"80":0.0319487602,"81":0.0377625983,"82":0.048192515,"83":0.0427449617,"84":0.0314174615,"85":0.0310648978},"acc":{"0":0.3551918268,"1":0.5068807602,"2":0.6408465505,"3":0.7643870115,"4":0.8389282823,"5":0.8709341288,"6":0.8940783739,"7":0.9009591341,"8":0.9211843014,"9":0.9303586483,"10":0.9350500703,"11":0.9412009716,"12":0.940679729,"13":0.945579648,"14":0.9531901479,"15":0.9516263604,"16":0.9561092854,"17":0.9622602463,"18":0.9641367793,"19":0.9629899859,"20":0.9648665786,"21":0.9659090638,"22":0.9651793242,"23":0.9665346146,"24":0.9704962373,"25":0.9710175395,"26":0.9720600247,"27":0.9743536115,"28":0.9751876593,"29":0.9761259556,"30":0.9739366174,"31":0.9763344526,"32":0.9767514467,"33":0.9767514467,"34":0.9751876593,"35":0.9815471172,"36":0.9761259556,"37":0.9795662761,"38":0.9786280394,"39":0.9804003239,"40":0.9787322879,"41":0.9819641113,"42":0.9801918268,"43":0.9805045724,"44":0.9836322069,"45":0.984049201,"46":0.9825896621,"47":0.9824854136,"48":0.9856129885,"49":0.9810258746,"50":0.9871768355,"51":0.9820684195,"52":0.9858215451,"53":0.9851959944,"54":0.9845705032,"55":0.9847790003,"56":0.983840704,"57":0.9835279584,"58":0.9866555333,"59":0.9842576981,"60":0.9878023267,"61":0.9867597818,"62":0.9848832488,"63":0.9845705032,"64":0.9858215451,"65":0.9848832488,"66":0.9861342907,"67":0.9867597818,"68":0.9853002429,"69":0.9842576981,"70":0.990617156,"71":0.9875938296,"72":0.9878023267,"73":0.9880108237,"74":0.9875938296,"75":0.9880108237,"76":0.9854044914,"77":0.9928064942,"78":0.9850917459,"79":0.9892618656,"80":0.9905129075,"81":0.9900959134,"82":0.9878023267,"83":0.9884278774,"84":0.9913469553,"85":0.9908257127},"val_loss":{"0":1.2551425906,"1":1.3151475252,"2":1.0777643757,"3":0.3600698946,"4":0.3260616034,"5":0.3273114417,"6":0.2510531712,"7":0.1327470305,"8":0.1836853584,"9":0.2769863301,"10":0.170979274,"11":0.1556259616,"12":0.1946798012,"13":0.1560375568,"14":0.184889113,"15":0.173325406,"16":0.1119049747,"17":0.1994543227,"18":0.1613799606,"19":0.1367821906,"20":0.1579396491,"21":0.1351422144,"22":0.1699958819,"23":0.1378957802,"24":0.1757669779,"25":0.1851142589,"26":0.202144446,"27":0.1197015784,"28":0.1347113482,"29":0.1375876115,"30":0.2345840211,"31":0.0935773978,"32":0.1184181933,"33":0.1037568124,"34":0.1256025843,"35":0.150924917,"36":0.1308646672,"37":0.131766825,"38":0.1115989543,"39":0.1343579625,"40":0.1595999885,"41":0.1023932872,"42":0.1370274687,"43":0.2254252466,"44":0.1357563209,"45":0.1185350125,"46":0.0823727922,"47":0.1295735173,"48":0.0758973849,"49":0.0945408555,"50":0.1059539708,"51":0.0967893483,"52":0.1140462568,"53":0.1288688654,"54":0.1140285605,"55":0.0741032512,"56":0.0816812795,"57":0.1100069207,"58":0.1729753816,"59":0.1288869027,"60":0.2706191632,"61":0.0964777639,"62":0.1193403662,"63":0.0785332502,"64":0.0693782925,"65":0.0685008124,"66":0.0771194905,"67":0.1178105976,"68":0.0829803701,"69":0.0747953936,"70":0.0978329068,"71":0.0984532622,"72":0.0713408533,"73":0.100727688,"74":0.0841891013,"75":0.0756778459,"76":0.1035562542,"77":0.1876778908,"78":0.119784789,"79":0.0904567276,"80":0.1069148703,"81":0.0826936865,"82":0.1017259524,"83":0.0743770574,"84":0.1095269585,"85":0.1228015137},"val_acc":{"0":0.4779411852,"1":0.5073529482,"2":0.6011029482,"3":0.8970588446,"4":0.9025735259,"5":0.8933823705,"6":0.9191176295,"7":0.9577205777,"8":0.9485294223,"9":0.9283088446,"10":0.9503676295,"11":0.9613970518,"12":0.9448529482,"13":0.9558823705,"14":0.9577205777,"15":0.9632353187,"16":0.9705882072,"17":0.9595588446,"18":0.9522058964,"19":0.9558823705,"20":0.9613970518,"21":0.9632353187,"22":0.9503676295,"23":0.9632353187,"24":0.9632353187,"25":0.9595588446,"26":0.9650735259,"27":0.9669117928,"28":0.9650735259,"29":0.9650735259,"30":0.9485294223,"31":0.9761029482,"32":0.9705882072,"33":0.9724264741,"34":0.9650735259,"35":0.9669117928,"36":0.9705882072,"37":0.9650735259,"38":0.9724264741,"39":0.9705882072,"40":0.9669117928,"41":0.9742646813,"42":0.9761029482,"43":0.9503676295,"44":0.9669117928,"45":0.9779411554,"46":0.9797794223,"47":0.9650735259,"48":0.9834558964,"49":0.9761029482,"50":0.96875,"51":0.9761029482,"52":0.9742646813,"53":0.9742646813,"54":0.9779411554,"55":0.9779411554,"56":0.9779411554,"57":0.9742646813,"58":0.9448529482,"59":0.9742646813,"60":0.9540441036,"61":0.9761029482,"62":0.9705882072,"63":0.9761029482,"64":0.9797794223,"65":0.9834558964,"66":0.9742646813,"67":0.9705882072,"68":0.9797794223,"69":0.9797794223,"70":0.9705882072,"71":0.9724264741,"72":0.9779411554,"73":0.9816176295,"74":0.9779411554,"75":0.9816176295,"76":0.9761029482,"77":0.9613970518,"78":0.9705882072,"79":0.9724264741,"80":0.9779411554,"81":0.9742646813,"82":0.9797794223,"83":0.9834558964,"84":0.9632353187,"85":0.9779411554}}