{"loss":{"0":1.6710569984,"1":1.1788209063,"2":0.8560465644,"3":0.6361283441,"4":0.4915101666,"5":0.41726344,"6":0.3481126964,"7":0.3228162612,"8":0.2760309588,"9":0.245928314,"10":0.2166294735,"11":0.1998605171,"12":0.1961768402,"13":0.1746133467,"14":0.1569648685,"15":0.1625656824,"16":0.148643091,"17":0.1389971458,"18":0.1290997919,"19":0.1193343956,"20":0.1430395946,"21":0.1276565333,"22":0.1096758122,"23":0.1092664189,"24":0.1118984748,"25":0.1001255942,"26":0.0991689336,"27":0.0884802842,"28":0.0988536504,"29":0.0901860315,"30":0.0877849989,"31":0.0991115139,"32":0.0799540331,"33":0.0833085672,"34":0.0713868903,"35":0.0921559521,"36":0.07085303,"37":0.0655624269,"38":0.0828186153,"39":0.0647627855,"40":0.0712576374,"41":0.0755193733,"42":0.0765505942,"43":0.0598246826,"44":0.0707850899,"45":0.0666458289,"46":0.0658577024,"47":0.0581523297,"48":0.0724841928,"49":0.0649147844,"50":0.0651555875,"51":0.0637097729,"52":0.054334481,"53":0.0601296809,"54":0.0533381011,"55":0.0571758437,"56":0.0526899077,"57":0.0556941137,"58":0.0526890687,"59":0.0515590691,"60":0.0552782773,"61":0.0598934687,"62":0.0458155071,"63":0.057623573,"64":0.0471382795,"65":0.0599223802,"66":0.0474894294,"67":0.0384933621,"68":0.0532623242,"69":0.0528154325,"70":0.0464295761,"71":0.0494877071},"acc":{"0":0.3670701087,"1":0.5663605928,"2":0.6944907904,"3":0.7901711464,"4":0.8456802964,"5":0.8692612648,"6":0.8948246837,"7":0.9010851383,"8":0.9151711464,"9":0.9265442491,"10":0.9343698025,"11":0.9395868182,"12":0.9420909882,"13":0.9505425692,"14":0.9527336955,"15":0.9524207115,"16":0.9554466009,"17":0.9573246837,"18":0.9616026878,"19":0.9646285772,"20":0.9562813044,"21":0.9611853361,"22":0.9658806324,"23":0.9688021541,"24":0.9656719565,"25":0.9684891701,"26":0.9715149999,"27":0.9737061858,"28":0.9707846642,"29":0.9736018181,"30":0.9741235375,"31":0.9716193676,"32":0.9758973122,"33":0.9750626087,"34":0.978610158,"35":0.9744365811,"36":0.978297174,"37":0.9805926681,"38":0.9779841304,"39":0.9800709486,"40":0.9792362452,"41":0.9788188934,"42":0.9788188934,"43":0.9812186956,"44":0.9801753163,"45":0.9818447232,"46":0.9825751185,"47":0.9829924703,"48":0.9806969762,"49":0.9816360474,"50":0.9840359092,"51":0.9812186956,"52":0.9858096838,"53":0.9832011461,"54":0.9846619368,"55":0.9844532609,"56":0.9852879643,"57":0.9847663045,"58":0.9840359092,"59":0.9837228656,"60":0.9843488932,"61":0.9852879643,"62":0.9881051779,"63":0.9828881621,"64":0.9862270355,"65":0.9836185575,"66":0.9861227274,"67":0.9872704744,"68":0.9852879643,"69":0.9863314033,"70":0.9880008101,"71":0.9840359092},"val_loss":{"0":1.217666484,"1":1.2389622541,"2":0.7781550065,"3":0.6044453287,"4":0.3347060258,"5":0.3829002202,"6":0.2428655061,"7":0.1722790598,"8":0.1320614865,"9":0.1689754352,"10":0.202217125,"11":0.2596743627,"12":0.1755529571,"13":0.1813146058,"14":0.218081871,"15":0.1246547986,"16":0.1331082539,"17":0.1361084444,"18":0.1004620037,"19":0.0991430021,"20":0.0845869478,"21":0.1165151885,"22":0.1499096682,"23":0.1735358325,"24":0.1737575459,"25":0.1192284259,"26":0.0869184017,"27":0.1672603666,"28":0.0857450548,"29":0.1136343808,"30":0.0721751126,"31":0.0920782292,"32":0.1399355671,"33":0.1816610971,"34":0.0675731663,"35":0.1119527426,"36":0.1143423496,"37":0.2311013681,"38":0.1013260725,"39":0.1139888536,"40":0.1194034044,"41":0.0929773589,"42":0.1246889316,"43":0.1901879149,"44":0.0717361292,"45":0.1275882499,"46":0.1080000495,"47":0.0746492326,"48":0.088840742,"49":0.1095734513,"50":0.0926957148,"51":0.059385472,"52":0.1484421839,"53":0.1486259672,"54":0.1404319006,"55":0.197256018,"56":0.1424899512,"57":0.1090368656,"58":0.111904023,"59":0.0802654279,"60":0.1030849486,"61":0.2385166191,"62":0.119575164,"63":0.1179802804,"64":0.0841439317,"65":0.1159649486,"66":0.1173145387,"67":0.1479739149,"68":0.1210399738,"69":0.1223150915,"70":0.1299425442,"71":0.0759049599},"val_acc":{"0":0.4908088148,"1":0.5974264741,"2":0.6856617928,"3":0.8033088446,"4":0.8823529482,"5":0.8694853187,"6":0.9099264741,"7":0.9485294223,"8":0.9595588446,"9":0.9522058964,"10":0.9448529482,"11":0.9301470518,"12":0.9540441036,"13":0.9448529482,"14":0.9338235259,"15":0.9650735259,"16":0.9595588446,"17":0.9705882072,"18":0.9761029482,"19":0.9669117928,"20":0.9742646813,"21":0.9705882072,"22":0.9595588446,"23":0.9485294223,"24":0.9577205777,"25":0.9669117928,"26":0.9742646813,"27":0.96875,"28":0.9797794223,"29":0.96875,"30":0.9742646813,"31":0.9613970518,"32":0.9595588446,"33":0.9522058964,"34":0.9834558964,"35":0.9797794223,"36":0.9724264741,"37":0.9503676295,"38":0.9779411554,"39":0.9797794223,"40":0.9779411554,"41":0.96875,"42":0.9742646813,"43":0.9669117928,"44":0.9834558964,"45":0.9761029482,"46":0.9797794223,"47":0.9834558964,"48":0.9742646813,"49":0.9797794223,"50":0.9779411554,"51":0.9908088446,"52":0.9779411554,"53":0.9816176295,"54":0.9742646813,"55":0.9779411554,"56":0.9797794223,"57":0.9889705777,"58":0.9816176295,"59":0.9816176295,"60":0.9871323705,"61":0.9613970518,"62":0.9834558964,"63":0.9797794223,"64":0.9871323705,"65":0.9797794223,"66":0.9834558964,"67":0.9761029482,"68":0.9797794223,"69":0.9779411554,"70":0.9816176295,"71":0.9871323705}}