{"loss":{"0":1.6902557256,"1":1.1804187562,"2":0.803986494,"3":0.5612998412,"4":0.415282977,"5":0.3372855051,"6":0.2548201468,"7":0.2196344738,"8":0.2047825719,"9":0.1495746722,"10":0.1477233875,"11":0.1330956325,"12":0.1207994188,"13":0.1031780593,"14":0.1188053643,"15":0.0972461617,"16":0.0981259802,"17":0.0899061125,"18":0.0764476248,"19":0.0721838047,"20":0.078376766,"21":0.0773061581,"22":0.0703425943,"23":0.0632301716,"24":0.0587155519,"25":0.0513740083,"26":0.0524212968,"27":0.061983252,"28":0.0500461319,"29":0.0534495944,"30":0.059343127,"31":0.0449397864,"32":0.0551322695,"33":0.0551685302,"34":0.0469678529,"35":0.0536010158,"36":0.0466954751,"37":0.0447386476,"38":0.0411914501,"39":0.0420533764,"40":0.0468494437,"41":0.0415507704,"42":0.0433100239,"43":0.0336761628,"44":0.0497899844,"45":0.031524355,"46":0.0371130424,"47":0.0427218065,"48":0.0377871575,"49":0.0313523237},"acc":{"0":0.3623853326,"1":0.5694328547,"2":0.7078815699,"3":0.8087990284,"4":0.8657214642,"5":0.891159296,"6":0.9175354242,"7":0.9330692291,"8":0.9367181063,"9":0.9508965611,"10":0.9547539353,"11":0.9614261985,"12":0.963198483,"13":0.9690366983,"14":0.9645537734,"15":0.9706004858,"16":0.9700792432,"17":0.9750834107,"18":0.9780024886,"19":0.9780024886,"20":0.9782109857,"21":0.9782109857,"22":0.979149282,"23":0.9822769165,"24":0.983840704,"25":0.9839449525,"26":0.9860300422,"27":0.982381165,"28":0.9851959944,"29":0.9849874973,"30":0.9826939106,"31":0.987072587,"32":0.9853002429,"33":0.9849874973,"34":0.9866555333,"35":0.9864470363,"36":0.9876980782,"37":0.9872810841,"38":0.9880108237,"39":0.9884278774,"40":0.9866555333,"41":0.9884278774,"42":0.9865512848,"43":0.9918681979,"44":0.9862385392,"45":0.9911384583,"46":0.9902001619,"47":0.9884278774,"48":0.9891576171,"49":0.9908257127},"val_loss":{"0":1.6140790757,"1":0.8680650263,"2":1.2660939733,"3":0.5984641715,"4":0.3639796701,"5":0.2284914027,"6":0.3215652635,"7":0.9912442079,"8":0.2108733597,"9":0.1846132928,"10":0.1627676544,"11":0.1410700853,"12":0.1611033767,"13":0.2048906622,"14":0.110148346,"15":0.1667109711,"16":0.1279981924,"17":0.1425124243,"18":0.1937062988,"19":0.1126001381,"20":0.1074438782,"21":0.1281448009,"22":0.1150383484,"23":0.118516927,"24":0.1070179211,"25":0.1365263312,"26":0.0817229327,"27":0.2003576466,"28":0.11508656,"29":0.0646788146,"30":0.1472199214,"31":0.1024952127,"32":0.1538873328,"33":0.1342604244,"34":0.0718633488,"35":0.1198213858,"36":0.1023887614,"37":0.1070473973,"38":0.1226530093,"39":0.1336300281,"40":0.1085927324,"41":0.1645273647,"42":0.145372814,"43":0.1061860699,"44":0.1349454333,"45":0.0931259271,"46":0.1678502836,"47":0.1370267804,"48":0.10847767,"49":0.1308336245},"val_acc":{"0":0.3566176593,"1":0.6948529482,"2":0.6213235259,"3":0.8125,"4":0.8768382072,"5":0.9209558964,"6":0.9044117928,"7":0.8125,"8":0.9503676295,"9":0.9375,"10":0.9411764741,"11":0.9577205777,"12":0.9558823705,"13":0.9411764741,"14":0.96875,"15":0.9632353187,"16":0.9669117928,"17":0.9558823705,"18":0.9503676295,"19":0.9669117928,"20":0.9724264741,"21":0.9669117928,"22":0.9650735259,"23":0.9650735259,"24":0.9669117928,"25":0.96875,"26":0.9705882072,"27":0.9540441036,"28":0.9705882072,"29":0.9779411554,"30":0.9669117928,"31":0.9797794223,"32":0.9650735259,"33":0.9650735259,"34":0.9742646813,"35":0.9632353187,"36":0.9761029482,"37":0.96875,"38":0.9669117928,"39":0.9650735259,"40":0.9705882072,"41":0.9705882072,"42":0.9669117928,"43":0.9705882072,"44":0.9724264741,"45":0.9761029482,"46":0.9650735259,"47":0.9669117928,"48":0.96875,"49":0.9779411554}}