{"loss":{"0":1.3165972484,"1":0.6225071707,"2":0.3957334908,"3":0.2910616829,"4":0.2444973333,"5":0.2084240502,"6":0.1672392802,"7":0.1473924338,"8":0.1443792259,"9":0.1214777673,"10":0.11558429,"11":0.0963928152,"12":0.0918561873,"13":0.098809502,"14":0.0723520727,"15":0.081769786,"16":0.0782761327,"17":0.063726433,"18":0.0671991346,"19":0.0550979139,"20":0.0613833811,"21":0.0476044051,"22":0.0561648442,"23":0.0490692022,"24":0.0513223216,"25":0.0461021105,"26":0.0432271625,"27":0.0516563712,"28":0.0409683299,"29":0.0413340992,"30":0.0444793931,"31":0.0418847609},"acc":{"0":0.5085559487,"1":0.7827629447,"2":0.8666527271,"3":0.90150249,"4":0.9173622727,"5":0.9283180237,"6":0.9480383992,"7":0.9514816403,"8":0.9521076679,"9":0.9624373913,"10":0.9645242095,"11":0.9692195058,"12":0.9725584388,"13":0.9706802964,"14":0.9778798223,"15":0.976105988,"16":0.974958241,"17":0.9812186956,"18":0.9799666405,"19":0.9824708104,"20":0.9818447232,"21":0.9838272333,"22":0.9829924703,"23":0.983096838,"24":0.983409822,"25":0.9870617986,"26":0.9868530631,"27":0.9832011461,"28":0.9886268973,"29":0.9877921343,"30":0.9871661067,"31":0.9883138537},"val_loss":{"0":0.9661430673,"1":0.3867225721,"2":0.4908220607,"3":0.2165295256,"4":0.2988126615,"5":0.3385993973,"6":0.2668859527,"7":0.222658602,"8":0.4633525658,"9":0.3949526704,"10":0.2020531798,"11":0.1558667549,"12":0.172706026,"13":0.3124718937,"14":0.2994488606,"15":0.3092377378,"16":0.1651702399,"17":0.1956022869,"18":0.1910554903,"19":0.1958923549,"20":0.1740125716,"21":0.2835096219,"22":0.2512905043,"23":0.1882381191,"24":0.2626746853,"25":0.1979116822,"26":0.2498857733,"27":0.2124973933,"28":0.2262042151,"29":0.1973236657,"30":0.1737888262,"31":0.182793423},"val_acc":{"0":0.6452205777,"1":0.8511029482,"2":0.8290441036,"3":0.9338235259,"4":0.8768382072,"5":0.8713235259,"6":0.9025735259,"7":0.9246323705,"8":0.8547794223,"9":0.8566176295,"10":0.9430146813,"11":0.9503676295,"12":0.9522058964,"13":0.9209558964,"14":0.9375,"15":0.9154411554,"16":0.9595588446,"17":0.9558823705,"18":0.9375,"19":0.9595588446,"20":0.9503676295,"21":0.9301470518,"22":0.9466911554,"23":0.9448529482,"24":0.9356617928,"25":0.9558823705,"26":0.9448529482,"27":0.9558823705,"28":0.9595588446,"29":0.9393382072,"30":0.9558823705,"31":0.9577205777}}