{"loss":{"0":1.7051062799,"1":1.2437700528,"2":0.7825079549,"3":0.5099268346,"4":0.4004287993,"5":0.3059442212,"6":0.2530647307,"7":0.2364381529,"8":0.1949685869,"9":0.1687596444,"10":0.1504790054,"11":0.1385188971,"12":0.1194133133,"13":0.1159977901,"14":0.1149445237,"15":0.0951949317,"16":0.0975019711,"17":0.0888106611,"18":0.0875062552,"19":0.0819978909,"20":0.084256944,"21":0.0773931549,"22":0.0691952051,"23":0.0631859414,"24":0.0556222858,"25":0.0601937878,"26":0.0660592946,"27":0.0598888327,"28":0.0558602961,"29":0.0511995119,"30":0.0577754937,"31":0.0523897763,"32":0.054748695,"33":0.0532900925,"34":0.0554057671,"35":0.0409878291,"36":0.0465570773,"37":0.0531670669,"38":0.0500071725,"39":0.0413412666,"40":0.0402469046,"41":0.0402379032,"42":0.0440179804,"43":0.0378782525},"acc":{"0":0.3584098518,"1":0.5431969762,"2":0.7253756523,"3":0.8348288536,"4":0.8747913241,"5":0.9055717587,"6":0.9208055139,"7":0.9294657707,"8":0.9416736364,"9":0.9488731027,"10":0.9546118379,"11":0.9587854743,"12":0.9653589129,"13":0.9651502371,"14":0.9658806324,"15":0.9721410871,"16":0.97349751,"17":0.9747495651,"18":0.9729757905,"19":0.9773581028,"20":0.9744365811,"21":0.9774624109,"22":0.9787145257,"23":0.9798622727,"24":0.9822620749,"25":0.9823664427,"26":0.9822620749,"27":0.9825751185,"28":0.9839315414,"29":0.9861227274,"30":0.9838272333,"31":0.9849749804,"32":0.9858096838,"33":0.9839315414,"34":0.9843488932,"35":0.9897746444,"36":0.9874791503,"37":0.9858096838,"38":0.9859140515,"39":0.9894616008,"40":0.989357233,"41":0.9880008101,"42":0.9889398813,"43":0.9905049801},"val_loss":{"0":1.3781681841,"1":0.8247757872,"2":0.7033750791,"3":0.3137195644,"4":0.360061668,"5":0.2306371986,"6":0.1920190864,"7":0.164898605,"8":0.1523557293,"9":0.1377912099,"10":0.1276577744,"11":0.0997753823,"12":0.1295448205,"13":0.1369892091,"14":0.0984355155,"15":0.1114062005,"16":0.0822929148,"17":0.1416951547,"18":0.1037240266,"19":0.1042758796,"20":0.1107018317,"21":0.0894683289,"22":0.1214308543,"23":0.0560133875,"24":0.1145021215,"25":0.1401955733,"26":0.076416914,"27":0.0711887977,"28":0.100846613,"29":0.0808303684,"30":0.0743539894,"31":0.1187564042,"32":0.0950886566,"33":0.1197572681,"34":0.1330086633,"35":0.0902034368,"36":0.07448387,"37":0.1212773586,"38":0.099870627,"39":0.1219644175,"40":0.0892581407,"41":0.0779776825,"42":0.1023997922,"43":0.1627589996},"val_acc":{"0":0.4117647111,"1":0.6783088446,"2":0.7610294223,"3":0.9080882072,"4":0.8713235259,"5":0.9283088446,"6":0.9448529482,"7":0.9522058964,"8":0.9466911554,"9":0.9650735259,"10":0.9669117928,"11":0.96875,"12":0.9595588446,"13":0.96875,"14":0.9779411554,"15":0.9705882072,"16":0.9724264741,"17":0.9632353187,"18":0.9779411554,"19":0.9797794223,"20":0.9779411554,"21":0.9761029482,"22":0.9669117928,"23":0.9797794223,"24":0.96875,"25":0.9705882072,"26":0.9761029482,"27":0.9779411554,"28":0.9650735259,"29":0.9871323705,"30":0.9852941036,"31":0.96875,"32":0.9761029482,"33":0.9761029482,"34":0.9650735259,"35":0.9705882072,"36":0.9852941036,"37":0.9761029482,"38":0.9761029482,"39":0.9761029482,"40":0.9816176295,"41":0.9797794223,"42":0.9779411554,"43":0.9522058964}}