{"loss":{"0":1.6376056492,"1":1.2481695548,"2":1.0025017956,"3":0.7873947903,"4":0.5464903543,"5":0.4141504353,"6":0.3193346214,"7":0.2907516464,"8":0.2358390612,"9":0.1991799337,"10":0.171705225,"11":0.1712103319,"12":0.1393057431,"13":0.1379173939,"14":0.1361394847,"15":0.1021202514,"16":0.104961632,"17":0.095559949,"18":0.0803660461,"19":0.0962409813,"20":0.089001342,"21":0.074231068,"22":0.0832827412,"23":0.0832683747,"24":0.0593557668,"25":0.0634519522,"26":0.0688520527,"27":0.0601358661,"28":0.0598355744,"29":0.0561777543,"30":0.0544775325,"31":0.0565608235,"32":0.0584827686,"33":0.0452544676,"34":0.0549779007,"35":0.0468828577,"36":0.0525091235,"37":0.0524736146,"38":0.034646337,"39":0.0477765921,"40":0.0494591321,"41":0.0461336141,"42":0.0401234009,"43":0.0339408549,"44":0.0409312154,"45":0.0367346827,"46":0.0306205635,"47":0.0365229275,"48":0.0483997653,"49":0.023337575,"50":0.0456439591,"51":0.0298464747,"52":0.0377913665,"53":0.0339923561,"54":0.0404285055,"55":0.0379084938,"56":0.0306691357,"57":0.0280892929,"58":0.0258961737,"59":0.0222367365,"60":0.0430947192,"61":0.0256466223,"62":0.0351358315,"63":0.0216060766,"64":0.0248195896,"65":0.0296292613,"66":0.0241864934,"67":0.0400869935,"68":0.0255825087,"69":0.0249376123,"70":0.0326874936,"71":0.0230180389,"72":0.0289866264,"73":0.0303031593,"74":0.023667684,"75":0.0204624888,"76":0.0293435491,"77":0.0273872955},"acc":{"0":0.3855296075,"1":0.531901598,"2":0.6265637875,"3":0.7072560191,"4":0.8100500703,"5":0.8688490391,"6":0.8951209188,"7":0.9098206758,"8":0.9292118549,"9":0.9371351004,"10":0.9474562407,"11":0.9501668215,"12":0.958507061,"13":0.9614261985,"14":0.9620516896,"15":0.968098402,"16":0.9689324498,"17":0.9718515277,"18":0.9745621085,"19":0.9701834917,"20":0.9748749137,"21":0.9769599438,"22":0.9766471982,"23":0.9745621085,"24":0.9820684195,"25":0.9815471172,"26":0.9798790812,"27":0.9817556143,"28":0.9805045724,"29":0.984049201,"30":0.9846747518,"31":0.9841534495,"32":0.9831109047,"33":0.985717237,"34":0.983840704,"35":0.9855087399,"36":0.9860300422,"37":0.9848832488,"38":0.9898874164,"39":0.9860300422,"40":0.9849874973,"41":0.9871768355,"42":0.9891576171,"43":0.9886363745,"44":0.9876980782,"45":0.9895746708,"46":0.9911384583,"47":0.9885321259,"48":0.9875938296,"49":0.9916597009,"50":0.987072587,"51":0.9914512038,"52":0.9888448715,"53":0.9894703627,"54":0.9884278774,"55":0.9899916649,"56":0.9910342097,"57":0.9928064942,"58":0.991972506,"59":0.9930149913,"60":0.9866555333,"61":0.9939532876,"62":0.9892618656,"63":0.9928064942,"64":0.9927022457,"65":0.990617156,"66":0.9927022457,"67":0.9900959134,"68":0.9929107428,"69":0.993640542,"70":0.9921810031,"71":0.9928064942,"72":0.9912427068,"73":0.9916597009,"74":0.9944745898,"75":0.993432045,"76":0.9912427068,"77":0.9924937487},"val_loss":{"0":1.6467990709,"1":0.9846561897,"2":0.7727992215,"3":0.8687358779,"4":0.5622231654,"5":0.2950939335,"6":0.2460476598,"7":0.3414584304,"8":0.1803994347,"9":0.1490527113,"10":0.2379978454,"11":0.1176711833,"12":0.1193374891,"13":0.1282905787,"14":0.1240736549,"15":0.1229011125,"16":0.2465403099,"17":0.1107866368,"18":0.1283546756,"19":0.2045579556,"20":0.1204816371,"21":0.0997955939,"22":0.1351122518,"23":0.0840189648,"24":0.1228144646,"25":0.1234404265,"26":0.137918904,"27":0.1673372774,"28":0.1153824928,"29":0.1428898158,"30":0.1458152132,"31":0.1794973729,"32":0.1013122882,"33":0.143717531,"34":0.1351478208,"35":0.1608161565,"36":0.111646639,"37":0.1517203464,"38":0.1683021123,"39":0.1365772666,"40":0.1539311606,"41":0.093270902,"42":0.0797926678,"43":0.1093802524,"44":0.1488885011,"45":0.1212468976,"46":0.1616678473,"47":0.1962311011,"48":0.1582582222,"49":0.1172638314,"50":0.1249564534,"51":0.157756405,"52":0.0951522708,"53":0.1414285936,"54":0.1326510862,"55":0.1382524134,"56":0.1016181187,"57":0.0726915642,"58":0.125221239,"59":0.1702532722,"60":0.117764617,"61":0.1442924801,"62":0.0917968642,"63":0.1360086617,"64":0.1274653749,"65":0.137532552,"66":0.1794125428,"67":0.1387728716,"68":0.1390657654,"69":0.1276147686,"70":0.195695178,"71":0.1197272466,"72":0.1193230641,"73":0.1223743777,"74":0.1474394017,"75":0.1165983673,"76":0.1207921685,"77":0.1129749898},"val_acc":{"0":0.404411763,"1":0.5827205777,"2":0.6636029482,"3":0.65625,"4":0.7959558964,"5":0.8915441036,"6":0.9172794223,"7":0.8841911554,"8":0.9613970518,"9":0.9558823705,"10":0.9209558964,"11":0.9724264741,"12":0.9650735259,"13":0.9632353187,"14":0.9595588446,"15":0.9595588446,"16":0.9301470518,"17":0.9650735259,"18":0.9705882072,"19":0.9338235259,"20":0.9613970518,"21":0.9742646813,"22":0.96875,"23":0.9724264741,"24":0.9650735259,"25":0.9705882072,"26":0.96875,"27":0.9650735259,"28":0.9669117928,"29":0.9613970518,"30":0.9613970518,"31":0.9540441036,"32":0.9705882072,"33":0.9724264741,"34":0.9705882072,"35":0.9705882072,"36":0.9705882072,"37":0.9595588446,"38":0.9540441036,"39":0.9650735259,"40":0.9613970518,"41":0.9779411554,"42":0.9742646813,"43":0.96875,"44":0.9742646813,"45":0.9724264741,"46":0.96875,"47":0.9613970518,"48":0.9595588446,"49":0.9742646813,"50":0.9669117928,"51":0.9632353187,"52":0.9742646813,"53":0.9613970518,"54":0.9650735259,"55":0.9724264741,"56":0.9705882072,"57":0.9834558964,"58":0.9742646813,"59":0.9650735259,"60":0.96875,"61":0.9742646813,"62":0.9797794223,"63":0.9650735259,"64":0.9779411554,"65":0.9797794223,"66":0.9724264741,"67":0.96875,"68":0.9705882072,"69":0.9742646813,"70":0.9558823705,"71":0.9705882072,"72":0.9742646813,"73":0.9797794223,"74":0.9779411554,"75":0.9705882072,"76":0.96875,"77":0.9724264741}}