{"loss":{"0":1.4665187908,"1":0.7477728109,"2":0.4610345984,"3":0.3192569291,"4":0.2665577482,"5":0.2059208805,"6":0.1906928188,"7":0.1451441604,"8":0.1372400437,"9":0.1303101544,"10":0.1032779826,"11":0.1047447708,"12":0.1097081049,"13":0.0875257317,"14":0.0783024386,"15":0.0644497209,"16":0.0763290712,"17":0.0720067861,"18":0.069659732,"19":0.0637634145,"20":0.060621685,"21":0.0539783977,"22":0.0446181983,"23":0.0486274158,"24":0.0495244316,"25":0.0594666285,"26":0.0335646622,"27":0.0455678063,"28":0.0406285129,"29":0.0420439298,"30":0.0417122154,"31":0.0321702501,"32":0.035250454},"acc":{"0":0.4564220309,"1":0.7400959134,"2":0.8442451954,"3":0.8967890143,"4":0.9150333405,"5":0.9316096902,"6":0.9394286871,"7":0.9528774023,"8":0.956839025,"9":0.9587156177,"10":0.9657005668,"11":0.9658048153,"12":0.9654920697,"13":0.9714345336,"14":0.9755004048,"15":0.9801918268,"16":0.9748749137,"17":0.9769599438,"18":0.9775854945,"19":0.9805045724,"20":0.9819641113,"21":0.9847790003,"22":0.9863427877,"23":0.984049201,"24":0.9847790003,"25":0.9827981591,"26":0.9903044105,"27":0.9860300422,"28":0.9880108237,"29":0.9878023267,"30":0.9869682789,"31":0.9909299612,"32":0.9897831678},"val_loss":{"0":1.0417030739,"1":0.6197232425,"2":0.3551153285,"3":0.2676848061,"4":0.2569186255,"5":0.3327984622,"6":0.2968382157,"7":0.2524767491,"8":0.211324597,"9":0.249273428,"10":0.1490137686,"11":0.1710017461,"12":0.117524445,"13":0.206595186,"14":0.1370058627,"15":0.2489873422,"16":0.1364038064,"17":0.1661228466,"18":0.399326491,"19":0.2610510814,"20":0.1810624572,"21":0.3202684655,"22":0.1400832822,"23":0.2036276015,"24":0.1591063942,"25":0.1585885093,"26":0.1726534531,"27":0.18980774,"28":0.2401605561,"29":0.20955034,"30":0.2362056347,"31":0.1482299333,"32":0.2077040701},"val_acc":{"0":0.5772058964,"1":0.7794117928,"2":0.8584558964,"3":0.9080882072,"4":0.8988970518,"5":0.8970588446,"6":0.9117646813,"7":0.9375,"8":0.9209558964,"9":0.9246323705,"10":0.9485294223,"11":0.9522058964,"12":0.9650735259,"13":0.9264705777,"14":0.9613970518,"15":0.9227941036,"16":0.9595588446,"17":0.9577205777,"18":0.90625,"19":0.9375,"20":0.9448529482,"21":0.9393382072,"22":0.9577205777,"23":0.9430146813,"24":0.9613970518,"25":0.9577205777,"26":0.9540441036,"27":0.9503676295,"28":0.9393382072,"29":0.9558823705,"30":0.9522058964,"31":0.9558823705,"32":0.9503676295}}