{"loss":{"0":1.6602763576,"1":1.1719489854,"2":0.7542834607,"3":0.5008155734,"4":0.3810608963,"5":0.2925386797,"6":0.2429440946,"7":0.1991373437,"8":0.1866248792,"9":0.1656859989,"10":0.1432459062,"11":0.1341684734,"12":0.1087718658,"13":0.1066815897,"14":0.1006913416,"15":0.0921398035,"16":0.0952773611,"17":0.090700177,"18":0.0779984745,"19":0.0781683763,"20":0.0668521942,"21":0.0639589526,"22":0.0725753685,"23":0.0582702827,"24":0.060476876,"25":0.0530238352,"26":0.0554854191,"27":0.054808596,"28":0.0433087758,"29":0.0577838357,"30":0.0533888704,"31":0.0514470744,"32":0.0483653824,"33":0.0378090181,"34":0.0442483335,"35":0.0497161623,"36":0.0391659618,"37":0.0423885534,"38":0.0471855381,"39":0.0334009788,"40":0.0349762035,"41":0.0460355909,"42":0.0255554311,"43":0.0403056001,"44":0.0411708881,"45":0.0281057726},"acc":{"0":0.3735392392,"1":0.5714733005,"2":0.7458263636,"3":0.8331594467,"4":0.8793823123,"5":0.907658577,"6":0.9240400791,"7":0.9394824505,"8":0.9427170157,"9":0.9515859485,"10":0.9563856721,"11":0.9581594467,"12":0.9696369171,"13":0.9691151977,"14":0.9704716206,"15":0.9729757905,"16":0.9707846642,"17":0.9744365811,"18":0.9785058498,"19":0.9758973122,"20":0.9802796245,"21":0.9823664427,"22":0.9779841304,"23":0.9838272333,"24":0.9826794863,"25":0.9844532609,"26":0.9836185575,"27":0.9848706126,"28":0.9885225296,"29":0.984244585,"30":0.9846619368,"31":0.9856010079,"32":0.986748755,"33":0.9880008101,"34":0.9861227274,"35":0.9860183597,"36":0.9892529249,"37":0.9892529249,"38":0.9884182215,"39":0.9895659685,"40":0.9898789525,"41":0.9871661067,"42":0.9929048419,"43":0.9891485572,"44":0.9884182215,"45":0.9917570949},"val_loss":{"0":1.0535221713,"1":1.179499986,"2":0.4522013121,"3":0.5136071708,"4":0.355375922,"5":0.2468655853,"6":0.2727720276,"7":0.3205474664,"8":0.1971010949,"9":0.1315206593,"10":0.1759409631,"11":0.1816660787,"12":0.2341328399,"13":0.1912610242,"14":0.1479522919,"15":0.2710615246,"16":0.1644665501,"17":0.1989054243,"18":0.1549717276,"19":0.1481770644,"20":0.2342790193,"21":0.4600145167,"22":0.1703461052,"23":0.1280157354,"24":0.1792213384,"25":0.1276238125,"26":0.1416999469,"27":0.1455934075,"28":0.1898187802,"29":0.2039862015,"30":0.2108389584,"31":0.1696805318,"32":0.1453657067,"33":0.1849979004,"34":0.1589236785,"35":0.1869164584,"36":0.1896591398,"37":0.1975015141,"38":0.1482431988,"39":0.1999865347,"40":0.2076916582,"41":0.2388904323,"42":0.1675948964,"43":0.156336228,"44":0.2326445513,"45":0.1465077598},"val_acc":{"0":0.5606617928,"1":0.5845588446,"2":0.8419117928,"3":0.8180146813,"4":0.8860294223,"5":0.9136029482,"6":0.90625,"7":0.9154411554,"8":0.9338235259,"9":0.9577205777,"10":0.9430146813,"11":0.9503676295,"12":0.9375,"13":0.9411764741,"14":0.9577205777,"15":0.9246323705,"16":0.9577205777,"17":0.9650735259,"18":0.9632353187,"19":0.9595588446,"20":0.9393382072,"21":0.8897058964,"22":0.9485294223,"23":0.9595588446,"24":0.9669117928,"25":0.9761029482,"26":0.9632353187,"27":0.96875,"28":0.9650735259,"29":0.9522058964,"30":0.9577205777,"31":0.9761029482,"32":0.9669117928,"33":0.96875,"34":0.9632353187,"35":0.9613970518,"36":0.9540441036,"37":0.9595588446,"38":0.9705882072,"39":0.9577205777,"40":0.9724264741,"41":0.9485294223,"42":0.9632353187,"43":0.9632353187,"44":0.9522058964,"45":0.9650735259}}