{"loss":{"0":1.4865263704,"1":0.8121401837,"2":0.4781745517,"3":0.3360712952,"4":0.2743414846,"5":0.2303647726,"6":0.1936378817,"7":0.1704535647,"8":0.1464749889,"9":0.1357194851,"10":0.1305921379,"11":0.1171415599,"12":0.113523503,"13":0.1028551696,"14":0.086182019,"15":0.0945631365,"16":0.0927253889,"17":0.0867586988,"18":0.0882719851,"19":0.0788617051,"20":0.0764838021,"21":0.0707652595,"22":0.0755949324,"23":0.0683537022,"24":0.0646573496,"25":0.0660551104,"26":0.0642134916,"27":0.0630067225,"28":0.0555547623,"29":0.0545048754,"30":0.0651744945,"31":0.0614651528,"32":0.0473522545,"33":0.0601483575,"34":0.0528950237,"35":0.0554758662,"36":0.0463902368,"37":0.0472429235,"38":0.0416324308,"39":0.045938681,"40":0.0393770751,"41":0.0405068026,"42":0.0412050595,"43":0.047206993,"44":0.0431970489,"45":0.0464791103,"46":0.0359864679,"47":0.0398920561,"48":0.0363309968,"49":0.0313096595,"50":0.048616849,"51":0.0387744149,"52":0.0350174864,"53":0.038115568,"54":0.0372115099,"55":0.0365918203,"56":0.0414271209,"57":0.0302000798,"58":0.0414379542,"59":0.0266357896},"acc":{"0":0.4486644268,"1":0.7075333595,"2":0.83900249,"3":0.8833472729,"4":0.9085976481,"5":0.9256051779,"6":0.9382303953,"7":0.9451168776,"8":0.9513772726,"9":0.956594348,"10":0.958889842,"11":0.9633764625,"12":0.965045929,"13":0.9672370553,"14":0.9726627469,"15":0.9702629447,"16":0.97099334,"17":0.9732888341,"18":0.9723497629,"19":0.9742279053,"20":0.9768363833,"21":0.9774624109,"22":0.9758973122,"23":0.9800709486,"24":0.9790275693,"25":0.9781928062,"26":0.979444921,"27":0.9788188934,"28":0.9835141897,"29":0.9828881621,"30":0.9793405533,"31":0.9823664427,"32":0.9858096838,"33":0.9823664427,"34":0.9840359092,"35":0.9813230634,"36":0.9868530631,"37":0.9847663045,"38":0.9882095456,"39":0.9862270355,"40":0.9882095456,"41":0.9877921343,"42":0.987896502,"43":0.9849749804,"44":0.9864357114,"45":0.9863314033,"46":0.9881051779,"47":0.9869574308,"48":0.9886268973,"49":0.9898789525,"50":0.9843488932,"51":0.9891485572,"52":0.9885225296,"53":0.9894616008,"54":0.9887312055,"55":0.9892529249,"56":0.9868530631,"57":0.9912353754,"58":0.9876878262,"59":0.9918614626},"val_loss":{"0":0.930102322,"1":0.6844904475,"2":0.4285096242,"3":0.3733293614,"4":0.2255714959,"5":0.2030236696,"6":0.3038932921,"7":0.2863964458,"8":0.2882939177,"9":0.1805072896,"10":0.18590099,"11":0.1959650704,"12":0.2538162807,"13":0.184601769,"14":0.2144344517,"15":0.1863766197,"16":0.2446641335,"17":0.2860664472,"18":0.1442739385,"19":0.1994141808,"20":0.1763086452,"21":0.1820030457,"22":0.2005013266,"23":0.2581830335,"24":0.2255891989,"25":0.1467933694,"26":0.1936405933,"27":0.1740154024,"28":0.1335595705,"29":0.4388459151,"30":0.1533448968,"31":0.2184243374,"32":0.1999902335,"33":0.2610072183,"34":0.2963381979,"35":0.1819804273,"36":0.1609773929,"37":0.268664867,"38":0.1618581242,"39":0.1232572039,"40":0.1813672976,"41":0.1748344683,"42":0.1340506033,"43":0.1852550656,"44":0.1671713697,"45":0.1573011392,"46":0.2071903842,"47":0.1611834975,"48":0.2219935112,"49":0.2016521353,"50":0.1512706774,"51":0.1565147575,"52":0.2977339778,"53":0.1495794737,"54":0.1487476376,"55":0.1682553402,"56":0.2332431641,"57":0.1623970025,"58":0.1373215205,"59":0.1920795855},"val_acc":{"0":0.6286764741,"1":0.7371323705,"2":0.8511029482,"3":0.8602941036,"4":0.9338235259,"5":0.9283088446,"6":0.9227941036,"7":0.9393382072,"8":0.9375,"9":0.9595588446,"10":0.9632353187,"11":0.9669117928,"12":0.9430146813,"13":0.9669117928,"14":0.9558823705,"15":0.9613970518,"16":0.9503676295,"17":0.9595588446,"18":0.96875,"19":0.9632353187,"20":0.9650735259,"21":0.9650735259,"22":0.9669117928,"23":0.9558823705,"24":0.96875,"25":0.96875,"26":0.9613970518,"27":0.9632353187,"28":0.9705882072,"29":0.9227941036,"30":0.96875,"31":0.96875,"32":0.9650735259,"33":0.9540441036,"34":0.9466911554,"35":0.9650735259,"36":0.96875,"37":0.9632353187,"38":0.9705882072,"39":0.9742646813,"40":0.9632353187,"41":0.9705882072,"42":0.9724264741,"43":0.9632353187,"44":0.9669117928,"45":0.9613970518,"46":0.96875,"47":0.96875,"48":0.9632353187,"49":0.9650735259,"50":0.96875,"51":0.9797794223,"52":0.9613970518,"53":0.9650735259,"54":0.9742646813,"55":0.9761029482,"56":0.9650735259,"57":0.9742646813,"58":0.9724264741,"59":0.9669117928}}