{"loss":{"0":1.683554148,"1":1.1718537003,"2":0.743762685,"3":0.4970864645,"4":0.3826287167,"5":0.2920749576,"6":0.2400263607,"7":0.2131988982,"8":0.1854733667,"9":0.1530564305,"10":0.1604940995,"11":0.1208279616,"12":0.1182250074,"13":0.1127861896,"14":0.1020738043,"15":0.0994529809,"16":0.0857864692,"17":0.0810198225,"18":0.0774753145,"19":0.0790622868,"20":0.0735395427,"21":0.0648089891,"22":0.0678881034,"23":0.0653559172,"24":0.0520958833,"25":0.0614042822,"26":0.0582124077,"27":0.0515532009,"28":0.0510431135,"29":0.0489668329,"30":0.0570183673,"31":0.044430633,"32":0.0447063152,"33":0.044587669,"34":0.0428671202,"35":0.0478790979,"36":0.0346348288,"37":0.0508705769,"38":0.043588023,"39":0.0354948255,"40":0.0404587216,"41":0.0395575485,"42":0.0366851884},"acc":{"0":0.3699916601,"1":0.569803834,"2":0.7461394072,"3":0.8399415612,"4":0.8780258894,"5":0.907658577,"6":0.9265442491,"7":0.9347871542,"8":0.9436560869,"9":0.953255415,"10":0.9506469369,"11":0.9633764625,"12":0.9660893083,"13":0.9691151977,"14":0.9688021541,"15":0.9729757905,"16":0.9740191698,"17":0.9760016799,"18":0.9767320752,"19":0.9766277075,"20":0.9781928062,"21":0.9817404151,"22":0.9799666405,"23":0.9818447232,"24":0.984244585,"25":0.9827837944,"26":0.9826794863,"27":0.9847663045,"28":0.9856010079,"29":0.9858096838,"30":0.9844532609,"31":0.9864357114,"32":0.987896502,"33":0.9869574308,"34":0.9882095456,"35":0.9856010079,"36":0.9896702766,"37":0.9865400791,"38":0.987896502,"39":0.989357233,"40":0.9884182215,"41":0.9885225296,"42":0.9902963042},"val_loss":{"0":1.2654345198,"1":0.8605824889,"2":0.5336791935,"3":0.2794164823,"4":0.2287188618,"5":0.226063846,"6":0.2029928584,"7":0.1880756293,"8":0.3309781169,"9":0.2303297863,"10":0.1948506409,"11":0.1963476793,"12":0.1398935581,"13":0.1632283553,"14":0.1501650788,"15":0.1361822334,"16":0.1024622375,"17":0.1569939344,"18":0.1707531137,"19":0.1721062946,"20":0.0937161738,"21":0.1420472438,"22":0.090115206,"23":0.1068078816,"24":0.1278328379,"25":0.1468053416,"26":0.1770095743,"27":0.1348237248,"28":0.1837702763,"29":0.1242402537,"30":0.150176375,"31":0.1257248145,"32":0.1172138792,"33":0.1503147034,"34":0.1200091399,"35":0.1353573731,"36":0.1391199119,"37":0.1239846273,"38":0.1251780445,"39":0.1372538907,"40":0.1543794846,"41":0.1393462999,"42":0.1185062922},"val_acc":{"0":0.4908088148,"1":0.65625,"2":0.8125,"3":0.9044117928,"4":0.9117646813,"5":0.9283088446,"6":0.9430146813,"7":0.9430146813,"8":0.9099264741,"9":0.9356617928,"10":0.9430146813,"11":0.9301470518,"12":0.9650735259,"13":0.9540441036,"14":0.9595588446,"15":0.9632353187,"16":0.9705882072,"17":0.9613970518,"18":0.9522058964,"19":0.9540441036,"20":0.9705882072,"21":0.9705882072,"22":0.9779411554,"23":0.9595588446,"24":0.9613970518,"25":0.9632353187,"26":0.9577205777,"27":0.9577205777,"28":0.9558823705,"29":0.9669117928,"30":0.9595588446,"31":0.9705882072,"32":0.9779411554,"33":0.9650735259,"34":0.9724264741,"35":0.9761029482,"36":0.9632353187,"37":0.9558823705,"38":0.9705882072,"39":0.9669117928,"40":0.9742646813,"41":0.9613970518,"42":0.9797794223}}