{"loss":{"0":1.6777272029,"1":1.140731615,"2":0.7116901669,"3":0.5064479638,"4":0.3663698846,"5":0.2888037688,"6":0.2526094143,"7":0.2204930099,"8":0.169231085,"9":0.160107373,"10":0.1398910107,"11":0.1284019563,"12":0.1210204274,"13":0.1124006602,"14":0.1092319817,"15":0.0832392576,"16":0.0969539093,"17":0.1008603751,"18":0.0789738675,"19":0.0764009202,"20":0.0708750965,"21":0.0631468263,"22":0.0703968278,"23":0.0594373823,"24":0.0612368374,"25":0.0557320981,"26":0.0617164059,"27":0.0571929823,"28":0.0507155437,"29":0.0577949797,"30":0.044789189,"31":0.0526512684,"32":0.044319641,"33":0.0594321952,"34":0.0470380663,"35":0.0476979048,"36":0.0332718949,"37":0.0529389922,"38":0.0418260799},"acc":{"0":0.3696786165,"1":0.5734557509,"2":0.7551127076,"3":0.8349332213,"4":0.8825125098,"5":0.9077629447,"6":0.922057569,"7":0.9310308695,"8":0.9473080039,"9":0.9542988539,"10":0.9582637548,"11":0.9599332213,"12":0.9643155336,"13":0.9664023519,"14":0.9685934782,"15":0.9739148617,"16":0.9712020159,"17":0.9703672528,"18":0.9777754545,"19":0.9775667787,"20":0.9795492291,"21":0.9823664427,"22":0.9793405533,"23":0.9835141897,"24":0.9826794863,"25":0.9827837944,"26":0.983409822,"27":0.9833055139,"28":0.9853923321,"29":0.9853923321,"30":0.986748755,"31":0.9843488932,"32":0.9881051779,"33":0.9837228656,"34":0.9865400791,"35":0.9859140515,"36":0.9907137156,"37":0.9860183597,"38":0.9881051779},"val_loss":{"0":1.1615579786,"1":0.7294151152,"2":0.4532161602,"3":0.36529213,"4":0.2123139978,"5":0.2943914485,"6":0.2226645503,"7":0.3287258635,"8":0.2705030407,"9":0.2097080258,"10":0.2973346649,"11":0.1780712756,"12":0.1991466718,"13":0.2095476268,"14":0.2060433812,"15":0.2957040012,"16":0.1744981036,"17":0.1552311859,"18":0.124177623,"19":0.1590275183,"20":0.151991699,"21":0.2461084126,"22":0.1567858731,"23":0.1917054321,"24":0.1426741059,"25":0.1617114074,"26":0.1436917608,"27":0.2479146967,"28":0.1976195527,"29":0.1818775371,"30":0.1631347516,"31":0.1960074025,"32":0.2071033098,"33":0.1308917244,"34":0.2004421339,"35":0.1611761705,"36":0.1351717312,"37":0.2623128588,"38":0.1666283216},"val_acc":{"0":0.6139705777,"1":0.7040441036,"2":0.8474264741,"3":0.8566176295,"4":0.9319853187,"5":0.9099264741,"6":0.9448529482,"7":0.9007353187,"8":0.9338235259,"9":0.9540441036,"10":0.9375,"11":0.9632353187,"12":0.9375,"13":0.9558823705,"14":0.9375,"15":0.9209558964,"16":0.9595588446,"17":0.9540441036,"18":0.9705882072,"19":0.9632353187,"20":0.9669117928,"21":0.9540441036,"22":0.9724264741,"23":0.9540441036,"24":0.9724264741,"25":0.96875,"26":0.9724264741,"27":0.9466911554,"28":0.9522058964,"29":0.9669117928,"30":0.96875,"31":0.9632353187,"32":0.9577205777,"33":0.96875,"34":0.9577205777,"35":0.9724264741,"36":0.9724264741,"37":0.9430146813,"38":0.96875}}