{"loss":{"0":1.3691720234,"1":0.6912120353,"2":0.4708606504,"3":0.3369942103,"4":0.2702055047,"5":0.223749122,"6":0.1811689843,"7":0.1643359926,"8":0.1426888414,"9":0.1405231422,"10":0.1065015121,"11":0.1015197606,"12":0.0986463375,"13":0.0856602572,"14":0.0901887204,"15":0.0814068271,"16":0.0822637936,"17":0.0570943964,"18":0.0730010216,"19":0.0590576489,"20":0.0620069254,"21":0.0548268867,"22":0.0544193824,"23":0.0566520126,"24":0.0489490948,"25":0.0410115344,"26":0.0449760156,"27":0.047417674,"28":0.0533490386,"29":0.0374311183,"30":0.0477123884,"31":0.0405016298,"32":0.0364008917,"33":0.0454067836,"34":0.0343468805,"35":0.0314325208,"36":0.0384494141,"37":0.0346253048,"38":0.0304918227,"39":0.0363993765,"40":0.0288159609,"41":0.0310935777,"42":0.0295316794,"43":0.0267702668,"44":0.0282667198,"45":0.0309788071,"46":0.0263804406,"47":0.0312582856,"48":0.0325222657,"49":0.0275018121,"50":0.0228281529,"51":0.0280151889,"52":0.0295308042,"53":0.026543331,"54":0.0246266213,"55":0.0226847606,"56":0.0311331823,"57":0.0209100751,"58":0.0276822247,"59":0.0238360308,"60":0.0229056119,"61":0.0185328868,"62":0.0239563684,"63":0.0254731703,"64":0.01943565,"65":0.0231408803,"66":0.0203852451,"67":0.0258438003},"acc":{"0":0.4887312055,"1":0.7586602569,"2":0.8399415612,"3":0.8891903162,"4":0.9093280435,"5":0.9285266995,"6":0.9396911263,"7":0.9454298615,"8":0.9538814425,"9":0.9548205137,"10":0.96650666,"11":0.9672370553,"12":0.969845593,"13":0.9725584388,"14":0.971306324,"15":0.9752712846,"16":0.9739148617,"17":0.9835141897,"18":0.9788188934,"19":0.981949091,"20":0.9815317392,"21":0.9832011461,"22":0.9823664427,"23":0.9828881621,"24":0.9847663045,"25":0.9858096838,"26":0.9846619368,"27":0.9851836562,"28":0.984557569,"29":0.9892529249,"30":0.9854966402,"31":0.9874791503,"32":0.9882095456,"33":0.9875834584,"34":0.9888355732,"35":0.9905049801,"36":0.987896502,"37":0.9890442491,"38":0.9909223914,"39":0.9887312055,"40":0.9906093478,"41":0.9919657707,"42":0.9920701385,"43":0.9912353754,"44":0.990400672,"45":0.9896702766,"46":0.9907137156,"47":0.9909223914,"48":0.9906093478,"49":0.9920701385,"50":0.9924874902,"51":0.9922788143,"52":0.9913397431,"53":0.9923831224,"54":0.992696166,"55":0.9935308695,"56":0.9912353754,"57":0.9931135178,"58":0.9914440513,"59":0.9928004742,"60":0.9925917983,"61":0.9947829843,"62":0.992696166,"63":0.991548419,"64":0.9935308695,"65":0.9923831224,"66":0.9937395453,"67":0.9921744466},"val_loss":{"0":1.0866897457,"1":0.5530584533,"2":0.3585898713,"3":0.2616981998,"4":0.3015068984,"5":0.3086721393,"6":0.2071364155,"7":0.2270744611,"8":0.2323198229,"9":0.1934151393,"10":0.2378866173,"11":0.2105919038,"12":0.217720767,"13":0.1838323761,"14":0.1938109064,"15":0.2073162126,"16":0.2439726769,"17":0.2150727809,"18":0.2166663777,"19":0.2412217272,"20":0.2270513382,"21":0.2461320597,"22":0.2872194499,"23":0.2014309007,"24":0.2506842168,"25":0.203301564,"26":0.237195362,"27":0.2013385453,"28":0.1669155558,"29":0.4171815621,"30":0.2106778745,"31":0.2264881208,"32":0.1725797164,"33":0.1667946875,"34":0.2132688274,"35":0.1970439202,"36":0.2313322858,"37":0.2188441738,"38":0.2147628952,"39":0.188042066,"40":0.1660595369,"41":0.2887624733,"42":0.5122342482,"43":0.1909912772,"44":0.2688043769,"45":0.2280138682,"46":0.2572772996,"47":0.1545782791,"48":0.1847933499,"49":0.2153942795,"50":0.2147616292,"51":0.1999479246,"52":0.2108350152,"53":0.17004671,"54":0.3196508094,"55":0.2743573458,"56":0.2382425812,"57":0.3504576814,"58":0.1720297144,"59":0.253451018,"60":0.202981789,"61":0.2346962136,"62":0.2292311353,"63":0.2466058083,"64":0.3173632366,"65":0.2105176296,"66":0.2298301897,"67":0.1931036276},"val_acc":{"0":0.6029411554,"1":0.7996323705,"2":0.8658088446,"3":0.9117646813,"4":0.8988970518,"5":0.8970588446,"6":0.9283088446,"7":0.9301470518,"8":0.9209558964,"9":0.9411764741,"10":0.9393382072,"11":0.9485294223,"12":0.9301470518,"13":0.9466911554,"14":0.9503676295,"15":0.9558823705,"16":0.9485294223,"17":0.9485294223,"18":0.9448529482,"19":0.9411764741,"20":0.9466911554,"21":0.9466911554,"22":0.9393382072,"23":0.9503676295,"24":0.9503676295,"25":0.9522058964,"26":0.9393382072,"27":0.9466911554,"28":0.9522058964,"29":0.8970588446,"30":0.9522058964,"31":0.9522058964,"32":0.9595588446,"33":0.9577205777,"34":0.9411764741,"35":0.9595588446,"36":0.9503676295,"37":0.9393382072,"38":0.9540441036,"39":0.9522058964,"40":0.9613970518,"41":0.9356617928,"42":0.8970588446,"43":0.9558823705,"44":0.9375,"45":0.9448529482,"46":0.9503676295,"47":0.9540441036,"48":0.9558823705,"49":0.9540441036,"50":0.9466911554,"51":0.9577205777,"52":0.9595588446,"53":0.9577205777,"54":0.9411764741,"55":0.9522058964,"56":0.9430146813,"57":0.9338235259,"58":0.9613970518,"59":0.9558823705,"60":0.9577205777,"61":0.9577205777,"62":0.9595588446,"63":0.9540441036,"64":0.9411764741,"65":0.9595588446,"66":0.9503676295,"67":0.9650735259}}