{"loss":{"0":1.6817572758,"1":1.149040477,"2":0.7459333837,"3":0.5253131739,"4":0.4045458617,"5":0.3134864132,"6":0.258753086,"7":0.2143291384,"8":0.1770957896,"9":0.1649683816,"10":0.1463654495,"11":0.1300358664,"12":0.1234875811,"13":0.1145403545,"14":0.1116260971,"15":0.1047959345,"16":0.0868045132,"17":0.0901897248,"18":0.0853050242,"19":0.0770253112,"20":0.0682427199,"21":0.0708218717,"22":0.0653522653,"23":0.0770353228,"24":0.051289344,"25":0.0649166885,"26":0.0484830151,"27":0.0637871727,"28":0.0508129316,"29":0.0535867537,"30":0.0483999916,"31":0.0564559044,"32":0.0456271159,"33":0.0539778732,"34":0.0452285957,"35":0.0413276491,"36":0.039281273,"37":0.0432145366,"38":0.043906696,"39":0.0444021184,"40":0.0432397396,"41":0.039231807,"42":0.0427810753,"43":0.0384794823,"44":0.0320586422,"45":0.0425376382,"46":0.0381823743,"47":0.0353049713,"48":0.0348569617,"49":0.0270291898,"50":0.0319707691,"51":0.0333988957,"52":0.0360668814,"53":0.0331952897,"54":0.0295574772,"55":0.0329164499,"56":0.0246643306,"57":0.0358001616,"58":0.0309151298,"59":0.0323678394},"acc":{"0":0.3677022457,"1":0.58632195,"2":0.7443702817,"3":0.8281901479,"4":0.8673895001,"5":0.9018974304,"6":0.9203503132,"7":0.9318181872,"8":0.945579648,"9":0.9520433545,"10":0.9560049772,"11":0.9603836536,"12":0.9638240337,"13":0.966221869,"14":0.9689324498,"15":0.9677856565,"16":0.9745621085,"17":0.9723728299,"18":0.9751876593,"19":0.9762302041,"20":0.9810258746,"21":0.9786280394,"22":0.9820684195,"23":0.9801918268,"24":0.9847790003,"25":0.9820684195,"26":0.9869682789,"27":0.9805045724,"28":0.9847790003,"29":0.9855087399,"30":0.9843619466,"31":0.9831109047,"32":0.9861342907,"33":0.9849874973,"34":0.9874895811,"35":0.988740623,"36":0.9896789193,"37":0.9874895811,"38":0.9890533686,"39":0.9881150723,"40":0.9890533686,"41":0.9891576171,"42":0.9885321259,"43":0.9892618656,"44":0.9908257127,"45":0.9876980782,"46":0.990617156,"47":0.9908257127,"48":0.9891576171,"49":0.9916597009,"50":0.9902001619,"51":0.9898874164,"52":0.9898874164,"53":0.9907214642,"54":0.9915554523,"55":0.9920767546,"56":0.9920767546,"57":0.9902001619,"58":0.9909299612,"59":0.9918681979},"val_loss":{"0":1.3610693348,"1":0.7091576089,"2":0.503670972,"3":0.3628935301,"4":0.3052058549,"5":0.190089366,"6":0.1925378644,"7":0.2114573186,"8":0.2090816406,"9":0.1935585909,"10":0.2105217986,"11":0.1469292084,"12":0.1404487855,"13":0.0966926818,"14":0.1653969331,"15":0.1955076265,"16":0.1482737755,"17":0.0951797125,"18":0.1172269466,"19":0.1242277298,"20":0.1202732851,"21":0.1407159166,"22":0.0960912331,"23":0.1564093208,"24":0.1326950867,"25":0.0727892933,"26":0.176983079,"27":0.1314080349,"28":0.1835015912,"29":0.1026340238,"30":0.1620631391,"31":0.1579369604,"32":0.0905931702,"33":0.1271421212,"34":0.0914195492,"35":0.0959991599,"36":0.1304898118,"37":0.1151737826,"38":0.0995421297,"39":0.0665558613,"40":0.06687716,"41":0.0996995697,"42":0.1180640042,"43":0.1075678564,"44":0.1632629583,"45":0.1366428088,"46":0.1622534172,"47":0.1244910336,"48":0.1234177225,"49":0.1531301647,"50":0.1501233755,"51":0.1611903449,"52":0.0800735902,"53":0.0994647049,"54":0.1101792511,"55":0.0950423098,"56":0.1306369165,"57":0.2165560773,"58":0.0924902079,"59":0.1162520377},"val_acc":{"0":0.5220588446,"1":0.7352941036,"2":0.8363970518,"3":0.875,"4":0.9044117928,"5":0.9283088446,"6":0.9430146813,"7":0.9393382072,"8":0.9411764741,"9":0.9466911554,"10":0.9356617928,"11":0.9558823705,"12":0.9558823705,"13":0.96875,"14":0.9650735259,"15":0.9319853187,"16":0.9485294223,"17":0.96875,"18":0.9632353187,"19":0.9595588446,"20":0.9742646813,"21":0.9632353187,"22":0.9779411554,"23":0.9650735259,"24":0.9669117928,"25":0.9779411554,"26":0.9540441036,"27":0.9669117928,"28":0.9503676295,"29":0.9705882072,"30":0.9595588446,"31":0.9632353187,"32":0.9779411554,"33":0.9724264741,"34":0.9761029482,"35":0.9761029482,"36":0.9669117928,"37":0.9779411554,"38":0.9779411554,"39":0.9761029482,"40":0.9816176295,"41":0.9742646813,"42":0.9742646813,"43":0.9724264741,"44":0.9650735259,"45":0.9669117928,"46":0.9632353187,"47":0.9705882072,"48":0.9724264741,"49":0.9705882072,"50":0.9742646813,"51":0.9669117928,"52":0.9742646813,"53":0.9761029482,"54":0.9705882072,"55":0.9742646813,"56":0.9650735259,"57":0.9558823705,"58":0.9816176295,"59":0.9779411554}}