{"loss":{"0":1.5235345824,"1":0.8612743247,"2":0.4958523554,"3":0.3462059452,"4":0.2798786334,"5":0.2366283119,"6":0.2057938079,"7":0.1841783718,"8":0.1693436506,"9":0.1404856296,"10":0.127220269,"11":0.1314190773,"12":0.1125719147,"13":0.1104096518,"14":0.1016152366,"15":0.1006063484,"16":0.089672568,"17":0.0952033045,"18":0.0833016013,"19":0.0825735702,"20":0.0781807263,"21":0.0791769153,"22":0.079258163,"23":0.0671879855,"24":0.0756648213,"25":0.0727699272,"26":0.0622880762,"27":0.0628531503,"28":0.0608204495,"29":0.0606664295,"30":0.0593949783,"31":0.0573245065,"32":0.049348001,"33":0.0572859398,"34":0.0450504595,"35":0.0679673149,"36":0.0519653729,"37":0.0435492366,"38":0.0554520473,"39":0.0490129496,"40":0.0436104064,"41":0.051664068,"42":0.0507628656,"43":0.0384596486,"44":0.043537008,"45":0.0552859794,"46":0.0385358356,"47":0.0378601973,"48":0.0437784639,"49":0.0403889961,"50":0.0432223965,"51":0.0299975583,"52":0.0424464531,"53":0.0410789164,"54":0.0327963911,"55":0.0415257346},"acc":{"0":0.4249374568,"1":0.6853628159,"2":0.831630528,"3":0.8865721226,"4":0.9089866281,"5":0.9193077683,"6":0.9325479269,"7":0.9399499297,"8":0.9438073635,"9":0.9528774023,"10":0.9612177014,"11":0.9602794051,"12":0.9638240337,"13":0.9638240337,"14":0.9675771594,"15":0.9661176205,"16":0.9720600247,"17":0.9718515277,"18":0.9738323689,"19":0.9741451144,"20":0.97445786,"21":0.9759174585,"22":0.9757089019,"23":0.9809216261,"24":0.977481246,"25":0.9785237908,"26":0.9796705842,"27":0.9797748327,"28":0.9820684195,"29":0.9819641113,"30":0.9802960753,"31":0.9810258746,"32":0.983840704,"33":0.982381165,"34":0.9858215451,"35":0.979149282,"36":0.9844661951,"37":0.9853002429,"38":0.9853002429,"39":0.9858215451,"40":0.9864470363,"41":0.9847790003,"42":0.985717237,"43":0.9878023267,"44":0.9862385392,"45":0.9834237099,"46":0.9884278774,"47":0.9885321259,"48":0.9873853326,"49":0.9883236289,"50":0.9871768355,"51":0.9905129075,"52":0.9866555333,"53":0.9862385392,"54":0.9899916649,"55":0.988740623},"val_loss":{"0":0.8161644261,"1":0.5511091131,"2":0.3701534369,"3":0.3085369755,"4":0.188736735,"5":0.3151719142,"6":0.1950728411,"7":0.1976027039,"8":0.1585144954,"9":0.1725122859,"10":0.1752167369,"11":0.1501227189,"12":0.163748872,"13":0.2715199465,"14":0.151297186,"15":0.1525783322,"16":0.1407281438,"17":0.1639749919,"18":0.1698766422,"19":0.1353027367,"20":0.1213719628,"21":0.1305236336,"22":0.1366750075,"23":0.1311615067,"24":0.1209785879,"25":0.1146517604,"26":0.1429643972,"27":0.1175554526,"28":0.1348334115,"29":0.1110714133,"30":0.1063174128,"31":0.1758329346,"32":0.1310690873,"33":0.1303195303,"34":0.1129170167,"35":0.0824721301,"36":0.1761278757,"37":0.1136250221,"38":0.1270381337,"39":0.1282614826,"40":0.151044075,"41":0.092372162,"42":0.1234024528,"43":0.1085895428,"44":0.1151716583,"45":0.1035367321,"46":0.1274863039,"47":0.1628100266,"48":0.1017448217,"49":0.0912395033,"50":0.0842506642,"51":0.1451618214,"52":0.1305936376,"53":0.0928649977,"54":0.1444104867,"55":0.1267460385},"val_acc":{"0":0.6875,"1":0.7941176295,"2":0.8823529482,"3":0.9099264741,"4":0.9375,"5":0.8970588446,"6":0.9338235259,"7":0.9246323705,"8":0.9577205777,"9":0.9613970518,"10":0.9503676295,"11":0.9595588446,"12":0.9595588446,"13":0.9338235259,"14":0.9650735259,"15":0.9650735259,"16":0.9632353187,"17":0.9595588446,"18":0.9540441036,"19":0.9632353187,"20":0.9705882072,"21":0.9779411554,"22":0.96875,"23":0.9724264741,"24":0.96875,"25":0.9724264741,"26":0.9705882072,"27":0.9742646813,"28":0.9779411554,"29":0.9742646813,"30":0.9779411554,"31":0.9632353187,"32":0.9761029482,"33":0.9650735259,"34":0.9724264741,"35":0.9742646813,"36":0.9650735259,"37":0.9705882072,"38":0.96875,"39":0.9705882072,"40":0.9724264741,"41":0.9797794223,"42":0.9742646813,"43":0.9761029482,"44":0.9705882072,"45":0.9742646813,"46":0.9724264741,"47":0.9669117928,"48":0.9761029482,"49":0.9797794223,"50":0.9816176295,"51":0.9705882072,"52":0.9724264741,"53":0.9761029482,"54":0.9724264741,"55":0.9761029482}}