{"loss":{"0":1.6382181955,"1":1.2246306577,"2":0.9433238163,"3":0.6839994774,"4":0.5118683913,"5":0.3840453077,"6":0.3286859034,"7":0.2610865645,"8":0.2253751024,"9":0.1928638674,"10":0.1702401207,"11":0.1627786781,"12":0.1417418292,"13":0.1293729075,"14":0.1173085301,"15":0.1080802885,"16":0.1012634908,"17":0.1089153499,"18":0.0840145617,"19":0.0860622961,"20":0.087363575,"21":0.0782225464,"22":0.0800741289,"23":0.0727343361,"24":0.0720031629,"25":0.069001298,"26":0.0731640804,"27":0.0487207767,"28":0.0564438777,"29":0.0668120081,"30":0.0479934478,"31":0.0590581005,"32":0.0516940486,"33":0.0522012381,"34":0.0633198981,"35":0.0475836918,"36":0.053805287,"37":0.03529441,"38":0.0458165726,"39":0.0509482576,"40":0.0374364946,"41":0.046962286,"42":0.039616009,"43":0.0430454659,"44":0.042611817,"45":0.0460932994,"46":0.031934093,"47":0.0393640483,"48":0.0403121741,"49":0.0383377385,"50":0.0438514835},"acc":{"0":0.3876252174,"1":0.5344324112,"2":0.6502504349,"3":0.7629382014,"4":0.8288814425,"5":0.8730175495,"6":0.8962854743,"7":0.9131886363,"8":0.9323872924,"9":0.9406301975,"10":0.9482470751,"11":0.9514816403,"12":0.9583681226,"13":0.9618113637,"14":0.9635851383,"15":0.9684891701,"16":0.9693238735,"17":0.9681761265,"18":0.9750626087,"19":0.9730801582,"20":0.974645257,"21":0.9766277075,"22":0.9778798223,"23":0.9780884981,"24":0.9793405533,"25":0.9802796245,"26":0.9787145257,"27":0.9853923321,"28":0.9843488932,"29":0.9800709486,"30":0.9850792885,"31":0.9826794863,"32":0.984557569,"33":0.9852879643,"34":0.9826794863,"35":0.9874791503,"36":0.983409822,"37":0.9887312055,"38":0.9866443872,"39":0.9861227274,"40":0.9886268973,"41":0.9864357114,"42":0.9881051779,"43":0.9883138537,"44":0.987896502,"45":0.9870617986,"46":0.9905049801,"47":0.9886268973,"48":0.9881051779,"49":0.9890442491,"50":0.9889398813},"val_loss":{"0":1.4769413629,"1":0.7874703815,"2":0.8293052488,"3":0.5979640495,"4":0.3884487456,"5":0.4159210086,"6":0.7621517823,"7":0.1736528171,"8":0.7933938116,"9":0.2790828447,"10":0.131745882,"11":0.1258617895,"12":0.1117155678,"13":0.2056371494,"14":0.1621848311,"15":0.1425948819,"16":0.1882047108,"17":0.1244403053,"18":0.1741777942,"19":0.1505720086,"20":0.1107963977,"21":0.2130531122,"22":0.1300891863,"23":0.1679110828,"24":0.1185158353,"25":0.1161265467,"26":0.1206923286,"27":0.1345176172,"28":0.1389648995,"29":0.0983143907,"30":0.0755083859,"31":0.1307355851,"32":0.1223960807,"33":0.1300271135,"34":0.1346624583,"35":0.134093956,"36":0.1065201079,"37":0.1173887483,"38":0.0983484411,"39":0.1049669858,"40":0.1367019205,"41":0.0770892111,"42":0.0980630343,"43":0.1109933146,"44":0.0894812879,"45":0.1192846352,"46":0.128650592,"47":0.1640276061,"48":0.1178879352,"49":0.1091738139,"50":0.1256873083},"val_acc":{"0":0.4154411852,"1":0.6966911554,"2":0.6856617928,"3":0.8069853187,"4":0.8419117928,"5":0.84375,"6":0.8033088446,"7":0.9485294223,"8":0.7904411554,"9":0.9227941036,"10":0.9577205777,"11":0.9558823705,"12":0.9650735259,"13":0.9466911554,"14":0.9485294223,"15":0.9522058964,"16":0.9540441036,"17":0.9669117928,"18":0.9540441036,"19":0.9540441036,"20":0.9724264741,"21":0.9522058964,"22":0.9577205777,"23":0.9613970518,"24":0.96875,"25":0.9761029482,"26":0.96875,"27":0.9705882072,"28":0.96875,"29":0.9797794223,"30":0.9779411554,"31":0.9724264741,"32":0.9577205777,"33":0.9724264741,"34":0.9613970518,"35":0.9650735259,"36":0.9742646813,"37":0.9816176295,"38":0.9779411554,"39":0.9779411554,"40":0.9761029482,"41":0.9816176295,"42":0.9779411554,"43":0.9797794223,"44":0.9761029482,"45":0.9742646813,"46":0.9724264741,"47":0.9705882072,"48":0.9761029482,"49":0.9761029482,"50":0.9705882072}}