{"loss":{"0":1.6137810396,"1":1.1638331292,"2":0.819344717,"3":0.5391731033,"4":0.4137555075,"5":0.3230947167,"6":0.2704440749,"7":0.2298947331,"8":0.195793247,"9":0.1837321126,"10":0.1540575071,"11":0.1213645758,"12":0.1395758608,"13":0.1077874169,"14":0.120989104,"15":0.1080001414,"16":0.1101158231,"17":0.0894310836,"18":0.0817017225,"19":0.079611307,"20":0.0683450459,"21":0.0665756503,"22":0.0747833683,"23":0.0666537388,"24":0.0581855672,"25":0.0658324241,"26":0.0499841477,"27":0.0574077014,"28":0.0610335661,"29":0.0525924719},"acc":{"0":0.3954507411,"1":0.5703255534,"2":0.704090178,"3":0.8203255534,"4":0.8664440513,"5":0.8973288536,"6":0.9130843282,"7":0.9303004742,"8":0.9415692687,"9":0.9426127076,"10":0.9536727667,"11":0.9647328854,"12":0.9596201777,"13":0.9674457312,"14":0.9657762647,"15":0.967341423,"16":0.9664023519,"17":0.9736018181,"18":0.974645257,"19":0.9741235375,"20":0.979444921,"21":0.9789232016,"22":0.9795492291,"23":0.9812186956,"24":0.9825751185,"25":0.9812186956,"26":0.9857053161,"27":0.9835141897,"28":0.9836185575,"29":0.9849749804},"val_loss":{"0":1.6436093564,"1":0.7979882381,"2":0.8902834544,"3":0.527242409,"4":0.465531081,"5":0.1606750397,"6":0.3788327115,"7":0.2620314484,"8":0.1621299812,"9":0.1026698488,"10":0.1765601433,"11":0.1457768286,"12":0.1942703284,"13":0.1405666119,"14":0.1173163398,"15":0.1931701061,"16":0.1597335684,"17":0.1479541998,"18":0.3490072664,"19":0.1528479772,"20":0.2187274845,"21":0.1211988002,"22":0.2483374741,"23":0.1497013808,"24":0.1235740491,"25":0.1464880097,"26":0.1883461431,"27":0.1381694591,"28":0.1200978805,"29":0.2291051568},"val_acc":{"0":0.376838237,"1":0.6544117928,"2":0.6819853187,"3":0.8033088446,"4":0.8400735259,"5":0.9466911554,"6":0.8970588446,"7":0.9411764741,"8":0.9522058964,"9":0.9650735259,"10":0.9448529482,"11":0.9613970518,"12":0.9522058964,"13":0.9577205777,"14":0.9742646813,"15":0.9411764741,"16":0.9669117928,"17":0.9650735259,"18":0.9356617928,"19":0.9595588446,"20":0.9522058964,"21":0.9669117928,"22":0.9558823705,"23":0.96875,"24":0.9742646813,"25":0.9669117928,"26":0.9522058964,"27":0.9669117928,"28":0.9669117928,"29":0.9448529482}}