{"loss":{"0":1.3166089408,"1":0.6392809347,"2":0.4356517998,"3":0.3217651152,"4":0.2754030839,"5":0.2199582449,"6":0.1763941241,"7":0.1760891508,"8":0.1545898012,"9":0.1303484862,"10":0.1201755174,"11":0.112042679,"12":0.0942316766,"13":0.0912001397,"14":0.0849907909,"15":0.0885001194,"16":0.072826931,"17":0.0608180048,"18":0.073069463,"19":0.0660647102,"20":0.0630608546,"21":0.0641247277,"22":0.0616599484,"23":0.0563109819,"24":0.0449461608,"25":0.0520647696,"26":0.0553959143,"27":0.0482448641,"28":0.0499093373,"29":0.0367081503,"30":0.0442274998,"31":0.0444446369,"32":0.0408267685,"33":0.0414414246,"34":0.0310882206,"35":0.0421610253,"36":0.0371245894,"37":0.0421823101,"38":0.0358916448,"39":0.027170991,"40":0.0305024746,"41":0.0255762946,"42":0.0310202166,"43":0.0273444492,"44":0.0350081042,"45":0.0352347113,"46":0.0105410522,"47":0.0315842742,"48":0.0330527079,"49":0.0228593574,"50":0.0349330216,"51":0.0259887227,"52":0.0202678463,"53":0.0221950682,"54":0.0306553894},"acc":{"0":0.5158465505,"1":0.7752293348,"2":0.8508131504,"3":0.8917848468,"4":0.9099249244,"5":0.9254587293,"6":0.9421392679,"7":0.9417222738,"8":0.950062573,"9":0.9586113691,"10":0.9626772404,"11":0.963198483,"12":0.9697664976,"13":0.9698707461,"14":0.972581327,"15":0.9743536115,"16":0.9757089019,"17":0.9811301231,"18":0.9786280394,"19":0.9777939916,"20":0.9817556143,"21":0.9815471172,"22":0.9809216261,"23":0.9837364554,"24":0.9858215451,"25":0.9848832488,"26":0.9842576981,"27":0.9848832488,"28":0.9850917459,"29":0.990408659,"30":0.9862385392,"31":0.9859257936,"32":0.9882193208,"33":0.9869682789,"34":0.9897831678,"35":0.9884278774,"36":0.9884278774,"37":0.9894703627,"38":0.9905129075,"39":0.9908257127,"40":0.9903044105,"41":0.9924937487,"42":0.9896789193,"43":0.9910342097,"44":0.9891576171,"45":0.9899916649,"46":0.9963511229,"47":0.9908257127,"48":0.990408659,"49":0.993432045,"50":0.990408659,"51":0.9915554523,"52":0.9939532876,"53":0.993640542,"54":0.990408659},"val_loss":{"0":0.9164033782,"1":0.5618414828,"2":0.3885461166,"3":0.3606258737,"4":0.2660412043,"5":0.3833492599,"6":0.3255579583,"7":0.1928597809,"8":0.2455473239,"9":0.2495521846,"10":0.2071891536,"11":0.2286957138,"12":0.1549392665,"13":0.2016164165,"14":0.1794737668,"15":0.2616775566,"16":0.2056123273,"17":0.1992759584,"18":0.2177488174,"19":0.208950035,"20":0.2470719298,"21":0.1522393379,"22":0.2111766294,"23":0.1602845593,"24":0.2834688043,"25":0.1583201971,"26":0.2239503565,"27":0.1534251522,"28":0.1827001546,"29":0.2100605861,"30":0.1746843587,"31":0.2176890647,"32":0.1799423862,"33":0.2162093562,"34":0.1349321465,"35":0.2181903285,"36":0.2025658267,"37":0.1567866424,"38":0.1612287525,"39":0.2087316031,"40":0.1805910826,"41":0.2097266825,"42":0.1905533433,"43":0.1705020283,"44":0.2058863985,"45":0.2681849694,"46":0.348806746,"47":0.2683609415,"48":0.2012283995,"49":0.2119428941,"50":0.2048730426,"51":0.4733486323,"52":0.250881724,"53":0.1730310209,"54":0.1801863949},"val_acc":{"0":0.6415441036,"1":0.7794117928,"2":0.875,"3":0.90625,"4":0.9025735259,"5":0.8639705777,"6":0.8970588446,"7":0.9356617928,"8":0.9209558964,"9":0.9227941036,"10":0.9448529482,"11":0.9301470518,"12":0.9448529482,"13":0.9430146813,"14":0.9522058964,"15":0.9301470518,"16":0.9430146813,"17":0.9485294223,"18":0.9393382072,"19":0.9485294223,"20":0.9485294223,"21":0.9632353187,"22":0.9283088446,"23":0.9632353187,"24":0.9283088446,"25":0.9430146813,"26":0.9466911554,"27":0.9650735259,"28":0.9466911554,"29":0.9503676295,"30":0.9558823705,"31":0.9283088446,"32":0.9613970518,"33":0.9485294223,"34":0.9669117928,"35":0.9522058964,"36":0.9540441036,"37":0.9577205777,"38":0.9577205777,"39":0.9485294223,"40":0.9613970518,"41":0.9595588446,"42":0.9503676295,"43":0.9577205777,"44":0.9540441036,"45":0.9577205777,"46":0.9448529482,"47":0.9558823705,"48":0.9613970518,"49":0.9577205777,"50":0.9577205777,"51":0.9007353187,"52":0.9503676295,"53":0.9669117928,"54":0.9613970518}}