{"loss":{"0":1.7310834482,"1":1.3148693775,"2":0.9711021464,"3":0.7179366477,"4":0.5446932074,"5":0.4221922249,"6":0.3716992874,"7":0.3190437732,"8":0.2720656823,"9":0.2527656655,"10":0.2275798098,"11":0.2099470258,"12":0.2148718734,"13":0.17438542,"14":0.1765632618,"15":0.1483639907,"16":0.1695507373,"17":0.1538448605,"18":0.1495075692,"19":0.1204775271,"20":0.1345353632,"21":0.1336649767,"22":0.1125979444,"23":0.1175671851,"24":0.109490742,"25":0.1081850219,"26":0.1111807271,"27":0.0946719616,"28":0.094261721,"29":0.0947044335,"30":0.0866311272,"31":0.0950136428,"32":0.0880441635,"33":0.0740844569,"34":0.0904358162,"35":0.0873603257,"36":0.0822184977,"37":0.0819292699,"38":0.0737219008,"39":0.0685558496,"40":0.0707046512,"41":0.070878932,"42":0.0681307072,"43":0.0695627418,"44":0.0705625227},"acc":{"0":0.3489148617,"1":0.5032345653,"2":0.6508764625,"3":0.7586602569,"4":0.8223080039,"5":0.8631051779,"6":0.8840776086,"7":0.899206996,"8":0.9175709486,"9":0.9215359092,"10":0.9295701385,"11":0.9367696047,"12":0.9369782805,"13":0.9453255534,"14":0.948142767,"15":0.9568030238,"16":0.9483514428,"17":0.9563856721,"18":0.9566986561,"19":0.9654632807,"20":0.9619156718,"21":0.962541759,"22":0.9654632807,"23":0.9644198418,"24":0.9683848023,"25":0.9686978459,"26":0.9705759883,"27":0.9717237353,"28":0.9728714228,"29":0.974645257,"30":0.974958241,"31":0.9700542688,"32":0.9760016799,"33":0.9790275693,"34":0.9752712846,"35":0.9776711464,"36":0.9768363833,"37":0.9748539329,"38":0.9810100198,"39":0.9796535969,"40":0.9799666405,"41":0.9790275693,"42":0.9796535969,"43":0.979444921,"44":0.979757905},"val_loss":{"0":1.6344346316,"1":1.4543167046,"2":0.685801133,"3":0.7587057713,"4":0.4210269955,"5":0.4772685741,"6":0.3040316721,"7":0.1847844382,"8":0.1866268152,"9":0.2530319333,"10":0.146795545,"11":0.225805839,"12":0.1587080154,"13":0.1394408333,"14":0.1571479189,"15":0.1865525723,"16":0.2164796923,"17":0.1318091276,"18":0.1453632363,"19":0.1377990239,"20":0.155793887,"21":0.1594787177,"22":0.1747834732,"23":0.1661584229,"24":0.1153832883,"25":0.208996985,"26":0.1474368445,"27":0.121302751,"28":0.1416720775,"29":0.19343063,"30":0.1460184574,"31":0.1225920801,"32":0.1992679785,"33":0.2070805925,"34":0.1900424332,"35":0.1470156096,"36":0.1802674465,"37":0.1247590833,"38":0.136435947,"39":0.124616131,"40":0.2372209125,"41":0.1403503121,"42":0.1458763633,"43":0.1708419496,"44":0.1735684942},"val_acc":{"0":0.3970588148,"1":0.46875,"2":0.7316176295,"3":0.7463235259,"4":0.8455882072,"5":0.8602941036,"6":0.9172794223,"7":0.9466911554,"8":0.9485294223,"9":0.9227941036,"10":0.9558823705,"11":0.9264705777,"12":0.9558823705,"13":0.9650735259,"14":0.9669117928,"15":0.9558823705,"16":0.9375,"17":0.9650735259,"18":0.96875,"19":0.9705882072,"20":0.96875,"21":0.9650735259,"22":0.9558823705,"23":0.9669117928,"24":0.9742646813,"25":0.9503676295,"26":0.96875,"27":0.9724264741,"28":0.9705882072,"29":0.9577205777,"30":0.96875,"31":0.9742646813,"32":0.9650735259,"33":0.9650735259,"34":0.9632353187,"35":0.9724264741,"36":0.9650735259,"37":0.9705882072,"38":0.9724264741,"39":0.9761029482,"40":0.9503676295,"41":0.9742646813,"42":0.9724264741,"43":0.96875,"44":0.9650735259}}