{"loss":{"0":1.6633446126,"1":1.2681265195,"2":0.9450665617,"3":0.6965544265,"4":0.4909744669,"5":0.3735984865,"6":0.2771766439,"7":0.2395374056,"8":0.2110217045,"9":0.1670943208,"10":0.1665673271,"11":0.153843195,"12":0.1336588662,"13":0.116536432,"14":0.1183134683,"15":0.1043495605,"16":0.1043140025,"17":0.0849587544,"18":0.0806179315,"19":0.0971969269,"20":0.0707383324,"21":0.0704565843,"22":0.0643101128,"23":0.0736719418,"24":0.0568407611,"25":0.0631317446,"26":0.0613360361,"27":0.0584433734,"28":0.0595968871,"29":0.0580891519,"30":0.06136595,"31":0.048237727,"32":0.0506290832,"33":0.0442577343,"34":0.0529208779,"35":0.044058116,"36":0.0458902703,"37":0.0422632693,"38":0.0459644647,"39":0.0370522419,"40":0.0371257265,"41":0.0481561793,"42":0.0415796362,"43":0.043086936,"44":0.0361387584,"45":0.0299078065,"46":0.0481348381,"47":0.0390356017},"acc":{"0":0.369266063,"1":0.5299207568,"2":0.65054214,"3":0.7540658712,"4":0.8377814889,"5":0.879691422,"6":0.9131568074,"7":0.9254587293,"8":0.9367181063,"9":0.9475604892,"10":0.9471434355,"11":0.9531901479,"12":0.9588198662,"13":0.9660133719,"14":0.9654920697,"15":0.9701834917,"16":0.9709132314,"17":0.9757089019,"18":0.9752919078,"19":0.9701834917,"20":0.979149282,"21":0.9792535305,"22":0.9802960753,"23":0.9758131504,"24":0.9842576981,"25":0.9820684195,"26":0.9825896621,"27":0.9834237099,"28":0.9822769165,"29":0.9836322069,"30":0.9831109047,"31":0.9867597818,"32":0.9848832488,"33":0.9880108237,"34":0.9846747518,"35":0.9876980782,"36":0.9863427877,"37":0.9888448715,"38":0.9881150723,"39":0.9888448715,"40":0.98894912,"41":0.9888448715,"42":0.9876980782,"43":0.9867597818,"44":0.9899916649,"45":0.9917639494,"46":0.9875938296,"47":0.9890533686},"val_loss":{"0":1.4053810616,"1":1.1345129136,"2":1.1343748975,"3":0.6283908295,"4":0.238735015,"5":0.2614259653,"6":0.2998993319,"7":0.2147876618,"8":0.4136803752,"9":0.175604322,"10":0.1615428071,"11":0.1799556303,"12":0.1358581312,"13":0.1506469414,"14":0.2025935323,"15":0.1780067004,"16":0.1902803717,"17":0.1499773999,"18":0.1901100623,"19":0.1867874553,"20":0.1411805462,"21":0.1536757741,"22":0.2165146195,"23":0.1462073604,"24":0.1231495742,"25":0.1370711357,"26":0.1356597897,"27":0.10513349,"28":0.1483965861,"29":0.1144479823,"30":0.1366399964,"31":0.1421795211,"32":0.1090921905,"33":0.2232349411,"34":0.1640516235,"35":0.154036899,"36":0.1298656332,"37":0.113548212,"38":0.1600962014,"39":0.1154825959,"40":0.1317168357,"41":0.1593498201,"42":0.1180733436,"43":0.1090715833,"44":0.1325536116,"45":0.124306279,"46":0.1343203712,"47":0.1697715265},"val_acc":{"0":0.470588237,"1":0.6121323705,"2":0.498161763,"3":0.7886029482,"4":0.9209558964,"5":0.9044117928,"6":0.9154411554,"7":0.9338235259,"8":0.8676470518,"9":0.9393382072,"10":0.9540441036,"11":0.9485294223,"12":0.9595588446,"13":0.9650735259,"14":0.9503676295,"15":0.9503676295,"16":0.9485294223,"17":0.9558823705,"18":0.9540441036,"19":0.9577205777,"20":0.9761029482,"21":0.9577205777,"22":0.9503676295,"23":0.96875,"24":0.9724264741,"25":0.9724264741,"26":0.9705882072,"27":0.9742646813,"28":0.9613970518,"29":0.9779411554,"30":0.9724264741,"31":0.96875,"32":0.9742646813,"33":0.9503676295,"34":0.9595588446,"35":0.9779411554,"36":0.9761029482,"37":0.9724264741,"38":0.9650735259,"39":0.9724264741,"40":0.9761029482,"41":0.9742646813,"42":0.9797794223,"43":0.9669117928,"44":0.9724264741,"45":0.9797794223,"46":0.9779411554,"47":0.9724264741}}