{"loss":{"0":1.7284554988,"1":1.3760571662,"2":1.0417628088,"3":0.7673343164,"4":0.5619360109,"5":0.4628402965,"6":0.3801646662,"7":0.3340990209,"8":0.3101164526,"9":0.2780055235,"10":0.2444115431,"11":0.2356489549,"12":0.1949965724,"13":0.1960992674,"14":0.1712768281,"15":0.1879652533,"16":0.1734056841,"17":0.146947618,"18":0.1477661499,"19":0.1420228545,"20":0.1422883768,"21":0.1126141925,"22":0.1359905191,"23":0.1276421232,"24":0.1102979177,"25":0.1228863852,"26":0.1011864357,"27":0.1060086372,"28":0.1098719667,"29":0.0999192175,"30":0.0881968151,"31":0.0955794687,"32":0.0900981006,"33":0.0895417817,"34":0.0814465089,"35":0.0914054019,"36":0.0816386012,"37":0.08102383,"38":0.081117244,"39":0.0743862526,"40":0.0869705276,"41":0.0731940338,"42":0.0765456422,"43":0.069372188,"44":0.0723656422,"45":0.0720101334,"46":0.0780467978,"47":0.0653093671,"48":0.0637060279,"49":0.0697264278,"50":0.0701535814,"51":0.0713622217,"52":0.0599718759,"53":0.0636685693,"54":0.0709920686,"55":0.0598311138,"56":0.0595474614,"57":0.0661297142,"58":0.0467380747,"59":0.0527451537,"60":0.050871678,"61":0.0604229008,"62":0.0575140034,"63":0.0532919636,"64":0.0561892737,"65":0.0424751401,"66":0.0511848316,"67":0.0392559979,"68":0.0560708439,"69":0.0513660828,"70":0.049976332,"71":0.050305069,"72":0.0415960064,"73":0.0470837155,"74":0.056118919,"75":0.0448685844,"76":0.0531912875,"77":0.052611216,"78":0.0425646574,"79":0.0498100849,"80":0.0558888228,"81":0.0373118183,"82":0.0515499933,"83":0.0330785955,"84":0.0487464817,"85":0.0476988663},"acc":{"0":0.3452877402,"1":0.488740623,"2":0.620308578,"3":0.734049201,"4":0.8129691482,"5":0.8517514467,"6":0.8792743683,"7":0.8938698769,"8":0.9108632207,"9":0.9137822986,"10":0.9250416756,"11":0.9319224358,"12":0.9391159415,"13":0.9401584864,"14":0.9493327737,"15":0.9442243576,"16":0.947247684,"17":0.9576730728,"18":0.956839025,"19":0.958298564,"20":0.9605921507,"21":0.9652835727,"22":0.9608006477,"23":0.9636155367,"24":0.9689324498,"25":0.9646580219,"26":0.971121788,"27":0.967889905,"28":0.9698707461,"29":0.9707047343,"30":0.9743536115,"31":0.9716430306,"32":0.9739366174,"33":0.9741451144,"34":0.9742493629,"35":0.9739366174,"36":0.9766471982,"37":0.9766471982,"38":0.9764387012,"39":0.9781067371,"40":0.9738323689,"41":0.9798790812,"42":0.9775854945,"43":0.9810258746,"44":0.9777939916,"45":0.9799833298,"46":0.9788365364,"47":0.9804003239,"48":0.9800875783,"49":0.9806088209,"50":0.9798790812,"51":0.9800875783,"52":0.9822769165,"53":0.9820684195,"54":0.9810258746,"55":0.9841534495,"56":0.9830066562,"57":0.9816513658,"58":0.9854044914,"59":0.9859257936,"60":0.9855087399,"61":0.9825896621,"62":0.9845705032,"63":0.9847790003,"64":0.9862385392,"65":0.9880108237,"66":0.9844661951,"67":0.9890533686,"68":0.9839449525,"69":0.9850917459,"70":0.9861342907,"71":0.9856129885,"72":0.9882193208,"73":0.9878023267,"74":0.9856129885,"75":0.9885321259,"76":0.9835279584,"77":0.9875938296,"78":0.9878023267,"79":0.987072587,"80":0.9846747518,"81":0.9895746708,"82":0.9850917459,"83":0.9905129075,"84":0.9856129885,"85":0.9882193208},"val_loss":{"0":1.5914609292,"1":1.5490380916,"2":0.942013349,"3":0.6022879197,"4":0.4079729144,"5":0.4430783082,"6":0.2232237764,"7":0.2438688686,"8":0.2177261354,"9":0.1941761409,"10":0.1604073083,"11":0.1437048951,"12":0.1567010484,"13":0.1528550863,"14":0.120488238,"15":0.0843723592,"16":0.1549934841,"17":0.1098653937,"18":0.0931599033,"19":0.1127321609,"20":0.1318386186,"21":0.2781659577,"22":0.1675588997,"23":0.0898048135,"24":0.0992552508,"25":0.1216204979,"26":0.1437482961,"27":0.1028452779,"28":0.1171366942,"29":0.0836157972,"30":0.1479317083,"31":0.0798446237,"32":0.1799351615,"33":0.1071921466,"34":0.097298974,"35":0.0903450371,"36":0.1239419603,"37":0.1174294376,"38":0.0752158684,"39":0.1346960459,"40":0.0780137387,"41":0.0851114521,"42":0.1030895506,"43":0.0823733832,"44":0.0950877832,"45":0.0881642895,"46":0.1133784674,"47":0.1421087572,"48":0.1110709957,"49":0.1127887428,"50":0.0832308545,"51":0.0850297652,"52":0.1018738407,"53":0.091546131,"54":0.0985140542,"55":0.0911520159,"56":0.0725125501,"57":0.0946472912,"58":0.0667963253,"59":0.1421014149,"60":0.1459888331,"61":0.1202991496,"62":0.0942463374,"63":0.0999219625,"64":0.091645283,"65":0.0639570374,"66":0.0903698286,"67":0.0829605977,"68":0.0654084186,"69":0.1279100564,"70":0.1006807795,"71":0.0924348194,"72":0.0874227515,"73":0.110070286,"74":0.1223320539,"75":0.0978616914,"76":0.0718477721,"77":0.0739480256,"78":0.1068639391,"79":0.079677676,"80":0.0658927718,"81":0.0900355571,"82":0.1342449861,"83":0.1184020338,"84":0.1045869255,"85":0.1014242061},"val_acc":{"0":0.3547794223,"1":0.4485294223,"2":0.6011029482,"3":0.7959558964,"4":0.8658088446,"5":0.8419117928,"6":0.9356617928,"7":0.9191176295,"8":0.9227941036,"9":0.9375,"10":0.9522058964,"11":0.9540441036,"12":0.9485294223,"13":0.96875,"14":0.9669117928,"15":0.9705882072,"16":0.9466911554,"17":0.9705882072,"18":0.9742646813,"19":0.9632353187,"20":0.9650735259,"21":0.9172794223,"22":0.9448529482,"23":0.9761029482,"24":0.9705882072,"25":0.9669117928,"26":0.9577205777,"27":0.9724264741,"28":0.96875,"29":0.9742646813,"30":0.9669117928,"31":0.9724264741,"32":0.9430146813,"33":0.96875,"34":0.9742646813,"35":0.9724264741,"36":0.9705882072,"37":0.9650735259,"38":0.9724264741,"39":0.9577205777,"40":0.9779411554,"41":0.9779411554,"42":0.9724264741,"43":0.9834558964,"44":0.9705882072,"45":0.9705882072,"46":0.96875,"47":0.9650735259,"48":0.9705882072,"49":0.9724264741,"50":0.9779411554,"51":0.9742646813,"52":0.9779411554,"53":0.9705882072,"54":0.96875,"55":0.9742646813,"56":0.9742646813,"57":0.9797794223,"58":0.9834558964,"59":0.9705882072,"60":0.9632353187,"61":0.9650735259,"62":0.9779411554,"63":0.9761029482,"64":0.9742646813,"65":0.9834558964,"66":0.9779411554,"67":0.9816176295,"68":0.9816176295,"69":0.9742646813,"70":0.9797794223,"71":0.9705882072,"72":0.9761029482,"73":0.9742646813,"74":0.9705882072,"75":0.9797794223,"76":0.9761029482,"77":0.9742646813,"78":0.9742646813,"79":0.9779411554,"80":0.9871323705,"81":0.9816176295,"82":0.9705882072,"83":0.9669117928,"84":0.9797794223,"85":0.9761029482}}