{"loss":{"0":1.4553231194,"1":0.8631395571,"2":0.4894417952,"3":0.3382373458,"4":0.2636048528,"5":0.2250927708,"6":0.1969168825,"7":0.1766388273,"8":0.1545308909,"9":0.1498177211,"10":0.1271980305,"11":0.1405060918,"12":0.1140807283,"13":0.106403116,"14":0.102942333,"15":0.1021875532,"16":0.0876541648,"17":0.0816625927,"18":0.0851829327,"19":0.0833780319,"20":0.0789246406,"21":0.078973636,"22":0.0725796455,"23":0.0858526036,"24":0.0622986988,"25":0.0583756871,"26":0.0669309735,"27":0.0624405504,"28":0.0621266582,"29":0.054719688,"30":0.0605858796,"31":0.050878212,"32":0.0618111464,"33":0.0522147414,"34":0.0550417174,"35":0.0564934576,"36":0.052044561},"acc":{"0":0.4551335573,"1":0.6903172135,"2":0.8346201777,"3":0.8896076679,"4":0.9160058498,"5":0.9262312055,"6":0.9382303953,"7":0.9462646246,"8":0.9506469369,"9":0.9533597827,"10":0.9594115019,"11":0.9568030238,"12":0.9658806324,"13":0.9658806324,"14":0.9662979841,"15":0.9671327472,"16":0.9762103558,"17":0.9744365811,"18":0.9748539329,"19":0.9756886363,"20":0.9760016799,"21":0.9745408893,"22":0.9781928062,"23":0.9758973122,"24":0.9823664427,"25":0.9817404151,"26":0.9799666405,"27":0.9818447232,"28":0.9823664427,"29":0.983096838,"30":0.9805926681,"31":0.9835141897,"32":0.9812186956,"33":0.983409822,"34":0.9843488932,"35":0.9825751185,"36":0.983409822},"val_loss":{"0":1.2379082625,"1":0.7643834653,"2":0.4033519342,"3":0.3755205073,"4":0.2186087923,"5":0.2932540746,"6":0.1948410522,"7":0.2074631891,"8":0.1934977575,"9":0.167258226,"10":0.1891175674,"11":0.1721125217,"12":0.2537570027,"13":0.1561168048,"14":0.2209731112,"15":0.1628914096,"16":0.0959095064,"17":0.1864043453,"18":0.1778625276,"19":0.1539611742,"20":0.1607310505,"21":0.1130803312,"22":0.259489457,"23":0.133770481,"24":0.1891514125,"25":0.125717198,"26":0.1277462961,"27":0.1767393298,"28":0.1579430024,"29":0.2057647316,"30":0.1917840245,"31":0.1969260779,"32":0.1788381464,"33":0.2173076627,"34":0.157854686,"35":0.1808804746,"36":0.1632303513},"val_acc":{"0":0.4577205777,"1":0.7205882072,"2":0.8566176295,"3":0.8823529482,"4":0.9338235259,"5":0.9154411554,"6":0.9375,"7":0.9393382072,"8":0.9522058964,"9":0.9558823705,"10":0.9558823705,"11":0.9577205777,"12":0.9338235259,"13":0.9595588446,"14":0.9522058964,"15":0.9613970518,"16":0.9761029482,"17":0.9540441036,"18":0.9613970518,"19":0.96875,"20":0.9669117928,"21":0.96875,"22":0.9375,"23":0.9761029482,"24":0.9632353187,"25":0.9797794223,"26":0.9779411554,"27":0.9816176295,"28":0.9705882072,"29":0.9724264741,"30":0.9724264741,"31":0.9742646813,"32":0.9705882072,"33":0.96875,"34":0.9779411554,"35":0.9724264741,"36":0.9705882072}}