{"loss":{"0":1.3770746737,"1":0.6719691006,"2":0.4001829327,"3":0.2844466795,"4":0.2370570475,"5":0.1990900656,"6":0.1676795196,"7":0.1430813252,"8":0.131331267,"9":0.0969246342,"10":0.1087410632,"11":0.0941616866,"12":0.088382862,"13":0.0868767843,"14":0.0721805688,"15":0.0720114086,"16":0.0768654775,"17":0.0632296197,"18":0.0516437756,"19":0.0629161534,"20":0.0593394594,"21":0.0643770526,"22":0.0492952587,"23":0.0484001846,"24":0.048334634,"25":0.0485009041,"26":0.0482042515,"27":0.0380230385,"28":0.0506251323,"29":0.0429114342,"30":0.0319447844,"31":0.0547194405,"32":0.0313650876,"33":0.0336020604,"34":0.0455915949},"acc":{"0":0.4896702766,"1":0.7678422332,"2":0.8657137156,"3":0.9027546048,"4":0.9218488932,"5":0.9353088737,"6":0.9476210475,"7":0.9536727667,"8":0.9594115019,"9":0.97099334,"10":0.9666110277,"11":0.9716193676,"12":0.9710976481,"13":0.972454071,"14":0.9787145257,"15":0.9777754545,"16":0.9767320752,"17":0.9795492291,"18":0.9825751185,"19":0.9803839922,"20":0.9833055139,"21":0.9814273715,"22":0.9854966402,"23":0.9851836562,"24":0.9865400791,"25":0.9849749804,"26":0.9856010079,"27":0.9894616008,"28":0.9850792885,"29":0.9877921343,"30":0.9906093478,"31":0.9836185575,"32":0.9894616008,"33":0.9898789525,"34":0.9858096838},"val_loss":{"0":0.7678512085,"1":0.482136515,"2":0.5540951821,"3":0.4312342873,"4":0.4634392007,"5":0.2081622427,"6":0.2820645823,"7":0.3479989636,"8":0.2242986655,"9":0.2662493723,"10":0.2078090893,"11":0.2723503742,"12":0.1707977719,"13":0.3149388695,"14":0.1511570033,"15":0.2230288845,"16":0.2007663134,"17":0.2152144188,"18":0.2051301503,"19":0.2014492553,"20":0.2276734808,"21":0.2679850002,"22":0.1774190522,"23":0.2293766002,"24":0.2800669939,"25":0.1892929153,"26":0.2259042196,"27":0.2799118016,"28":0.3801457937,"29":0.2071498689,"30":0.2519611143,"31":0.2116141247,"32":0.2208330972,"33":0.2019255559,"34":0.3032336861},"val_acc":{"0":0.7058823705,"1":0.8419117928,"2":0.84375,"3":0.8566176295,"4":0.8639705777,"5":0.9485294223,"6":0.9172794223,"7":0.8860294223,"8":0.9393382072,"9":0.9246323705,"10":0.9503676295,"11":0.9430146813,"12":0.9466911554,"13":0.9338235259,"14":0.9669117928,"15":0.9466911554,"16":0.9522058964,"17":0.9466911554,"18":0.9632353187,"19":0.9577205777,"20":0.9503676295,"21":0.9356617928,"22":0.9595588446,"23":0.9503676295,"24":0.9448529482,"25":0.9669117928,"26":0.9485294223,"27":0.9485294223,"28":0.9283088446,"29":0.9613970518,"30":0.9411764741,"31":0.9558823705,"32":0.9650735259,"33":0.9577205777,"34":0.9301470518}}