{"loss":{"0":1.7102305792,"1":1.3442317702,"2":1.0299106974,"3":0.7058018245,"4":0.5571156215,"5":0.4364214287,"6":0.3704118732,"7":0.3292744237,"8":0.2788617898,"9":0.2482515512,"10":0.2324386015,"11":0.2102844357,"12":0.2059069606,"13":0.1871759735,"14":0.1790496096,"15":0.1740027901,"16":0.1573953241,"17":0.1432237993,"18":0.1447447149,"19":0.1287491089,"20":0.1342866557,"21":0.1249660682,"22":0.1213712875,"23":0.114615083,"24":0.1232869222,"25":0.112959506,"26":0.1001618283,"27":0.1079428177,"28":0.0875350183,"29":0.1095740274,"30":0.0827038441,"31":0.0848408087,"32":0.0956106489,"33":0.1053294167,"34":0.0803233851,"35":0.0837019437,"36":0.0733071809,"37":0.0793513013,"38":0.084245829,"39":0.0865120323,"40":0.0740609297,"41":0.0751375436,"42":0.0681802555,"43":0.0719925684,"44":0.0607331035,"45":0.0657068575,"46":0.0631980051,"47":0.0647348448,"48":0.0652799762,"49":0.0544698392,"50":0.0656298351,"51":0.0534129343,"52":0.0556973046,"53":0.0600505738,"54":0.0588531057,"55":0.0510281023,"56":0.0512318827,"57":0.0510300604,"58":0.0596203757,"59":0.0518128298,"60":0.0445817355,"61":0.0549937729,"62":0.0544822818},"acc":{"0":0.3476627767,"1":0.4945742786,"2":0.6353297234,"3":0.7666944861,"4":0.8140650988,"5":0.8621661067,"6":0.882303834,"7":0.8959724307,"8":0.9143363833,"9":0.9224749804,"10":0.9318656325,"11":0.9364566207,"12":0.9352045059,"13":0.9441778064,"14":0.9467862844,"15":0.9491861463,"16":0.9530467391,"17":0.9583681226,"18":0.9578464031,"19":0.9610809684,"20":0.9603505731,"21":0.9635851383,"22":0.9619156718,"23":0.965045929,"24":0.9651502371,"25":0.9668197036,"26":0.9707846642,"27":0.9679674506,"28":0.9756886363,"29":0.9675500989,"30":0.9762103558,"31":0.9754799604,"32":0.9721410871,"33":0.9686978459,"34":0.9766277075,"35":0.9756886363,"36":0.9791318774,"37":0.9780884981,"38":0.975793004,"39":0.975793004,"40":0.9798622727,"41":0.978297174,"42":0.9820533991,"43":0.9812186956,"44":0.9804883003,"45":0.9806969762,"46":0.9820533991,"47":0.9811143279,"48":0.9808013439,"49":0.9853923321,"50":0.983409822,"51":0.9856010079,"52":0.9858096838,"53":0.9822620749,"54":0.9833055139,"55":0.9847663045,"56":0.984557569,"57":0.9861227274,"58":0.9833055139,"59":0.9861227274,"60":0.9864357114,"61":0.9852879643,"62":0.9848706126},"val_loss":{"0":1.4181144211,"1":1.2717777131,"2":0.5904146788,"3":0.3650793632,"4":0.3529649483,"5":0.3010920858,"6":0.1850581603,"7":0.1229066685,"8":0.1508654725,"9":0.1293331688,"10":0.1201041588,"11":0.2187299075,"12":0.1271352869,"13":0.1133203486,"14":0.129561433,"15":0.1849514065,"16":0.0917173595,"17":0.1191216158,"18":0.1010550844,"19":0.1337716287,"20":0.0951550642,"21":0.146579321,"22":0.11837612,"23":0.1194535657,"24":0.0558202202,"25":0.078134019,"26":0.1345467993,"27":0.1091644835,"28":0.1120897376,"29":0.0822385936,"30":0.1029230481,"31":0.1398813592,"32":0.0627401734,"33":0.0755330521,"34":0.0963524966,"35":0.0588265906,"36":0.1115145618,"37":0.1022790537,"38":0.094169829,"39":0.1123438583,"40":0.0780011207,"41":0.0699544252,"42":0.037500117,"43":0.079319441,"44":0.0744494572,"45":0.0610593131,"46":0.0817596804,"47":0.0860767341,"48":0.0830949417,"49":0.0724411662,"50":0.0640110361,"51":0.0705213519,"52":0.096354175,"53":0.0871031751,"54":0.0645680838,"55":0.0807644128,"56":0.1054528965,"57":0.0686960301,"58":0.0789628734,"59":0.0624089609,"60":0.0551582961,"61":0.079920803,"62":0.0755714605},"val_acc":{"0":0.4430147111,"1":0.4908088148,"2":0.7757353187,"3":0.8694853187,"4":0.9025735259,"5":0.9117646813,"6":0.9356617928,"7":0.9613970518,"8":0.9503676295,"9":0.9669117928,"10":0.9705882072,"11":0.9356617928,"12":0.9577205777,"13":0.9595588446,"14":0.9650735259,"15":0.9356617928,"16":0.9742646813,"17":0.9540441036,"18":0.96875,"19":0.9595588446,"20":0.9650735259,"21":0.9540441036,"22":0.9779411554,"23":0.96875,"24":0.9834558964,"25":0.9724264741,"26":0.9705882072,"27":0.9742646813,"28":0.9724264741,"29":0.9761029482,"30":0.9742646813,"31":0.9761029482,"32":0.9797794223,"33":0.9797794223,"34":0.9797794223,"35":0.9852941036,"36":0.9705882072,"37":0.9724264741,"38":0.9779411554,"39":0.9705882072,"40":0.9816176295,"41":0.9761029482,"42":0.9816176295,"43":0.9705882072,"44":0.9816176295,"45":0.9852941036,"46":0.9816176295,"47":0.9779411554,"48":0.9797794223,"49":0.9761029482,"50":0.9871323705,"51":0.9742646813,"52":0.9761029482,"53":0.9779411554,"54":0.9852941036,"55":0.9797794223,"56":0.9761029482,"57":0.9834558964,"58":0.9871323705,"59":0.9797794223,"60":0.9889705777,"61":0.9724264741,"62":0.9797794223}}