{"loss":{"0":1.4139665266,"1":0.7200696044,"2":0.4515859067,"3":0.3143540276,"4":0.2493998441,"5":0.2130541765,"6":0.1749869215,"7":0.1650675071,"8":0.1432580848,"9":0.1328265547,"10":0.1190226545,"11":0.1048053993,"12":0.0901338092,"13":0.0913232194,"14":0.0870837133,"15":0.088440173,"16":0.0725047127,"17":0.0615297395,"18":0.0697567872,"19":0.0544341736,"20":0.0605576289,"21":0.0624358773,"22":0.0552712016,"23":0.0503817598,"24":0.0466990911,"25":0.050151904,"26":0.0443260204,"27":0.0448694846,"28":0.0436748195,"29":0.0478618882,"30":0.0385599459,"31":0.0440804648,"32":0.0355371003,"33":0.0352638631,"34":0.0400170072,"35":0.0307485362,"36":0.0395170184,"37":0.0349612027,"38":0.0347934547,"39":0.0277150221,"40":0.0332781869,"41":0.0305141081,"42":0.0237816305,"43":0.0338099291},"acc":{"0":0.4738323689,"1":0.7444745898,"2":0.843098402,"3":0.8986655474,"4":0.9190992713,"5":0.9311926365,"6":0.9430775642,"7":0.947247684,"8":0.9540241957,"9":0.9596538544,"10":0.9636155367,"11":0.9682026505,"12":0.9703919888,"13":0.9704962373,"14":0.9729983211,"15":0.972581327,"16":0.9782109857,"17":0.9813386202,"18":0.9785237908,"19":0.9830066562,"20":0.9817556143,"21":0.9807130694,"22":0.9817556143,"23":0.9853002429,"24":0.9859257936,"25":0.9842576981,"26":0.9866555333,"27":0.9865512848,"28":0.9875938296,"29":0.9848832488,"30":0.9878023267,"31":0.9851959944,"32":0.9883236289,"33":0.9891576171,"34":0.9880108237,"35":0.9891576171,"36":0.9891576171,"37":0.9892618656,"38":0.9896789193,"39":0.9912427068,"40":0.9902001619,"41":0.9905129075,"42":0.9918681979,"43":0.990617156},"val_loss":{"0":1.0119552303,"1":0.7180730648,"2":0.5203257139,"3":0.4354653487,"4":0.3474663546,"5":0.2832644522,"6":0.2036126626,"7":0.2342402712,"8":0.2918773318,"9":0.2141903027,"10":0.2336211584,"11":0.22884161,"12":0.1990802995,"13":0.2175013676,"14":0.2725756283,"15":0.206338348,"16":0.2318215934,"17":0.2107068755,"18":0.2330301835,"19":0.1810914706,"20":0.1947757155,"21":0.2449958335,"22":0.2134717202,"23":0.1507879818,"24":0.2337077623,"25":0.2876311982,"26":0.2063526484,"27":0.1905265834,"28":0.1641133179,"29":0.1802445211,"30":0.1510577563,"31":0.1947546462,"32":0.2627182964,"33":0.2551724422,"34":0.2532203632,"35":0.1942281852,"36":0.2537280839,"37":0.1918912649,"38":0.1857098652,"39":0.3011328588,"40":0.2019730359,"41":0.1951569568,"42":0.1982861976,"43":0.2432715264},"val_acc":{"0":0.6636029482,"1":0.7132353187,"2":0.7794117928,"3":0.8511029482,"4":0.8878676295,"5":0.9007353187,"6":0.9246323705,"7":0.9117646813,"8":0.9136029482,"9":0.9411764741,"10":0.9283088446,"11":0.9393382072,"12":0.9375,"13":0.9356617928,"14":0.9136029482,"15":0.9319853187,"16":0.9338235259,"17":0.9411764741,"18":0.9246323705,"19":0.9577205777,"20":0.9522058964,"21":0.9356617928,"22":0.9430146813,"23":0.9650735259,"24":0.9393382072,"25":0.9430146813,"26":0.9485294223,"27":0.9558823705,"28":0.9540441036,"29":0.9595588446,"30":0.9595588446,"31":0.9466911554,"32":0.9319853187,"33":0.9411764741,"34":0.9466911554,"35":0.9540441036,"36":0.9411764741,"37":0.9466911554,"38":0.9558823705,"39":0.9448529482,"40":0.9558823705,"41":0.9540441036,"42":0.9595588446,"43":0.9503676295}}