{"loss":{"0":1.6158394459,"1":1.1359194013,"2":0.8215176522,"3":0.5816478949,"4":0.4224406863,"5":0.3290820826,"6":0.2522950519,"7":0.2286279936,"8":0.1847343966,"9":0.1695798821,"10":0.1344106743,"11":0.1353818122,"12":0.1256877795,"13":0.0992127356,"14":0.1155070775,"15":0.1088621696,"16":0.076937623,"17":0.0977380138,"18":0.0718003193,"19":0.0914501512,"20":0.0725274645,"21":0.0779200464,"22":0.0606762485,"23":0.0607250846,"24":0.0579745337,"25":0.0628400314,"26":0.0620641039,"27":0.0648176224,"28":0.0440235773,"29":0.0543140461,"30":0.057002705,"31":0.0410351983,"32":0.0546072579,"33":0.0485198478,"34":0.0356473069,"35":0.0542725446,"36":0.038023125,"37":0.045116485,"38":0.0367020668,"39":0.0452241407,"40":0.0410215888,"41":0.0415385231,"42":0.0346783201,"43":0.0452392408,"44":0.0337812319,"45":0.0315171087,"46":0.0352461342,"47":0.0446092754},"acc":{"0":0.387103498,"1":0.580550909,"2":0.7039858103,"3":0.8010225296,"4":0.8603923321,"5":0.8951377273,"6":0.9215359092,"7":0.9291527271,"8":0.9449082017,"9":0.9488731027,"10":0.9574290514,"11":0.9566986561,"12":0.9635851383,"13":0.9695325494,"14":0.9654632807,"15":0.9684891701,"16":0.976105988,"17":0.9729757905,"18":0.9788188934,"19":0.9744365811,"20":0.978610158,"21":0.9771494269,"22":0.9824708104,"23":0.9826794863,"24":0.9827837944,"25":0.983409822,"26":0.9817404151,"27":0.9813230634,"28":0.9863314033,"29":0.9841402173,"30":0.9846619368,"31":0.9872704744,"32":0.9853923321,"33":0.9864357114,"34":0.9891485572,"35":0.983096838,"36":0.9891485572,"37":0.9874791503,"38":0.9885225296,"39":0.9884182215,"40":0.9884182215,"41":0.9882095456,"42":0.9902963042,"43":0.9888355732,"44":0.9906093478,"45":0.9906093478,"46":0.9894616008,"47":0.9880008101},"val_loss":{"0":1.4279374182,"1":1.5841267153,"2":0.9339728076,"3":0.6324855103,"4":0.5268880634,"5":0.3554986083,"6":0.3540907738,"7":0.2876272103,"8":0.2158616579,"9":0.1682632638,"10":0.2715969587,"11":0.1495305452,"12":0.2155175963,"13":0.173173193,"14":0.1680264278,"15":0.1531439155,"16":0.265907784,"17":0.1755805973,"18":0.1958154924,"19":0.1729603108,"20":0.1632798009,"21":0.1499032913,"22":0.1319464283,"23":0.1550915037,"24":0.1605622271,"25":0.1947286559,"26":0.1789239885,"27":0.1289815294,"28":0.1425511536,"29":0.3338312664,"30":0.1725825561,"31":0.2017694545,"32":0.263774487,"33":0.1639974912,"34":0.1697666973,"35":0.1587411245,"36":0.1663241242,"37":0.1704227174,"38":0.1574497087,"39":0.1500094005,"40":0.1780094579,"41":0.1729304705,"42":0.1780840387,"43":0.1378562867,"44":0.216941649,"45":0.1825459916,"46":0.2507403492,"47":0.2300437435},"val_acc":{"0":0.4908088148,"1":0.3786764741,"2":0.6672794223,"3":0.7757353187,"4":0.7996323705,"5":0.8823529482,"6":0.8860294223,"7":0.9191176295,"8":0.9319853187,"9":0.9393382072,"10":0.9172794223,"11":0.9577205777,"12":0.9448529482,"13":0.9503676295,"14":0.9613970518,"15":0.9558823705,"16":0.9466911554,"17":0.9613970518,"18":0.9558823705,"19":0.9595588446,"20":0.9613970518,"21":0.9669117928,"22":0.9650735259,"23":0.96875,"24":0.9632353187,"25":0.9540441036,"26":0.9595588446,"27":0.9724264741,"28":0.96875,"29":0.9283088446,"30":0.9613970518,"31":0.9595588446,"32":0.9503676295,"33":0.9632353187,"34":0.9632353187,"35":0.9650735259,"36":0.9650735259,"37":0.9705882072,"38":0.9669117928,"39":0.9669117928,"40":0.9669117928,"41":0.9613970518,"42":0.9742646813,"43":0.9669117928,"44":0.9650735259,"45":0.9705882072,"46":0.9650735259,"47":0.9577205777}}