{"loss":{"0":1.7449073249,"1":1.3244583527,"2":0.9963140461,"3":0.7028746555,"4":0.5379238581,"5":0.4335893118,"6":0.3757486392,"7":0.3142966576,"8":0.2834359711,"9":0.2696981891,"10":0.2221495416,"11":0.2212290131,"12":0.1978639323,"13":0.1772562348,"14":0.1702705998,"15":0.1469654776,"16":0.1627504848,"17":0.1468253158,"18":0.1327073513,"19":0.1406505841,"20":0.1240595016,"21":0.129545886,"22":0.1215686806,"23":0.1172058089,"24":0.1036841624,"25":0.1025548671,"26":0.0962613109,"27":0.094877368,"28":0.0970417041,"29":0.0896356333,"30":0.0859363426,"31":0.0790055014,"32":0.0778890758,"33":0.0830904257,"34":0.0746988644,"35":0.0893076883,"36":0.0677824993,"37":0.0765269338,"38":0.0740371644,"39":0.0852579926,"40":0.067706181,"41":0.059877046,"42":0.0686820085,"43":0.0841460794,"44":0.0680604922,"45":0.0645888435,"46":0.0653460449,"47":0.061006555,"48":0.0601249689,"49":0.0559475089,"50":0.0540864358,"51":0.0638904076,"52":0.0582545268,"53":0.051664353,"54":0.0652536378,"55":0.0507035973,"56":0.0466237626,"57":0.0549959219,"58":0.0529352329,"59":0.0519472701,"60":0.0551923682},"acc":{"0":0.3395242095,"1":0.5044866204,"2":0.6431552768,"3":0.7642946839,"4":0.8234557509,"5":0.8639398813,"6":0.8830342293,"7":0.9011895061,"8":0.9123539329,"9":0.9187186956,"10":0.9323872924,"11":0.9335350394,"12":0.9402128458,"13":0.950751245,"14":0.9473080039,"15":0.9552379251,"16":0.9534640908,"17":0.9574290514,"18":0.9618113637,"19":0.9601418972,"20":0.9634808302,"21":0.962854743,"22":0.9624373913,"23":0.9638981819,"24":0.9684891701,"25":0.9689065218,"26":0.9704716206,"27":0.9723497629,"28":0.9720367193,"29":0.9730801582,"30":0.9744365811,"31":0.9770450592,"32":0.9771494269,"33":0.9777754545,"34":0.978297174,"35":0.9747495651,"36":0.9784014821,"37":0.9754799604,"38":0.9790275693,"39":0.9776711464,"40":0.9804883003,"41":0.9822620749,"42":0.9804883003,"43":0.9776711464,"44":0.9788188934,"45":0.9813230634,"46":0.9813230634,"47":0.9832011461,"48":0.9804883003,"49":0.9839315414,"50":0.9849749804,"51":0.9833055139,"52":0.9835141897,"53":0.9850792885,"54":0.9816360474,"55":0.9848706126,"56":0.9857053161,"57":0.984557569,"58":0.9853923321,"59":0.9844532609,"60":0.9857053161},"val_loss":{"0":1.4855504676,"1":1.2098325552,"2":1.5511896593,"3":0.5511627192,"4":0.4262701046,"5":0.3218884769,"6":0.2148776446,"7":0.2941162058,"8":0.3975760507,"9":0.1600164104,"10":0.2033669213,"11":0.1213872599,"12":0.1669675334,"13":0.2013421707,"14":0.1245913675,"15":0.1319760456,"16":0.1120636233,"17":0.1228612028,"18":0.2253822635,"19":0.1472109495,"20":0.1066958952,"21":0.1511145265,"22":0.1095758467,"23":0.2915308601,"24":0.1094804106,"25":0.1178020703,"26":0.1082980921,"27":0.1270843734,"28":0.1037631796,"29":0.1744505474,"30":0.1024297529,"31":0.1340463124,"32":0.1637909435,"33":0.1156758235,"34":0.0999370315,"35":0.117524538,"36":0.1586367773,"37":0.0999705158,"38":0.1535591659,"39":0.0931327274,"40":0.0881345947,"41":0.0992375198,"42":0.0884640341,"43":0.0987165245,"44":0.1588080973,"45":0.1202313178,"46":0.1173513725,"47":0.1422195336,"48":0.103799042,"49":0.1502988451,"50":0.0952343703,"51":0.0902362517,"52":0.1124657975,"53":0.1024764653,"54":0.0957452507,"55":0.126289595,"56":0.1122060934,"57":0.1045403229,"58":0.2044219744,"59":0.1207360635,"60":0.11502656},"val_acc":{"0":0.40625,"1":0.4852941036,"2":0.4632352889,"3":0.8033088446,"4":0.8694853187,"5":0.8786764741,"6":0.9246323705,"7":0.8952205777,"8":0.8823529482,"9":0.9522058964,"10":0.9375,"11":0.9540441036,"12":0.9503676295,"13":0.9375,"14":0.9632353187,"15":0.9540441036,"16":0.9595588446,"17":0.9613970518,"18":0.9448529482,"19":0.9522058964,"20":0.9613970518,"21":0.9632353187,"22":0.9650735259,"23":0.90625,"24":0.96875,"25":0.9632353187,"26":0.9669117928,"27":0.9650735259,"28":0.9705882072,"29":0.9448529482,"30":0.9650735259,"31":0.9613970518,"32":0.9595588446,"33":0.9742646813,"34":0.96875,"35":0.9632353187,"36":0.9632353187,"37":0.9650735259,"38":0.9595588446,"39":0.9742646813,"40":0.96875,"41":0.9797794223,"42":0.9797794223,"43":0.9705882072,"44":0.9705882072,"45":0.9724264741,"46":0.96875,"47":0.9669117928,"48":0.96875,"49":0.9761029482,"50":0.9669117928,"51":0.9705882072,"52":0.9669117928,"53":0.9761029482,"54":0.9724264741,"55":0.9742646813,"56":0.9632353187,"57":0.9650735259,"58":0.9558823705,"59":0.96875,"60":0.9724264741}}