{"loss":{"0":1.6304120892,"1":1.0729929903,"2":0.7198896969,"3":0.4888068656,"4":0.3634912142,"5":0.2840491137,"6":0.2514646694,"7":0.1987316162,"8":0.1833753054,"9":0.1580364191,"10":0.142430485,"11":0.1293346626,"12":0.1216595451,"13":0.1293764475,"14":0.1065794382,"15":0.0861716841,"16":0.0844249726,"17":0.0861228063,"18":0.0793324174,"19":0.0726845386,"20":0.0668738532,"21":0.0713249234,"22":0.0758539408,"23":0.0629093022,"24":0.0601703714,"25":0.0621782072,"26":0.0655609245,"27":0.0593117048,"28":0.0513744886,"29":0.0476585709,"30":0.0530604748,"31":0.0545633893,"32":0.0564541151,"33":0.0483623499,"34":0.0426192667,"35":0.0396872115,"36":0.048794939,"37":0.046946727,"38":0.0405170276,"39":0.0429439423,"40":0.0450056768,"41":0.0497240378,"42":0.0394112707,"43":0.0410790422},"acc":{"0":0.3837645948,"1":0.6056969762,"2":0.7609557509,"3":0.8446369171,"4":0.8850166798,"5":0.9083889723,"6":0.9216402173,"7":0.9379173517,"8":0.9451168776,"9":0.9490817785,"10":0.9564899802,"11":0.9632720947,"12":0.9643155336,"13":0.9622287154,"14":0.9697412252,"15":0.9744365811,"16":0.9754799604,"17":0.9763146639,"18":0.9756886363,"19":0.978297174,"20":0.9788188934,"21":0.9805926681,"22":0.975793004,"23":0.9837228656,"24":0.9823664427,"25":0.9821577668,"26":0.981949091,"27":0.984244585,"28":0.9852879643,"29":0.9849749804,"30":0.9857053161,"31":0.9849749804,"32":0.9843488932,"33":0.9859140515,"34":0.987896502,"35":0.9886268973,"36":0.9853923321,"37":0.9853923321,"38":0.9888355732,"39":0.9875834584,"40":0.9875834584,"41":0.9863314033,"42":0.9885225296,"43":0.9895659685},"val_loss":{"0":2.603440904,"1":0.7407554594,"2":0.7507322015,"3":0.7856368195,"4":0.2072160591,"5":0.2007613954,"6":0.2879865937,"7":0.166762756,"8":0.2275746385,"9":0.1669872746,"10":0.1437037531,"11":0.2650179726,"12":0.1212846807,"13":0.1378593277,"14":0.1554886718,"15":0.1204684273,"16":0.1470268455,"17":0.1542385634,"18":0.2964144311,"19":0.1709085642,"20":0.1357797701,"21":0.1770848781,"22":0.1676659021,"23":0.1001096271,"24":0.1447134121,"25":0.2162148681,"26":0.1724069979,"27":0.1559784496,"28":0.1223522036,"29":0.2935586972,"30":0.121323389,"31":0.1751866976,"32":0.1186278176,"33":0.1239532541,"34":0.2489127393,"35":0.1803513172,"36":0.2254641066,"37":0.1491447376,"38":0.1294209061,"39":0.1075477539,"40":0.1095386716,"41":0.1019747601,"42":0.1257165968,"43":0.122769745},"val_acc":{"0":0.4411764741,"1":0.6893382072,"2":0.7352941036,"3":0.7389705777,"4":0.9356617928,"5":0.9338235259,"6":0.90625,"7":0.9595588446,"8":0.9264705777,"9":0.9558823705,"10":0.9485294223,"11":0.9430146813,"12":0.9669117928,"13":0.9650735259,"14":0.96875,"15":0.9761029482,"16":0.9595588446,"17":0.9705882072,"18":0.9227941036,"19":0.9742646813,"20":0.9705882072,"21":0.9503676295,"22":0.9632353187,"23":0.9724264741,"24":0.9797794223,"25":0.9797794223,"26":0.9816176295,"27":0.9761029482,"28":0.9797794223,"29":0.9448529482,"30":0.9834558964,"31":0.9779411554,"32":0.9797794223,"33":0.9852941036,"34":0.9632353187,"35":0.9558823705,"36":0.9669117928,"37":0.9816176295,"38":0.9852941036,"39":0.9816176295,"40":0.9871323705,"41":0.9834558964,"42":0.9852941036,"43":0.96875}}