{"loss":{"0":1.7035722744,"1":1.271077448,"2":0.8942676647,"3":0.6585309407,"4":0.494060894,"5":0.3992538041,"6":0.3473652538,"7":0.3005562681,"8":0.248335605,"9":0.2347050684,"10":0.2209795054,"11":0.2181261227,"12":0.1840980829,"13":0.1756702451,"14":0.1649312443,"15":0.1447495544,"16":0.1530305848,"17":0.1388573457,"18":0.1421268352,"19":0.1316454024,"20":0.117270653,"21":0.1064422997,"22":0.1139216472,"23":0.1064826545,"24":0.1073134721,"25":0.1028956227,"26":0.1053020282,"27":0.0901006647,"28":0.0889593681,"29":0.1098601265,"30":0.0891336089,"31":0.0846519269,"32":0.0867950316,"33":0.0830816488,"34":0.0791807831,"35":0.0781428886,"36":0.0803138186,"37":0.0674802404},"acc":{"0":0.3490191996,"1":0.5141903162,"2":0.6807178855,"3":0.7820325494,"4":0.8439065218,"5":0.8782345653,"6":0.8949290514,"7":0.9055717587,"8":0.9231010079,"9":0.9296744466,"10":0.933848083,"11":0.9369782805,"12":0.9472036958,"13":0.948142767,"14":0.9517946839,"15":0.9573246837,"16":0.9559682608,"17":0.9598288536,"18":0.9579507709,"19":0.9596201777,"20":0.9653589129,"21":0.9671327472,"22":0.9686978459,"23":0.9659850001,"24":0.9683848023,"25":0.9714106917,"26":0.97099334,"27":0.9725584388,"28":0.9737061858,"29":0.9681761265,"30":0.9739148617,"31":0.9764190316,"32":0.972454071,"33":0.9771494269,"34":0.9788188934,"35":0.9784014821,"36":0.9751669168,"37":0.9801753163},"val_loss":{"0":1.3861277656,"1":1.0737450228,"2":0.6415012781,"3":0.6876809787,"4":0.4826877831,"5":0.2725611951,"6":0.3138620039,"7":0.2757163919,"8":0.2009898705,"9":0.1842796505,"10":0.201196898,"11":0.1470203587,"12":0.163028888,"13":0.1337281452,"14":0.120790937,"15":0.100056985,"16":0.0978271674,"17":0.0853030242,"18":0.1399204872,"19":0.1240650223,"20":0.0954161856,"21":0.0948277949,"22":0.1164111876,"23":0.0989365506,"24":0.1195686239,"25":0.1246885689,"26":0.0985371576,"27":0.0858900726,"28":0.1768317388,"29":0.1329206013,"30":0.0986283064,"31":0.174435058,"32":0.113199968,"33":0.0853685894,"34":0.0964711712,"35":0.1958361523,"36":0.1027646986,"37":0.1116333458},"val_acc":{"0":0.5147058964,"1":0.6378676295,"2":0.7683823705,"3":0.7444853187,"4":0.8198529482,"5":0.9080882072,"6":0.8915441036,"7":0.9227941036,"8":0.9264705777,"9":0.9430146813,"10":0.9375,"11":0.9411764741,"12":0.9595588446,"13":0.9577205777,"14":0.9613970518,"15":0.9742646813,"16":0.9705882072,"17":0.9761029482,"18":0.96875,"19":0.9669117928,"20":0.9724264741,"21":0.9724264741,"22":0.9669117928,"23":0.9724264741,"24":0.9705882072,"25":0.9742646813,"26":0.9724264741,"27":0.9797794223,"28":0.9448529482,"29":0.9595588446,"30":0.9761029482,"31":0.9411764741,"32":0.9613970518,"33":0.9797794223,"34":0.9724264741,"35":0.9503676295,"36":0.96875,"37":0.9761029482}}