{"loss":{"0":1.7264965452,"1":1.3983521186,"2":1.0868401372,"3":0.8073961722,"4":0.5951751614,"5":0.4829489848,"6":0.3950746284,"7":0.3560676586,"8":0.2976873925,"9":0.2777727232,"10":0.2401198386,"11":0.2319863198,"12":0.2032066773,"13":0.1995804862,"14":0.1851497962,"15":0.1676964819,"16":0.1646014754,"17":0.1446843088,"18":0.1460401036,"19":0.1420769389,"20":0.1307189052,"21":0.1293009424,"22":0.1239290223,"23":0.1214283353,"24":0.116782864,"25":0.1132626695,"26":0.1269101345,"27":0.1055000991,"28":0.0929213947,"29":0.1184304456,"30":0.1002635914,"31":0.0981877447,"32":0.0892091271,"33":0.0953462154,"34":0.0974956362,"35":0.0867782789,"36":0.082373745,"37":0.0775210749,"38":0.0742936024,"39":0.0900232709,"40":0.0751653583,"41":0.0754030293,"42":0.0785980059,"43":0.0859837834,"44":0.0803139571,"45":0.0658603488,"46":0.0720524829,"47":0.0763603695,"48":0.0776785206,"49":0.0755898768,"50":0.0605967939,"51":0.06356905,"52":0.0644040348,"53":0.0642670096,"54":0.0653718058,"55":0.063505065,"56":0.055647824,"57":0.0698715498,"58":0.0551927248,"59":0.063297251,"60":0.0612926477,"61":0.0588029817,"62":0.0510176483,"63":0.0621429514,"64":0.0491956466,"65":0.0637180043,"66":0.0486290917,"67":0.0492632394,"68":0.0488365595,"69":0.0571734896,"70":0.0542102195,"71":0.052991475,"72":0.0523338357,"73":0.0479876202,"74":0.0523154863,"75":0.0389150727,"76":0.0485155756,"77":0.0556248096,"78":0.0387377677,"79":0.0557389766,"80":0.0415859312,"81":0.0534017498,"82":0.0402101234,"83":0.0491145427,"84":0.0518280295,"85":0.038575903,"86":0.0548101506,"87":0.03752636,"88":0.0522305381,"89":0.0386501444,"90":0.0337298722,"91":0.0523063389,"92":0.0418063969,"93":0.0508819681,"94":0.0467389434,"95":0.0480449958,"96":0.0449591994,"97":0.038203203},"acc":{"0":0.3413261175,"1":0.4620517194,"2":0.6015429497,"3":0.716221869,"4":0.8005629778,"5":0.8469557762,"6":0.8730191588,"7":0.8883444667,"8":0.9078398943,"9":0.9165971875,"10":0.9291076064,"11":0.9283778071,"12":0.9381776452,"13":0.9426605701,"14":0.9438073635,"15":0.9503753185,"16":0.9522518516,"17":0.9563177824,"18":0.955170989,"19":0.9592368603,"20":0.9627814889,"21":0.9628857374,"22":0.9611134529,"23":0.9630942345,"24":0.9654920697,"25":0.967889905,"26":0.9645537734,"27":0.967889905,"28":0.972789824,"29":0.9665346146,"30":0.9714345336,"31":0.9706004858,"32":0.97445786,"33":0.9714345336,"34":0.9703919888,"35":0.9761259556,"36":0.97445786,"37":0.9758131504,"38":0.9787322879,"39":0.9735196233,"40":0.9786280394,"41":0.9782109857,"42":0.9778982401,"43":0.9778982401,"44":0.9783152342,"45":0.9827981591,"46":0.9795662761,"47":0.9766471982,"48":0.9787322879,"49":0.9785237908,"50":0.9833194613,"51":0.9833194613,"52":0.9798790812,"53":0.9814428687,"54":0.9798790812,"55":0.9819641113,"56":0.9829024076,"57":0.9813386202,"58":0.9851959944,"59":0.9830066562,"60":0.9827981591,"61":0.9830066562,"62":0.9863427877,"63":0.9809216261,"64":0.9854044914,"65":0.9818598628,"66":0.9859257936,"67":0.985717237,"68":0.9879065752,"69":0.9836322069,"70":0.9848832488,"71":0.9853002429,"72":0.9861342907,"73":0.9853002429,"74":0.9856129885,"75":0.98894912,"76":0.9859257936,"77":0.9856129885,"78":0.988740623,"79":0.9856129885,"80":0.9881150723,"81":0.9851959944,"82":0.988740623,"83":0.9879065752,"84":0.9851959944,"85":0.9890533686,"86":0.9858215451,"87":0.988740623,"88":0.9847790003,"89":0.9897831678,"90":0.9900959134,"91":0.9865512848,"92":0.9880108237,"93":0.9874895811,"94":0.9871768355,"95":0.9853002429,"96":0.9863427877,"97":0.9900959134},"val_loss":{"0":1.5545071407,"1":1.126877918,"2":0.6835025479,"3":0.4734886112,"4":0.4268334279,"5":0.2223657081,"6":0.1831571942,"7":0.1920783137,"8":0.1767795416,"9":0.1571121073,"10":0.173628317,"11":0.1224009101,"12":0.1954100204,"13":0.1595745718,"14":0.2120048579,"15":0.1577271943,"16":0.1344622396,"17":0.2700348539,"18":0.1316256087,"19":0.1219397228,"20":0.0959540273,"21":0.1381010936,"22":0.1656769433,"23":0.1062155917,"24":0.1091822492,"25":0.1112682714,"26":0.1089763002,"27":0.1207357554,"28":0.1467724948,"29":0.1537767224,"30":0.1267282748,"31":0.145575747,"32":0.0934074981,"33":0.1246460045,"34":0.1000296632,"35":0.1211328787,"36":0.091505584,"37":0.114640538,"38":0.1228339125,"39":0.1203062908,"40":0.1325590325,"41":0.0984726375,"42":0.129339183,"43":0.1131636986,"44":0.1059778545,"45":0.1399774913,"46":0.1313953679,"47":0.0883733329,"48":0.0908033977,"49":0.1078411237,"50":0.1072467855,"51":0.1100564006,"52":0.1540042514,"53":0.1117368894,"54":0.1211859028,"55":0.0807426252,"56":0.1389052088,"57":0.0860475908,"58":0.0785000117,"59":0.0709180945,"60":0.0983600049,"61":0.0970613072,"62":0.0676034562,"63":0.118109672,"64":0.105955648,"65":0.0572448052,"66":0.1156698157,"67":0.1116274933,"68":0.0808273666,"69":0.0827685288,"70":0.0894496332,"71":0.0834201408,"72":0.119925346,"73":0.1080809465,"74":0.1126539019,"75":0.0788056186,"76":0.0717480262,"77":0.0548419474,"78":0.0771871279,"79":0.0847798803,"80":0.0933055677,"81":0.0683864605,"82":0.0778548349,"83":0.0586237406,"84":0.0897054636,"85":0.0725545077,"86":0.0562029972,"87":0.091246926,"88":0.2227793366,"89":0.0975782491,"90":0.1247489229,"91":0.1095426588,"92":0.0719650368,"93":0.0920164551,"94":0.10588906,"95":0.1071018523,"96":0.0656857308,"97":0.1127167064},"val_acc":{"0":0.4577205777,"1":0.5606617928,"2":0.7444853187,"3":0.8382353187,"4":0.8474264741,"5":0.9411764741,"6":0.9356617928,"7":0.9393382072,"8":0.9466911554,"9":0.9503676295,"10":0.9319853187,"11":0.9632353187,"12":0.9338235259,"13":0.9613970518,"14":0.9375,"15":0.9503676295,"16":0.9632353187,"17":0.9338235259,"18":0.9650735259,"19":0.9705882072,"20":0.9632353187,"21":0.9650735259,"22":0.9595588446,"23":0.9705882072,"24":0.96875,"25":0.9761029482,"26":0.9779411554,"27":0.9632353187,"28":0.9613970518,"29":0.9669117928,"30":0.96875,"31":0.9669117928,"32":0.9816176295,"33":0.9779411554,"34":0.9761029482,"35":0.9761029482,"36":0.9779411554,"37":0.9724264741,"38":0.9742646813,"39":0.9724264741,"40":0.96875,"41":0.9816176295,"42":0.9742646813,"43":0.9724264741,"44":0.9742646813,"45":0.9761029482,"46":0.9742646813,"47":0.9834558964,"48":0.9797794223,"49":0.9724264741,"50":0.9797794223,"51":0.9779411554,"52":0.9742646813,"53":0.9797794223,"54":0.9797794223,"55":0.9852941036,"56":0.9742646813,"57":0.9761029482,"58":0.9761029482,"59":0.9779411554,"60":0.9834558964,"61":0.9797794223,"62":0.9834558964,"63":0.9761029482,"64":0.9852941036,"65":0.9889705777,"66":0.9779411554,"67":0.9816176295,"68":0.9834558964,"69":0.9797794223,"70":0.9742646813,"71":0.9797794223,"72":0.96875,"73":0.9816176295,"74":0.9779411554,"75":0.9852941036,"76":0.9871323705,"77":0.9852941036,"78":0.9797794223,"79":0.9816176295,"80":0.9797794223,"81":0.9834558964,"82":0.9852941036,"83":0.9871323705,"84":0.9742646813,"85":0.9816176295,"86":0.9852941036,"87":0.9761029482,"88":0.9522058964,"89":0.9834558964,"90":0.9834558964,"91":0.9797794223,"92":0.9852941036,"93":0.9779411554,"94":0.9834558964,"95":0.9834558964,"96":0.9816176295,"97":0.9779411554}}