{"loss":{"0":1.5161665279,"1":0.870772639,"2":0.4965728744,"3":0.3507792707,"4":0.2870016481,"5":0.2212889861,"6":0.2024053176,"7":0.1835776907,"8":0.1612211807,"9":0.1473198742,"10":0.139246254,"11":0.1208635001,"12":0.1250439911,"13":0.111359197,"14":0.0971449829,"15":0.1006498022,"16":0.0862108872,"17":0.0897702995,"18":0.0866446728,"19":0.072110652,"20":0.08179532,"21":0.0773076437,"22":0.0645700935,"23":0.0744020625,"24":0.072860193,"25":0.0598842161,"26":0.0607200079,"27":0.0660168891,"28":0.057154051,"29":0.0571391664,"30":0.054033249,"31":0.0504181557,"32":0.0550237166,"33":0.0512767708,"34":0.0589712671,"35":0.0499457211,"36":0.0493847094,"37":0.0476838536,"38":0.0486463404,"39":0.0470065867,"40":0.0486285101,"41":0.0427030823,"42":0.0455016713},"acc":{"0":0.4308221936,"1":0.6772746444,"2":0.8302379251,"3":0.8809474111,"4":0.9043197036,"5":0.9267529249,"6":0.9356218576,"7":0.9412562847,"8":0.950751245,"9":0.9524207115,"10":0.9533597827,"11":0.9603505731,"12":0.958055079,"13":0.9645242095,"14":0.969845593,"15":0.9684891701,"16":0.9721410871,"17":0.9739148617,"18":0.9732888341,"19":0.9762103558,"20":0.9745408893,"21":0.9760016799,"22":0.9779841304,"23":0.9768363833,"24":0.9772537351,"25":0.9811143279,"26":0.9801753163,"27":0.9793405533,"28":0.983409822,"29":0.9820533991,"30":0.9829924703,"31":0.9843488932,"32":0.9815317392,"33":0.9843488932,"34":0.984244585,"35":0.9849749804,"36":0.984557569,"37":0.986748755,"38":0.9844532609,"39":0.9862270355,"40":0.984557569,"41":0.986748755,"42":0.9872704744},"val_loss":{"0":0.8810443287,"1":0.7288129014,"2":0.6895454273,"3":0.2908610323,"4":0.2372614689,"5":0.1644790492,"6":0.366139629,"7":0.220591275,"8":0.2432091086,"9":0.2922735676,"10":0.1649162671,"11":0.1589503344,"12":0.1015337271,"13":0.1183776223,"14":0.1837943673,"15":0.1184086692,"16":0.1829727536,"17":0.1180945553,"18":0.180427739,"19":0.1436084249,"20":0.1484095031,"21":0.1399491519,"22":0.0900586953,"23":0.1857751674,"24":0.1488045498,"25":0.1604844708,"26":0.1546324921,"27":0.2015103224,"28":0.1370785724,"29":0.1289568096,"30":0.1294205211,"31":0.10890515,"32":0.1371067236,"33":0.1314911351,"34":0.1437682561,"35":0.1583859975,"36":0.1661381985,"37":0.1155800965,"38":0.1041815525,"39":0.160484794,"40":0.1123902595,"41":0.1026510897,"42":0.0935007237},"val_acc":{"0":0.6966911554,"1":0.7077205777,"2":0.7830882072,"3":0.9044117928,"4":0.9227941036,"5":0.9503676295,"6":0.8915441036,"7":0.9301470518,"8":0.9264705777,"9":0.9227941036,"10":0.96875,"11":0.9466911554,"12":0.9705882072,"13":0.96875,"14":0.9540441036,"15":0.96875,"16":0.9540441036,"17":0.9632353187,"18":0.9503676295,"19":0.9669117928,"20":0.9595588446,"21":0.9650735259,"22":0.9779411554,"23":0.9613970518,"24":0.96875,"25":0.96875,"26":0.9650735259,"27":0.9466911554,"28":0.9705882072,"29":0.9724264741,"30":0.96875,"31":0.9613970518,"32":0.9761029482,"33":0.9613970518,"34":0.9724264741,"35":0.9650735259,"36":0.9724264741,"37":0.9742646813,"38":0.9724264741,"39":0.9705882072,"40":0.9761029482,"41":0.9761029482,"42":0.9761029482}}