{"loss":{"0":1.6607424188,"1":1.2955931916,"2":1.0027559773,"3":0.7679054209,"4":0.5537392736,"5":0.4080798676,"6":0.3314205767,"7":0.2561326133,"8":0.22590452,"9":0.1974350614,"10":0.170292847,"11":0.1543918353,"12":0.1429935358,"13":0.1203547387,"14":0.1206649771,"15":0.1192566388,"16":0.1051832077,"17":0.0932191541,"18":0.0887653262,"19":0.0767205207,"20":0.0865066427,"21":0.081586217,"22":0.0758647739,"23":0.0725630895,"24":0.0697565559,"25":0.0556606649,"26":0.0722772012,"27":0.0636534023,"28":0.0461661517,"29":0.0625112394,"30":0.060252314,"31":0.0487427239,"32":0.0521768236,"33":0.0465249038,"34":0.0459076505,"35":0.0552156359,"36":0.04826487,"37":0.044496753,"38":0.0551219626,"39":0.0422407196,"40":0.0489104487,"41":0.036928807,"42":0.0456122691,"43":0.0443408919,"44":0.0315004244,"45":0.0389580351,"46":0.0371973981,"47":0.0513203994,"48":0.0293774662,"49":0.0366543832,"50":0.0278503324,"51":0.0370741767,"52":0.0387569997,"53":0.0352647463,"54":0.0397361996,"55":0.0389150882,"56":0.031584024,"57":0.0301950602,"58":0.0333423635,"59":0.0265038778,"60":0.0410413052,"61":0.0285028583},"acc":{"0":0.3759382963,"1":0.5207464695,"2":0.6222894192,"3":0.7168473601,"4":0.8134903908,"5":0.8690575361,"6":0.8981443048,"7":0.9206630588,"8":0.9319224358,"9":0.9397414327,"10":0.9489157796,"11":0.952147603,"12":0.9562135339,"13":0.9619474411,"14":0.9655963182,"15":0.9638240337,"16":0.9668473601,"17":0.9741451144,"18":0.972789824,"19":0.9766471982,"20":0.9752919078,"21":0.9752919078,"22":0.9769599438,"23":0.9780024886,"24":0.9795662761,"25":0.9831109047,"26":0.9795662761,"27":0.9830066562,"28":0.9873853326,"29":0.9817556143,"30":0.9831109047,"31":0.9874895811,"32":0.983840704,"33":0.9853002429,"34":0.9849874973,"35":0.9833194613,"36":0.9858215451,"37":0.9874895811,"38":0.9853002429,"39":0.9876980782,"40":0.9871768355,"41":0.9892618656,"42":0.9878023267,"43":0.9874895811,"44":0.9908257127,"45":0.9886363745,"46":0.9902001619,"47":0.9861342907,"48":0.9908257127,"49":0.988740623,"50":0.9918681979,"51":0.9903044105,"52":0.9898874164,"53":0.9907214642,"54":0.9891576171,"55":0.9893661141,"56":0.990408659,"57":0.9918681979,"58":0.9911384583,"59":0.9925979972,"60":0.988740623,"61":0.9918681979},"val_loss":{"0":1.3690726696,"1":1.0317766666,"2":1.0506106378,"3":0.6386341153,"4":0.3609542157,"5":0.3278161243,"6":0.2887260677,"7":0.2376738657,"8":0.2931272006,"9":0.1675500862,"10":0.171308094,"11":0.2461928087,"12":0.1787034221,"13":0.1411330949,"14":0.14087023,"15":0.1676996707,"16":0.1315093058,"17":0.1665492506,"18":0.1778358492,"19":0.1486288321,"20":0.1590399719,"21":0.1760751737,"22":0.1836089084,"23":0.1711328392,"24":0.1106361823,"25":0.1603965901,"26":0.1596209383,"27":0.1630820726,"28":0.1611330559,"29":0.1326979905,"30":0.1901448417,"31":0.1913174489,"32":0.1254558365,"33":0.1367506873,"34":0.1796989161,"35":0.1468430467,"36":0.2057688755,"37":0.1741871292,"38":0.2013392684,"39":0.1584447918,"40":0.1590718808,"41":0.1060499153,"42":0.1628739161,"43":0.1457050699,"44":0.2297615744,"45":0.1552734816,"46":0.1501669034,"47":0.1649387187,"48":0.1675229819,"49":0.1768394556,"50":0.1853747956,"51":0.1735343944,"52":0.1705936785,"53":0.2020941671,"54":0.2066110387,"55":0.1442428883,"56":0.1450640708,"57":0.1654668058,"58":0.177012042,"59":0.1711413562,"60":0.1406036169,"61":0.2111362326},"val_acc":{"0":0.4595588148,"1":0.6066176295,"2":0.5036764741,"3":0.7408088446,"4":0.875,"5":0.8952205777,"6":0.9007353187,"7":0.9227941036,"8":0.9154411554,"9":0.9485294223,"10":0.9485294223,"11":0.9393382072,"12":0.9503676295,"13":0.9577205777,"14":0.9650735259,"15":0.9595588446,"16":0.9577205777,"17":0.9595588446,"18":0.9613970518,"19":0.9577205777,"20":0.9613970518,"21":0.9448529482,"22":0.9540441036,"23":0.9669117928,"24":0.9705882072,"25":0.9650735259,"26":0.96875,"27":0.9595588446,"28":0.9632353187,"29":0.9705882072,"30":0.9613970518,"31":0.9558823705,"32":0.9705882072,"33":0.9705882072,"34":0.9595588446,"35":0.9650735259,"36":0.9577205777,"37":0.9742646813,"38":0.9466911554,"39":0.9669117928,"40":0.96875,"41":0.9650735259,"42":0.9705882072,"43":0.9632353187,"44":0.9485294223,"45":0.9669117928,"46":0.9724264741,"47":0.9632353187,"48":0.96875,"49":0.9632353187,"50":0.96875,"51":0.9632353187,"52":0.9669117928,"53":0.9632353187,"54":0.9558823705,"55":0.96875,"56":0.9669117928,"57":0.9669117928,"58":0.9650735259,"59":0.9724264741,"60":0.9669117928,"61":0.9632353187}}