{"loss":{"0":1.6665573165,"1":1.1805968062,"2":0.7542992079,"3":0.5202112273,"4":0.3786519098,"5":0.2977529962,"6":0.2497430474,"7":0.2149839865,"8":0.1754299673,"9":0.1443613071,"10":0.1398783151,"11":0.1263658642,"12":0.1178175789,"13":0.0982308106,"14":0.0950097075,"15":0.1035931462,"16":0.0842246726,"17":0.0794478514,"18":0.0908995948,"19":0.0728129439,"20":0.0667880736,"21":0.068537847,"22":0.0691137071,"23":0.0600531316,"24":0.0600839367,"25":0.0526714714,"26":0.0617102937,"27":0.0568050476,"28":0.0507449504,"29":0.0613459259,"30":0.0517295017,"31":0.0401495819,"32":0.0454439804,"33":0.0517627263,"34":0.0468542324,"35":0.0425549973,"36":0.0413470732,"37":0.0434586262,"38":0.0447776228,"39":0.0432464614,"40":0.0379654636,"41":0.0430818296,"42":0.0304661011,"43":0.0405188685,"44":0.0395931943,"45":0.0350693925,"46":0.0343622954,"47":0.0307868746,"48":0.0351545453,"49":0.0326633225,"50":0.030105988,"51":0.034182467,"52":0.0328561507,"53":0.0295104862,"54":0.0367186503,"55":0.0373461466,"56":0.0315392655,"57":0.0231895046,"58":0.03271042,"59":0.0344625329,"60":0.0274967127},"acc":{"0":0.3670767248,"1":0.5685988069,"2":0.7414512038,"3":0.8296496868,"4":0.8812552094,"5":0.9060675502,"6":0.9267097712,"7":0.934111774,"8":0.947247684,"9":0.9563177824,"10":0.9595496058,"11":0.9626772404,"12":0.9644495249,"13":0.9702877402,"14":0.9740408659,"15":0.9709132314,"16":0.9739366174,"17":0.9789407849,"18":0.9741451144,"19":0.9797748327,"20":0.9812343717,"21":0.9782109857,"22":0.9804003239,"23":0.9831109047,"24":0.9811301231,"25":0.9848832488,"26":0.9814428687,"27":0.9841534495,"28":0.9865512848,"29":0.9841534495,"30":0.9858215451,"31":0.9882193208,"32":0.9864470363,"33":0.9855087399,"34":0.9872810841,"35":0.9873853326,"36":0.9867597818,"37":0.9881150723,"38":0.9862385392,"39":0.9882193208,"40":0.9898874164,"41":0.9883236289,"42":0.9917639494,"43":0.9892618656,"44":0.9896789193,"45":0.9900959134,"46":0.9907214642,"47":0.9907214642,"48":0.990408659,"49":0.990408659,"50":0.9915554523,"51":0.9899916649,"52":0.9907214642,"53":0.9918681979,"54":0.9902001619,"55":0.9872810841,"56":0.9917639494,"57":0.995100081,"58":0.990617156,"59":0.9897831678,"60":0.9924937487},"val_loss":{"0":1.2062110226,"1":0.7260582443,"2":0.442192601,"3":0.5425208723,"4":0.2708164266,"5":0.3942442143,"6":0.2534778526,"7":0.1647375774,"8":0.1561945259,"9":0.1477309101,"10":0.1922389689,"11":0.2092278392,"12":0.1316948858,"13":0.1603427156,"14":0.166114894,"15":0.1135869515,"16":0.1174715455,"17":0.2105198402,"18":0.1189321752,"19":0.1175864536,"20":0.1380524835,"21":0.0865824888,"22":0.2370217332,"23":0.1421401615,"24":0.1352735218,"25":0.0911246483,"26":0.116529971,"27":0.1084771649,"28":0.1347215831,"29":0.1452976203,"30":0.0985433321,"31":0.1327631521,"32":0.1651501738,"33":0.1862752088,"34":0.1512131643,"35":0.1108447544,"36":0.1048415657,"37":0.1245746358,"38":0.1081673005,"39":0.1312909662,"40":0.0847774232,"41":0.1044191839,"42":0.103899706,"43":0.1136849314,"44":0.1198943797,"45":0.1390549162,"46":0.1342926021,"47":0.1324215942,"48":0.1181238547,"49":0.1106963315,"50":0.1192071875,"51":0.1032601768,"52":0.162388834,"53":0.1304109015,"54":0.1101021192,"55":0.1371721923,"56":0.1138288861,"57":0.1354506732,"58":0.1348358342,"59":0.2067309466,"60":0.1171372676},"val_acc":{"0":0.5147058964,"1":0.7408088446,"2":0.8327205777,"3":0.8180146813,"4":0.90625,"5":0.8786764741,"6":0.9301470518,"7":0.9540441036,"8":0.9503676295,"9":0.96875,"10":0.9430146813,"11":0.9503676295,"12":0.96875,"13":0.9613970518,"14":0.9650735259,"15":0.96875,"16":0.96875,"17":0.9503676295,"18":0.9669117928,"19":0.9669117928,"20":0.9577205777,"21":0.9669117928,"22":0.9411764741,"23":0.9577205777,"24":0.9705882072,"25":0.9761029482,"26":0.9761029482,"27":0.9779411554,"28":0.9724264741,"29":0.9632353187,"30":0.9761029482,"31":0.9669117928,"32":0.9650735259,"33":0.96875,"34":0.96875,"35":0.9761029482,"36":0.9705882072,"37":0.9742646813,"38":0.9779411554,"39":0.9669117928,"40":0.9761029482,"41":0.96875,"42":0.9761029482,"43":0.9742646813,"44":0.9742646813,"45":0.9724264741,"46":0.9742646813,"47":0.9797794223,"48":0.9705882072,"49":0.9761029482,"50":0.9761029482,"51":0.96875,"52":0.9650735259,"53":0.9724264741,"54":0.9724264741,"55":0.9761029482,"56":0.9724264741,"57":0.9761029482,"58":0.9705882072,"59":0.9577205777,"60":0.9761029482}}