{"loss":{"0":1.6828969018,"1":1.2348265655,"2":0.7864064794,"3":0.5297666613,"4":0.4079217832,"5":0.324692595,"6":0.2794544303,"7":0.2239526104,"8":0.1927168197,"9":0.1912100671,"10":0.1572523471,"11":0.1403760356,"12":0.1330074866,"13":0.110845236,"14":0.1096603671,"15":0.1013187481,"16":0.0925636875,"17":0.0871327557,"18":0.0916817565,"19":0.0826362998,"20":0.0742982628,"21":0.0691573427,"22":0.0698514301,"23":0.0643624244,"24":0.068892508,"25":0.0592222405,"26":0.0566086752,"27":0.0671317082,"28":0.0540468846,"29":0.0531517508,"30":0.044489563,"31":0.0591480349,"32":0.0485804309,"33":0.054026579,"34":0.0448339371,"35":0.0438779034,"36":0.0355559694,"37":0.0440677523,"38":0.0407702295,"39":0.0573744567,"40":0.0335541838,"41":0.0406741443,"42":0.0450256673,"43":0.0323467886,"44":0.0411952777,"45":0.0373883762,"46":0.0407606066,"47":0.0398914727,"48":0.0418017801,"49":0.0315760604,"50":0.0369734168,"51":0.0254576394,"52":0.0384262168,"53":0.025746619,"54":0.0398296588,"55":0.0252412306,"56":0.0401104728,"57":0.0242362093,"58":0.0348614107,"59":0.0272718715,"60":0.0291166491,"61":0.0310615034,"62":0.0355561108,"63":0.0264272307,"64":0.0280729046,"65":0.0346725925,"66":0.0332972015,"67":0.0240319812,"68":0.02480261,"69":0.0333739834,"70":0.0371193153,"71":0.0305187814,"72":0.0241524704,"73":0.0196478087,"74":0.0230086259,"75":0.0306769761,"76":0.0279729256,"77":0.0276433436,"78":0.0256432008,"79":0.0185067527,"80":0.031710541,"81":0.0240770243,"82":0.0296381548,"83":0.0271481369,"84":0.017601311,"85":0.0264560807,"86":0.0200003791,"87":0.0219632403,"88":0.0248102554,"89":0.0211974171,"90":0.0298831932},"acc":{"0":0.3586185277,"1":0.5449708104,"2":0.7306969762,"3":0.8271076679,"4":0.864357233,"5":0.8958681226,"6":0.9152754545,"7":0.9305092096,"8":0.9393781424,"9":0.9440734386,"10":0.9513772726,"11":0.9593071938,"12":0.9590985179,"13":0.9658806324,"14":0.9674457312,"15":0.9710976481,"16":0.9721410871,"17":0.9755843282,"18":0.971306324,"19":0.974958241,"20":0.9774624109,"21":0.9803839922,"22":0.978610158,"23":0.9815317392,"24":0.9792362452,"25":0.9833055139,"26":0.9844532609,"27":0.9814273715,"28":0.9839315414,"29":0.9862270355,"30":0.9853923321,"31":0.9829924703,"32":0.9862270355,"33":0.9836185575,"34":0.9853923321,"35":0.9876878262,"36":0.9890442491,"37":0.9864357114,"38":0.9880008101,"39":0.9837228656,"40":0.9912353754,"41":0.9882095456,"42":0.9880008101,"43":0.9908180237,"44":0.9870617986,"45":0.9890442491,"46":0.9886268973,"47":0.9887312055,"48":0.9896702766,"49":0.9898789525,"50":0.9900876284,"51":0.9929048419,"52":0.9906093478,"53":0.9935308695,"54":0.9889398813,"55":0.9923831224,"56":0.989357233,"57":0.9938439131,"58":0.9902963042,"59":0.9919657707,"60":0.9928004742,"61":0.9906093478,"62":0.990400672,"63":0.9925917983,"64":0.9918614626,"65":0.9905049801,"66":0.9912353754,"67":0.9936352372,"68":0.992696166,"69":0.9918614626,"70":0.9898789525,"71":0.9914440513,"72":0.9934265614,"73":0.9937395453,"74":0.9942612648,"75":0.9909223914,"76":0.9919657707,"77":0.9923831224,"78":0.9937395453,"79":0.9942612648,"80":0.9917570949,"81":0.9932178855,"82":0.9918614626,"83":0.9917570949,"84":0.9937395453,"85":0.9930092096,"86":0.9940525889,"87":0.9944699407,"88":0.9921744466,"89":0.9950959682,"90":0.9917570949},"val_loss":{"0":1.4043384273,"1":1.1149993396,"2":0.4068559369,"3":0.4319252551,"4":0.223395375,"5":0.220314091,"6":0.27046864,"7":0.1421701276,"8":0.159341348,"9":0.1753212133,"10":0.1665511208,"11":0.1020047539,"12":0.1589097608,"13":0.1361883306,"14":0.0817242045,"15":0.0717759239,"16":0.0640948368,"17":0.1020373317,"18":0.1059273345,"19":0.0679562889,"20":0.1133062449,"21":0.0977778728,"22":0.1154984368,"23":0.1169907935,"24":0.1010693659,"25":0.1399248111,"26":0.0652049637,"27":0.0512174883,"28":0.0629469099,"29":0.0773409418,"30":0.0926836697,"31":0.123159161,"32":0.0794608577,"33":0.1145788519,"34":0.0777828671,"35":0.0673646974,"36":0.0807609881,"37":0.1293979537,"38":0.0738253649,"39":0.1087321943,"40":0.0457158657,"41":0.0513858202,"42":0.0479478526,"43":0.0782906772,"44":0.0640404982,"45":0.0826902071,"46":0.0645643766,"47":0.0509762387,"48":0.0627919283,"49":0.0828228584,"50":0.0345921847,"51":0.0973019642,"52":0.0838952552,"53":0.1103989649,"54":0.081865483,"55":0.1012426344,"56":0.0487766155,"57":0.0588217178,"58":0.0793045481,"59":0.0778520367,"60":0.070227769,"61":0.0928086009,"62":0.0671051964,"63":0.1141402272,"64":0.0992656796,"65":0.0695333714,"66":0.0760843354,"67":0.0686641976,"68":0.094493618,"69":0.0790566083,"70":0.0314044428,"71":0.0580043693,"72":0.0553860526,"73":0.0626994147,"74":0.0851212816,"75":0.0887030853,"76":0.0740853888,"77":0.0513635459,"78":0.0673015013,"79":0.0921793102,"80":0.1020639198,"81":0.072363564,"82":0.0816649508,"83":0.0538982427,"84":0.1573197185,"85":0.0851199249,"86":0.0694065471,"87":0.0800759908,"88":0.0726039082,"89":0.0890063134,"90":0.0500190399},"val_acc":{"0":0.466911763,"1":0.6323529482,"2":0.8602941036,"3":0.8676470518,"4":0.9301470518,"5":0.9466911554,"6":0.9154411554,"7":0.9577205777,"8":0.9577205777,"9":0.9338235259,"10":0.9430146813,"11":0.9669117928,"12":0.9411764741,"13":0.9558823705,"14":0.9761029482,"15":0.9797794223,"16":0.9761029482,"17":0.96875,"18":0.96875,"19":0.9834558964,"20":0.9613970518,"21":0.9761029482,"22":0.96875,"23":0.9669117928,"24":0.9761029482,"25":0.9650735259,"26":0.9779411554,"27":0.9871323705,"28":0.9852941036,"29":0.9816176295,"30":0.9742646813,"31":0.9669117928,"32":0.9779411554,"33":0.9705882072,"34":0.9797794223,"35":0.9797794223,"36":0.9816176295,"37":0.9650735259,"38":0.9816176295,"39":0.96875,"40":0.9871323705,"41":0.9816176295,"42":0.9852941036,"43":0.9834558964,"44":0.9852941036,"45":0.9816176295,"46":0.9816176295,"47":0.9816176295,"48":0.9816176295,"49":0.9816176295,"50":0.9889705777,"51":0.9797794223,"52":0.9834558964,"53":0.9779411554,"54":0.9816176295,"55":0.9779411554,"56":0.9834558964,"57":0.9852941036,"58":0.9834558964,"59":0.9779411554,"60":0.9779411554,"61":0.9816176295,"62":0.9852941036,"63":0.9724264741,"64":0.9834558964,"65":0.9889705777,"66":0.9797794223,"67":0.9871323705,"68":0.9797794223,"69":0.9889705777,"70":0.9889705777,"71":0.9871323705,"72":0.9889705777,"73":0.9816176295,"74":0.9834558964,"75":0.9816176295,"76":0.9779411554,"77":0.9889705777,"78":0.9871323705,"79":0.9779411554,"80":0.9816176295,"81":0.9852941036,"82":0.9797794223,"83":0.9852941036,"84":0.9724264741,"85":0.9779411554,"86":0.9871323705,"87":0.9834558964,"88":0.9871323705,"89":0.9816176295,"90":0.9834558964}}