{"loss":{"0":1.7395531475,"1":1.3842115923,"2":1.0916760405,"3":0.8365887901,"4":0.6531809297,"5":0.516148069,"6":0.4277036475,"7":0.3662717682,"8":0.3253467939,"9":0.3064709491,"10":0.2634550445,"11":0.2348291891,"12":0.2233886244,"13":0.1971299697,"14":0.1891455881,"15":0.1845505552,"16":0.172287577,"17":0.171855089,"18":0.1563253465,"19":0.1462644138,"20":0.1398050689,"21":0.1400681382,"22":0.1248107334,"23":0.1402104172,"24":0.1269465761,"25":0.1086329133,"26":0.1221737081,"27":0.1014818415,"28":0.1168870898,"29":0.0937333779,"30":0.1036131721,"31":0.1003999484,"32":0.0926395526,"33":0.0879307267,"34":0.0954961928},"acc":{"0":0.3407005966,"1":0.4769599736,"2":0.5998749137,"3":0.713198483,"4":0.78659302,"5":0.8368431926,"6":0.8673895001,"7":0.88605088,"8":0.8997080922,"9":0.9030442238,"10":0.9221225977,"11":0.92472893,"12":0.9325479269,"13":0.9398456812,"14":0.9432860613,"15":0.9446413517,"16":0.9480817318,"17":0.9501668215,"18":0.9529816508,"19":0.9560049772,"20":0.9576730728,"21":0.9593411088,"22":0.9654920697,"23":0.958507061,"24":0.9629899859,"25":0.9659090638,"26":0.9643452764,"27":0.9713302851,"28":0.9659090638,"29":0.9719557762,"30":0.9689324498,"31":0.9717472792,"32":0.9738323689,"33":0.9717472792,"34":0.9719557762},"val_loss":{"0":1.7981476319,"1":1.0431658095,"2":0.8890642283,"3":0.5910694992,"4":0.4989178724,"5":0.4104042391,"6":0.312305218,"7":0.3125279881,"8":0.1555099385,"9":0.1645934803,"10":0.1386561035,"11":0.1373125334,"12":0.1536613445,"13":0.1823579635,"14":0.1024113324,"15":0.1754510654,"16":0.1806840791,"17":0.1239681807,"18":0.12800591,"19":0.1572518212,"20":0.1359377593,"21":0.1234526211,"22":0.1735758001,"23":0.1146508945,"24":0.1680385001,"25":0.1506719482,"26":0.1414500832,"27":0.1209316564,"28":0.1060645902,"29":0.1354001444,"30":0.1300890487,"31":0.1343910505,"32":0.1594444279,"33":0.1478866086,"34":0.12250818},"val_acc":{"0":0.341911763,"1":0.5863970518,"2":0.6415441036,"3":0.7702205777,"4":0.8547794223,"5":0.8584558964,"6":0.8897058964,"7":0.9099264741,"8":0.9540441036,"9":0.9577205777,"10":0.9577205777,"11":0.9632353187,"12":0.9669117928,"13":0.9613970518,"14":0.9834558964,"15":0.9485294223,"16":0.9411764741,"17":0.9632353187,"18":0.9669117928,"19":0.9595588446,"20":0.96875,"21":0.9724264741,"22":0.9669117928,"23":0.96875,"24":0.9632353187,"25":0.96875,"26":0.9632353187,"27":0.9705882072,"28":0.9742646813,"29":0.9595588446,"30":0.9724264741,"31":0.9613970518,"32":0.9650735259,"33":0.9724264741,"34":0.9705882072}}