{"loss":{"0":1.3303619353,"1":0.6603888694,"2":0.4436701366,"3":0.3297018287,"4":0.2480776193,"5":0.2005461123,"6":0.1697388355,"7":0.1702345877,"8":0.1399385392,"9":0.1252988538,"10":0.1191214721,"11":0.1125766595,"12":0.0959252369,"13":0.0868901239,"14":0.091277536,"15":0.0763714972,"16":0.0765841,"17":0.0736148458,"18":0.0680319781,"19":0.0663448556,"20":0.0569821651,"21":0.0530629269,"22":0.0678350654,"23":0.0495773843,"24":0.0506895249,"25":0.0369492733,"26":0.065991609,"27":0.0419768368,"28":0.0508282582,"29":0.0375734184,"30":0.0424744685,"31":0.0405351739,"32":0.0394235617,"33":0.0353872166,"34":0.0346622848,"35":0.0394632455,"36":0.0388047727,"37":0.0354270597,"38":0.0337126114,"39":0.0369776487,"40":0.0367557418,"41":0.0282506262,"42":0.0265200053,"43":0.0267160441,"44":0.035605034,"45":0.0225540236,"46":0.0331025429,"47":0.0309623567,"48":0.0289957608,"49":0.0250032113,"50":0.0272026504,"51":0.0238673789,"52":0.031488151,"53":0.0212754093,"54":0.0260597908,"55":0.0278922393,"56":0.0267356919,"57":0.0220407602,"58":0.0251281928,"59":0.017954582,"60":0.0236334372,"61":0.0220505158,"62":0.0224754908,"63":0.0179613783,"64":0.0242280591,"65":0.0203029803,"66":0.0218539739,"67":0.0193420422,"68":0.0242921909,"69":0.0233870243,"70":0.0172922002,"71":0.0178624099},"acc":{"0":0.507303834,"1":0.7703464031,"2":0.8513146639,"3":0.8897120357,"4":0.9198664427,"5":0.9344741106,"6":0.9466819763,"7":0.9455342293,"8":0.9552379251,"9":0.9595158696,"10":0.9632720947,"11":0.9644198418,"12":0.9693238735,"13":0.9706802964,"14":0.972454071,"15":0.9777754545,"16":0.9756886363,"17":0.9784014821,"18":0.9793405533,"19":0.9790275693,"20":0.9827837944,"21":0.983096838,"22":0.978297174,"23":0.9837228656,"24":0.9835141897,"25":0.9883138537,"26":0.9804883003,"27":0.9876878262,"28":0.984244585,"29":0.9897746444,"30":0.9881051779,"31":0.9887312055,"32":0.9880008101,"33":0.9907137156,"34":0.9895659685,"35":0.9873747826,"36":0.9888355732,"37":0.9901919961,"38":0.9889398813,"39":0.987896502,"40":0.990400672,"41":0.9901919961,"42":0.9920701385,"43":0.9910266995,"44":0.989357233,"45":0.9934265614,"46":0.9899833202,"47":0.9912353754,"48":0.991548419,"49":0.9919657707,"50":0.9917570949,"51":0.9930092096,"52":0.9901919961,"53":0.9942612648,"54":0.991548419,"55":0.9911310673,"56":0.9908180237,"57":0.9934265614,"58":0.9916527271,"59":0.9945743084,"60":0.9930092096,"61":0.9928004742,"62":0.9937395453,"63":0.9954090118,"64":0.9919657707,"65":0.9931135178,"66":0.9940525889,"67":0.9942612648,"68":0.9936352372,"69":0.9933221936,"70":0.9959307313,"71":0.9943656325},"val_loss":{"0":0.872580363,"1":0.7790750197,"2":0.3689848226,"3":0.318835299,"4":0.4113304568,"5":0.4671808893,"6":0.3204975867,"7":0.3234959481,"8":0.3374205136,"9":0.2848456286,"10":0.2745381093,"11":0.2139891585,"12":0.3985199138,"13":0.3509674789,"14":0.5775833667,"15":0.2821564679,"16":0.2408473879,"17":0.2579659172,"18":0.3743736188,"19":0.290183519,"20":0.2116022554,"21":0.2937925352,"22":0.3020491542,"23":0.2665220158,"24":0.2586008797,"25":0.3603017407,"26":0.2309090063,"27":0.2263367066,"28":0.2369454726,"29":0.2631153183,"30":0.2715989678,"31":0.230435359,"32":0.2896011018,"33":0.2233858621,"34":0.2679613346,"35":0.2504056527,"36":0.1867311632,"37":0.2516298169,"38":0.2125141607,"39":0.2603978997,"40":0.21611542,"41":0.245932849,"42":0.4968149807,"43":0.2445698958,"44":0.1968076532,"45":0.2216958798,"46":0.221782765,"47":0.2878101739,"48":0.230170255,"49":0.3618921016,"50":0.2745106191,"51":0.1750538633,"52":0.2379581883,"53":0.2504016548,"54":0.1835904842,"55":0.2868588458,"56":0.2114864408,"57":0.2822887085,"58":0.1905574487,"59":0.2116608626,"60":0.2201989998,"61":0.1933865024,"62":0.2889763922,"63":0.2137528316,"64":0.2087398358,"65":0.28645565,"66":0.2094786543,"67":0.2453455716,"68":0.2125037895,"69":0.2755678819,"70":0.2214084106,"71":0.4144233367},"val_acc":{"0":0.6452205777,"1":0.6893382072,"2":0.8860294223,"3":0.9136029482,"4":0.8621323705,"5":0.8639705777,"6":0.9080882072,"7":0.9172794223,"8":0.9099264741,"9":0.9375,"10":0.9393382072,"11":0.9485294223,"12":0.8952205777,"13":0.9246323705,"14":0.8382353187,"15":0.9411764741,"16":0.9430146813,"17":0.9283088446,"18":0.9025735259,"19":0.9393382072,"20":0.9540441036,"21":0.9375,"22":0.9393382072,"23":0.9430146813,"24":0.9522058964,"25":0.9430146813,"26":0.9558823705,"27":0.9485294223,"28":0.9540441036,"29":0.9577205777,"30":0.9577205777,"31":0.9595588446,"32":0.9301470518,"33":0.9595588446,"34":0.9522058964,"35":0.9503676295,"36":0.9650735259,"37":0.9613970518,"38":0.9669117928,"39":0.9430146813,"40":0.9613970518,"41":0.9485294223,"42":0.8841911554,"43":0.9577205777,"44":0.9613970518,"45":0.9503676295,"46":0.9503676295,"47":0.9393382072,"48":0.9577205777,"49":0.9356617928,"50":0.9540441036,"51":0.9595588446,"52":0.9595588446,"53":0.9595588446,"54":0.9669117928,"55":0.9522058964,"56":0.9632353187,"57":0.9522058964,"58":0.9558823705,"59":0.9595588446,"60":0.9595588446,"61":0.9669117928,"62":0.9430146813,"63":0.9595588446,"64":0.9595588446,"65":0.9558823705,"66":0.9613970518,"67":0.9595588446,"68":0.9558823705,"69":0.9613970518,"70":0.9650735259,"71":0.9338235259}}