{"loss":{"0":1.7885753377,"1":1.3476119059,"2":1.0445299154,"3":0.7588103742,"4":0.5807113131,"5":0.4578617757,"6":0.3696259415,"7":0.3041469296,"8":0.2600303029,"9":0.2305452672,"10":0.1969771312,"11":0.174953532,"12":0.1490387827,"13":0.1343043875,"14":0.1351635806,"15":0.1239290201,"16":0.097517894,"17":0.0910149072,"18":0.0956511466,"19":0.0764572947,"20":0.0836940566,"21":0.0811583104,"22":0.0713551095,"23":0.0712376705,"24":0.0639147864,"25":0.0668173667,"26":0.0626680232,"27":0.0585865709,"28":0.0562777741,"29":0.0403524554,"30":0.0684469118,"31":0.0460803082,"32":0.0571510575,"33":0.0513713246,"34":0.0451884085,"35":0.0461162119,"36":0.038177826,"37":0.0450917848,"38":0.0409383583,"39":0.0424472272,"40":0.0353899332,"41":0.0382013708,"42":0.044936664,"43":0.0340124384,"44":0.033645091,"45":0.039073904,"46":0.033442523,"47":0.0366696537,"48":0.027058156},"acc":{"0":0.3062969148,"1":0.4797748029,"2":0.6096747518,"3":0.7341534495,"4":0.8098415136,"5":0.8493536115,"6":0.8808382154,"7":0.9094036818,"8":0.9221225977,"9":0.9332777262,"10":0.943703115,"11":0.9479774833,"12":0.9563177824,"13":0.9592368603,"14":0.9622602463,"15":0.9661176205,"16":0.9715387821,"17":0.9734153748,"18":0.9716430306,"19":0.9798790812,"20":0.9757089019,"21":0.9790450335,"22":0.9807130694,"23":0.9809216261,"24":0.9801918268,"25":0.9804003239,"26":0.9819641113,"27":0.983840704,"28":0.9844661951,"29":0.9894703627,"30":0.9798790812,"31":0.987072587,"32":0.9847790003,"33":0.9861342907,"34":0.9867597818,"35":0.9862385392,"36":0.9882193208,"37":0.988740623,"38":0.9886363745,"39":0.9883236289,"40":0.9893661141,"41":0.9908257127,"42":0.9871768355,"43":0.9900959134,"44":0.9897831678,"45":0.9899916649,"46":0.9918681979,"47":0.9910342097,"48":0.9924937487},"val_loss":{"0":2.5663713585,"1":1.1724686158,"2":1.3172307584,"3":0.6673287359,"4":0.4384670828,"5":0.4404545032,"6":0.3647618125,"7":0.5531748848,"8":0.3367221145,"9":0.647054832,"10":1.1642111981,"11":0.2759193446,"12":0.2833639911,"13":1.1675324807,"14":0.2647799247,"15":0.1884296817,"16":0.3246114457,"17":0.1670376345,"18":0.2467788326,"19":0.4543439057,"20":0.3285070911,"21":0.2650003195,"22":0.2145825686,"23":0.3382324597,"24":0.2739737107,"25":0.448348565,"26":0.3724479596,"27":0.3531880701,"28":0.1282074422,"29":0.5149822236,"30":0.1475830921,"31":0.1746739701,"32":0.2008071813,"33":0.1885422318,"34":0.2463702174,"35":0.1681735381,"36":0.2004356427,"37":0.2616741552,"38":0.4111460678,"39":0.1822037274,"40":0.2016121414,"41":0.1586424611,"42":0.1708811639,"43":0.2942426062,"44":0.263909004,"45":0.1567045609,"46":0.1892359648,"47":0.3331198039,"48":0.2755241431},"val_acc":{"0":0.0404411778,"1":0.498161763,"2":0.408088237,"3":0.75,"4":0.84375,"5":0.8474264741,"6":0.8713235259,"7":0.8106617928,"8":0.8823529482,"9":0.7610294223,"10":0.6654411554,"11":0.9172794223,"12":0.9099264741,"13":0.6911764741,"14":0.9191176295,"15":0.9375,"16":0.9007353187,"17":0.9577205777,"18":0.9411764741,"19":0.8400735259,"20":0.9191176295,"21":0.9338235259,"22":0.9522058964,"23":0.8915441036,"24":0.9227941036,"25":0.8860294223,"26":0.9191176295,"27":0.9172794223,"28":0.9724264741,"29":0.8915441036,"30":0.9558823705,"31":0.9632353187,"32":0.9466911554,"33":0.9595588446,"34":0.9522058964,"35":0.9613970518,"36":0.9558823705,"37":0.9448529482,"38":0.8952205777,"39":0.9632353187,"40":0.9577205777,"41":0.9650735259,"42":0.96875,"43":0.9485294223,"44":0.9356617928,"45":0.9669117928,"46":0.9632353187,"47":0.9191176295,"48":0.9393382072}}