{"loss":{"0":1.7685504034,"1":1.2780768933,"2":0.9150142014,"3":0.6786625446,"4":0.5440381319,"5":0.4537069644,"6":0.3861706334,"7":0.3189506821,"8":0.2873773774,"9":0.2548588255,"10":0.2253661875,"11":0.2076816627,"12":0.2003391293,"13":0.1767273749,"14":0.1566087267,"15":0.1466820778,"16":0.1364437108,"17":0.1387509145,"18":0.1280479502,"19":0.1277861514,"20":0.1229536724,"21":0.1052174173,"22":0.1007226793,"23":0.101922868,"24":0.1101496925,"25":0.0901506035,"26":0.0996606495,"27":0.0957064657,"28":0.0781575021,"29":0.0880477699,"30":0.0797487398,"31":0.0735508143,"32":0.0683475963,"33":0.0755706767,"34":0.0650561474,"35":0.0663281171,"36":0.0643162774,"37":0.0764950409,"38":0.0690874729,"39":0.0803917593,"40":0.0578666723,"41":0.0588597878,"42":0.0703678655,"43":0.0623522651,"44":0.0585409245,"45":0.0558849639,"46":0.0508939712,"47":0.0599097297,"48":0.0485996507,"49":0.0591986417},"acc":{"0":0.3267306089,"1":0.5139699578,"2":0.6687864661,"3":0.7669933438,"4":0.8215179443,"5":0.8516471982,"6":0.8753127456,"7":0.8997080922,"8":0.9094036818,"9":0.9208715558,"10":0.9316096902,"11":0.9373435974,"12":0.9370308518,"13":0.945371151,"14":0.9516263604,"15":0.9526689053,"16":0.9559007287,"17":0.958507061,"18":0.9608006477,"19":0.9601751566,"20":0.9644495249,"21":0.9676814079,"22":0.9708089828,"23":0.967889905,"24":0.9657005668,"25":0.9740408659,"26":0.9700792432,"27":0.9728940725,"28":0.9750834107,"29":0.9737281203,"30":0.9746664166,"31":0.979357779,"32":0.9786280394,"33":0.9775854945,"34":0.9816513658,"35":0.9809216261,"36":0.982172668,"37":0.9792535305,"38":0.9824854136,"39":0.9788365364,"40":0.9829024076,"41":0.9822769165,"42":0.9801918268,"43":0.9798790812,"44":0.9827981591,"45":0.9849874973,"46":0.9847790003,"47":0.9841534495,"48":0.9860300422,"49":0.9851959944},"val_loss":{"0":1.7897061425,"1":1.0703225513,"2":1.3339073702,"3":0.5356262445,"4":0.3989494771,"5":0.5872331091,"6":0.4600711744,"7":0.8312581343,"8":0.3654940544,"9":0.449071326,"10":0.7877842881,"11":0.2692656425,"12":0.9160767637,"13":0.2647305356,"14":0.1897022793,"15":0.2411360132,"16":0.2244722457,"17":0.2641933222,"18":0.344605002,"19":0.716909626,"20":0.2393437676,"21":0.3490124876,"22":0.2227768338,"23":0.2548213498,"24":0.1534294901,"25":0.4540630594,"26":1.564214557,"27":0.1663621946,"28":0.149038659,"29":0.1121087398,"30":0.289021369,"31":0.1222113265,"32":0.4653140825,"33":0.2413752696,"34":0.4722637177,"35":0.2065043392,"36":0.341718726,"37":0.3487580061,"38":0.4262895322,"39":0.228785672,"40":0.1964763388,"41":0.3442762489,"42":0.5812124191,"43":0.4238423717,"44":0.2775198207,"45":0.1375869562,"46":0.2436361168,"47":0.2061220891,"48":0.3678807138,"49":0.1244478541},"val_acc":{"0":0.1617647111,"1":0.5036764741,"2":0.4650735259,"3":0.7720588446,"4":0.8474264741,"5":0.7757353187,"6":0.8419117928,"7":0.7444853187,"8":0.8602941036,"9":0.8235294223,"10":0.7647058964,"11":0.9172794223,"12":0.7224264741,"13":0.9154411554,"14":0.9227941036,"15":0.9209558964,"16":0.9227941036,"17":0.9191176295,"18":0.875,"19":0.8419117928,"20":0.9338235259,"21":0.9025735259,"22":0.9227941036,"23":0.9191176295,"24":0.9540441036,"25":0.8676470518,"26":0.6525735259,"27":0.9375,"28":0.9632353187,"29":0.9669117928,"30":0.9117646813,"31":0.9669117928,"32":0.8474264741,"33":0.9172794223,"34":0.8529411554,"35":0.9264705777,"36":0.8878676295,"37":0.8841911554,"38":0.8915441036,"39":0.9375,"40":0.9375,"41":0.8933823705,"42":0.84375,"43":0.8584558964,"44":0.9430146813,"45":0.9540441036,"46":0.9283088446,"47":0.9375,"48":0.8897058964,"49":0.9577205777}}