{"loss":{"0":1.5603167622,"1":0.9031683331,"2":0.6557265359,"3":0.4840849463,"4":0.3856555784,"5":0.3290770304,"6":0.2685391451,"7":0.2540114511,"8":0.2307074153,"9":0.1975435664,"10":0.1822689952,"11":0.1675118231,"12":0.1615988168,"13":0.1550210058,"14":0.137531397,"15":0.1467895983,"16":0.1286797818,"17":0.1174324256,"18":0.1382511288,"19":0.1155947727,"20":0.1193405787,"21":0.1030317993,"22":0.0951904198,"23":0.1073304612,"24":0.0991815032,"25":0.0939263605,"26":0.0897219345,"27":0.0867345134,"28":0.0950136995,"29":0.0818820977,"30":0.0765704742,"31":0.0838814408,"32":0.0898234613,"33":0.067687053,"34":0.0711988566,"35":0.0840858805,"36":0.08510301,"37":0.0662573454,"38":0.0812753691,"39":0.0609686752,"40":0.0622005953,"41":0.0662867874,"42":0.0697912154,"43":0.0697336241,"44":0.0632908502,"45":0.0622897183,"46":0.0672930805,"47":0.0619806923,"48":0.059809424,"49":0.0727396841,"50":0.0465630783,"51":0.0621465151,"52":0.0604021142,"53":0.0515964226},"acc":{"0":0.415692836,"1":0.6592237353,"2":0.7607470751,"3":0.8303422332,"4":0.8621661067,"5":0.8885642886,"6":0.9091193676,"7":0.9126669168,"8":0.9225792885,"9":0.9314482212,"10":0.9388564229,"11":0.9427170157,"12":0.9475166798,"13":0.9504382014,"14":0.9536727667,"15":0.9527336955,"16":0.9566986561,"17":0.962541759,"18":0.9539858103,"19":0.961394012,"20":0.9611853361,"21":0.9680717587,"22":0.9688021541,"23":0.9660893083,"24":0.9682804942,"25":0.9693238735,"26":0.9712020159,"27":0.9725584388,"28":0.9702629447,"29":0.9739148617,"30":0.9776711464,"31":0.9739148617,"32":0.9722453952,"33":0.9762103558,"34":0.9760016799,"35":0.9722453952,"36":0.9727671146,"37":0.9789232016,"38":0.9778798223,"39":0.9806969762,"40":0.9816360474,"41":0.9785058498,"42":0.978610158,"43":0.9765233994,"44":0.9814273715,"45":0.9803839922,"46":0.9771494269,"47":0.979444921,"48":0.9818447232,"49":0.9769407511,"50":0.9853923321,"51":0.979444921,"52":0.9792362452,"53":0.9836185575},"val_loss":{"0":1.4985994618,"1":1.1590905365,"2":1.0572964729,"3":0.9718021295,"4":0.3647888315,"5":3.7149144648,"6":1.1614021164,"7":0.4792252994,"8":0.5768590349,"9":0.7485386488,"10":0.6890238914,"11":0.7111050919,"12":0.4509259837,"13":0.2827582753,"14":0.9818229457,"15":0.5363712249,"16":0.6510761571,"17":0.8397891304,"18":0.4660783341,"19":0.3317838827,"20":0.3585362944,"21":0.389135628,"22":0.4174030648,"23":1.5521349423,"24":1.1548547408,"25":0.8517788516,"26":0.3972175609,"27":0.4181757244,"28":0.9287119927,"29":0.7303066896,"30":0.4457112786,"31":0.4916861795,"32":0.3051753314,"33":0.2425724931,"34":0.3159571706,"35":1.0758214066,"36":0.3866420968,"37":0.3638743428,"38":0.3103861702,"39":0.2905480998,"40":0.4444647935,"41":0.249692248,"42":0.305379191,"43":0.4038067164,"44":0.3794931705,"45":0.3167177876,"46":0.5154375163,"47":0.443253206,"48":0.4083818538,"49":0.6021652329,"50":0.5210538296,"51":0.2904284656,"52":0.2961644604,"53":0.2588478064},"val_acc":{"0":0.4430147111,"1":0.5441176295,"2":0.5827205777,"3":0.6580882072,"4":0.8639705777,"5":0.2647058964,"6":0.6507353187,"7":0.8253676295,"8":0.7757353187,"9":0.7683823705,"10":0.7794117928,"11":0.7830882072,"12":0.8474264741,"13":0.9191176295,"14":0.7408088446,"15":0.8639705777,"16":0.8106617928,"17":0.7591911554,"18":0.8768382072,"19":0.8988970518,"20":0.9044117928,"21":0.8933823705,"22":0.8878676295,"23":0.7040441036,"24":0.7922794223,"25":0.7996323705,"26":0.8915441036,"27":0.8786764741,"28":0.7610294223,"29":0.7261029482,"30":0.875,"31":0.8272058964,"32":0.9154411554,"33":0.9172794223,"34":0.9080882072,"35":0.6875,"36":0.8658088446,"37":0.8860294223,"38":0.9117646813,"39":0.9375,"40":0.8860294223,"41":0.9246323705,"42":0.9080882072,"43":0.8952205777,"44":0.8915441036,"45":0.9007353187,"46":0.8566176295,"47":0.8823529482,"48":0.8860294223,"49":0.8584558964,"50":0.8694853187,"51":0.9393382072,"52":0.9117646813,"53":0.9172794223}}