{"loss":{"0":1.3776816024,"1":0.507530129,"2":0.3045914926,"3":0.2325673575,"4":0.1679080877,"5":0.1561616935,"6":0.1332326982,"7":0.1092368509,"8":0.1045232359,"9":0.0868389297,"10":0.0827739698,"11":0.0875877463,"12":0.0728209763,"13":0.069430339,"14":0.0617411359,"15":0.0548368526,"16":0.0607153871,"17":0.0554619751,"18":0.0414166961,"19":0.0475482474,"20":0.0500443047,"21":0.0437449798,"22":0.0438556768,"23":0.0444783495,"24":0.0423714309,"25":0.0349710941,"26":0.0430169012,"27":0.0335172191,"28":0.0364356166,"29":0.0288607241,"30":0.0295364253,"31":0.0310685418,"32":0.0326482914},"acc":{"0":0.4864357114,"1":0.8190734386,"2":0.8969115019,"3":0.9196577668,"4":0.9456385374,"5":0.9476210475,"6":0.9552379251,"7":0.9674457312,"8":0.9655675888,"9":0.9720367193,"10":0.9736018181,"11":0.9703672528,"12":0.9765233994,"13":0.978610158,"14":0.9808013439,"15":0.9840359092,"16":0.9818447232,"17":0.9829924703,"18":0.986748755,"19":0.9861227274,"20":0.9862270355,"21":0.9863314033,"22":0.986748755,"23":0.9874791503,"24":0.9868530631,"25":0.9892529249,"26":0.9871661067,"27":0.9899833202,"28":0.9891485572,"29":0.9920701385,"30":0.9908180237,"31":0.9921744466,"32":0.9909223914},"val_loss":{"0":1.3038919331,"1":0.7594957474,"2":0.7741603523,"3":0.3786814309,"4":0.3806400411,"5":3.0267602516,"6":0.3444752819,"7":0.2876532626,"8":0.7790703889,"9":0.7347665624,"10":1.229300848,"11":0.2671691869,"12":0.1835540139,"13":0.2966679586,"14":0.2472743008,"15":0.2309727454,"16":0.2475418234,"17":0.3398134027,"18":0.9404682421,"19":0.9664529338,"20":0.9259304604,"21":0.248176924,"22":0.2114419805,"23":0.2328202419,"24":0.4330537648,"25":0.2865791538,"26":0.3411282616,"27":0.2295520613,"28":0.23685512,"29":0.283647156,"30":0.5348682069,"31":0.2083918778,"32":0.2230883919},"val_acc":{"0":0.4742647111,"1":0.7003676295,"2":0.7113970518,"3":0.8768382072,"4":0.8768382072,"5":0.6397058964,"6":0.8933823705,"7":0.9246323705,"8":0.8290441036,"9":0.8400735259,"10":0.6654411554,"11":0.9191176295,"12":0.9503676295,"13":0.9136029482,"14":0.9209558964,"15":0.9301470518,"16":0.9356617928,"17":0.9044117928,"18":0.8272058964,"19":0.7371323705,"20":0.7922794223,"21":0.9246323705,"22":0.9595588446,"23":0.9393382072,"24":0.875,"25":0.9338235259,"26":0.90625,"27":0.9448529482,"28":0.9319853187,"29":0.9375,"30":0.9007353187,"31":0.9558823705,"32":0.9448529482}}