{"loss":{"0":1.3894195294,"1":0.5390844421,"2":0.3224779378,"3":0.2220901908,"4":0.1924563639,"5":0.1609618309,"6":0.1267924065,"7":0.1133540816,"8":0.1049755347,"9":0.0850970411,"10":0.0935776743,"11":0.0694675712,"12":0.070252237,"13":0.0633236154,"14":0.0713834224,"15":0.0576474296,"16":0.0530556098,"17":0.0498360839,"18":0.057361043,"19":0.0418148366,"20":0.0433237475,"21":0.0472628773,"22":0.0430748336,"23":0.0483435623,"24":0.0387957704,"25":0.0399768651,"26":0.0298817578,"27":0.0275229197,"28":0.0429433773,"29":0.0271277205,"30":0.0343066206,"31":0.0361375857,"32":0.0233225358,"33":0.0370652838,"34":0.0219713649,"35":0.0341332998,"36":0.0233753484,"37":0.0405022166,"38":0.0235190081,"39":0.0232072008,"40":0.0296835286,"41":0.0250953254,"42":0.0202331825,"43":0.0222353124,"44":0.0194005004,"45":0.0314255456},"acc":{"0":0.4780884683,"1":0.8050917983,"2":0.8893989921,"3":0.9256051779,"4":0.9356218576,"5":0.9476210475,"6":0.9584724307,"7":0.9634808302,"8":0.9674457312,"9":0.9737061858,"10":0.9717237353,"11":0.9788188934,"12":0.9776711464,"13":0.9801753163,"14":0.9772537351,"15":0.983409822,"16":0.9825751185,"17":0.9852879643,"18":0.9808013439,"19":0.9874791503,"20":0.9873747826,"21":0.9838272333,"22":0.9865400791,"23":0.9863314033,"24":0.9876878262,"25":0.9884182215,"26":0.9898789525,"27":0.9905049801,"28":0.9872704744,"29":0.9917570949,"30":0.9898789525,"31":0.9907137156,"32":0.9935308695,"33":0.9884182215,"34":0.9925917983,"35":0.9910266995,"36":0.9931135178,"37":0.9886268973,"38":0.9934265614,"39":0.9932178855,"40":0.9911310673,"41":0.9920701385,"42":0.9939482212,"43":0.9932178855,"44":0.9944699407,"45":0.991548419},"val_loss":{"0":3.2885499439,"1":0.6484760855,"2":0.5186208179,"3":0.2990076818,"4":0.4712487991,"5":1.7537001226,"6":0.4636633877,"7":0.5728647705,"8":0.6149982318,"9":0.7186476032,"10":0.1800408094,"11":0.2070045199,"12":0.1781034109,"13":0.3409422325,"14":0.2418372933,"15":0.6776042156,"16":0.2319802038,"17":0.7458753565,"18":0.1887362053,"19":0.243396698,"20":0.4654156143,"21":0.2489995288,"22":0.3798305243,"23":0.5417324342,"24":0.7326598543,"25":0.1549870248,"26":0.662627635,"27":0.4225226229,"28":0.1989476841,"29":0.209731302,"30":1.7767599896,"31":0.6124551269,"32":0.3491634033,"33":0.5096934019,"34":0.1922094873,"35":0.3541494206,"36":0.4262568858,"37":0.5947073646,"38":0.2206897478,"39":0.4720488412,"40":0.4572531195,"41":1.4280333197,"42":0.2559934786,"43":0.3674323384,"44":0.3793896797,"45":0.3409396098},"val_acc":{"0":0.2058823556,"1":0.7297794223,"2":0.8069853187,"3":0.8860294223,"4":0.8125,"5":0.6709558964,"6":0.8547794223,"7":0.8290441036,"8":0.7977941036,"9":0.7922794223,"10":0.9356617928,"11":0.9430146813,"12":0.9540441036,"13":0.9191176295,"14":0.9375,"15":0.8455882072,"16":0.9466911554,"17":0.8198529482,"18":0.9613970518,"19":0.9338235259,"20":0.8768382072,"21":0.9301470518,"22":0.8952205777,"23":0.8345588446,"24":0.8051470518,"25":0.9650735259,"26":0.8069853187,"27":0.9099264741,"28":0.9613970518,"29":0.9650735259,"30":0.7757353187,"31":0.8621323705,"32":0.9227941036,"33":0.9044117928,"34":0.9577205777,"35":0.9209558964,"36":0.8970588446,"37":0.8768382072,"38":0.9595588446,"39":0.8694853187,"40":0.8786764741,"41":0.7702205777,"42":0.9595588446,"43":0.9246323705,"44":0.9632353187,"45":0.9246323705}}