{"loss":{"0":1.6380620631,"1":0.8322146641,"2":0.3658027014,"3":0.2114747457,"4":0.1591270145,"5":0.1231257069,"6":0.0913712795,"7":0.0730045496,"8":0.075987994,"9":0.0569064278,"10":0.0568514209,"11":0.0569776744,"12":0.0400774622,"13":0.0376719476,"14":0.0517722508,"15":0.0420983959,"16":0.0372133756,"17":0.0359495151,"18":0.0381207848,"19":0.0294606406,"20":0.0341747083,"21":0.0318434769,"22":0.0324751342,"23":0.0217382549,"24":0.0328499977,"25":0.0326108494,"26":0.0195162097,"27":0.022520481},"acc":{"0":0.3913814723,"1":0.6880217195,"2":0.8757303953,"3":0.9298831224,"4":0.9467862844,"5":0.9600375891,"6":0.9702629447,"7":0.9771494269,"8":0.9763146639,"9":0.9832011461,"10":0.9821577668,"11":0.9820533991,"12":0.9864357114,"13":0.9866443872,"14":0.9839315414,"15":0.9882095456,"16":0.9883138537,"17":0.9901919961,"18":0.9888355732,"19":0.9920701385,"20":0.9897746444,"21":0.9889398813,"22":0.9899833202,"23":0.9934265614,"24":0.9900876284,"25":0.9907137156,"26":0.9932178855,"27":0.9938439131},"val_loss":{"0":2.1605254324,"1":0.8747451641,"2":0.4766531914,"3":1.2541542693,"4":2.4859942776,"5":0.3727828117,"6":0.5068721023,"7":0.3288744841,"8":0.8947491792,"9":3.6349938309,"10":1.5548413295,"11":0.5876696463,"12":0.3693777835,"13":0.7485591603,"14":0.4314287583,"15":0.8687638307,"16":5.0463395515,"17":0.9517473107,"18":0.4751366692,"19":0.5265387875,"20":0.3537802807,"21":0.8479728724,"22":0.7307163977,"23":0.4124689247,"24":0.9606359818,"25":1.1910737596,"26":4.5427459987,"27":0.6642963006},"val_acc":{"0":0.189338237,"1":0.6819853187,"2":0.8308823705,"3":0.5147058964,"4":0.6452205777,"5":0.8933823705,"6":0.8933823705,"7":0.9191176295,"8":0.8180146813,"9":0.6011029482,"10":0.7610294223,"11":0.8676470518,"12":0.9356617928,"13":0.7665441036,"14":0.9356617928,"15":0.8474264741,"16":0.6654411554,"17":0.8584558964,"18":0.9485294223,"19":0.8143382072,"20":0.9411764741,"21":0.9080882072,"22":0.8823529482,"23":0.9338235259,"24":0.8988970518,"25":0.8308823705,"26":0.6194853187,"27":0.9283088446}}