{"loss":{"0":1.5097324852,"1":0.8282405848,"2":0.5601181723,"3":0.4280235802,"4":0.3541779419,"5":0.2845358727,"6":0.241598718,"7":0.2065097816,"8":0.1884096199,"9":0.1793640834,"10":0.181199194,"11":0.1682437672,"12":0.1369815409,"13":0.1486479364,"14":0.1569130436,"15":0.1293477169,"16":0.1232481683,"17":0.1270791873,"18":0.1190604703,"19":0.1118764316,"20":0.1144401741,"21":0.1067082283,"22":0.1058308322,"23":0.0989281551,"24":0.0976790589,"25":0.0927719743,"26":0.0827753748,"27":0.0855305528,"28":0.0846271726,"29":0.0897993125},"acc":{"0":0.4372393787,"1":0.6924520731,"2":0.8015012741,"3":0.8533152342,"4":0.8806297183,"5":0.9063802958,"6":0.9173269272,"7":0.9290033579,"8":0.9371351004,"9":0.9399499297,"10":0.9386988878,"11":0.9431818128,"12":0.9533986449,"13":0.9523561597,"14":0.9501668215,"15":0.9594453573,"16":0.9592368603,"17":0.9586113691,"18":0.9603836536,"19":0.9641367793,"20":0.9616346955,"21":0.9643452764,"22":0.9651793242,"23":0.9676814079,"24":0.9686197042,"25":0.969557941,"26":0.9737281203,"27":0.9726855755,"28":0.9726855755,"29":0.9715387821},"val_loss":{"0":1.4787108144,"1":0.8549269026,"2":1.8375391127,"3":0.6937800205,"4":0.8978853559,"5":1.7242709061,"6":0.371404044,"7":0.3893486084,"8":0.4554871108,"9":0.2956356191,"10":0.5886083477,"11":0.3539829108,"12":0.6376869045,"13":0.4165445176,"14":0.3763295648,"15":0.4072837975,"16":0.8234637743,"17":0.4137462713,"18":0.7370767652,"19":0.410332243,"20":0.5430685144,"21":0.5798082189,"22":1.0564495529,"23":2.3967572306,"24":0.4039815732,"25":0.3383414632,"26":0.4874405921,"27":0.4300978858,"28":0.3184911208,"29":0.3674900981},"val_acc":{"0":0.373161763,"1":0.6893382072,"2":0.373161763,"3":0.7886029482,"4":0.7261029482,"5":0.6213235259,"6":0.8713235259,"7":0.8805146813,"8":0.8621323705,"9":0.9007353187,"10":0.7830882072,"11":0.8768382072,"12":0.8419117928,"13":0.875,"14":0.8731617928,"15":0.8713235259,"16":0.7555146813,"17":0.8566176295,"18":0.8253676295,"19":0.8713235259,"20":0.8382353187,"21":0.8621323705,"22":0.7242646813,"23":0.6011029482,"24":0.8786764741,"25":0.8897058964,"26":0.8400735259,"27":0.8602941036,"28":0.9080882072,"29":0.8860294223}}