{"loss":{"0":1.7642953447,"1":1.3522190347,"2":0.9988164912,"3":0.7067434127,"4":0.508894732,"5":0.400148798,"6":0.3174596451,"7":0.2538765382,"8":0.2007770123,"9":0.1878889493,"10":0.1679611627,"11":0.1511184106,"12":0.1355777655,"13":0.1238000741,"14":0.0978944378,"15":0.1037521059,"16":0.1026983663,"17":0.0927203419,"18":0.0979810893,"19":0.0815304658,"20":0.0899056621,"21":0.0657323031,"22":0.0665890754,"23":0.0628839978,"24":0.0622428995,"25":0.07432445,"26":0.0459276179,"27":0.0587489386,"28":0.0515228122,"29":0.0457479022,"30":0.0580598746,"31":0.0466100742,"32":0.0512314209,"33":0.0479269146,"34":0.0313423919,"35":0.0396112101,"36":0.0459164085,"37":0.0449096285,"38":0.0346902106,"39":0.0421093327,"40":0.0376922055,"41":0.0420850986,"42":0.0367661409,"43":0.0384924909,"44":0.0289772458,"45":0.0269962262},"acc":{"0":0.3280858994,"1":0.4827981591,"2":0.6364678741,"3":0.7584445477,"4":0.8376772404,"5":0.8772935867,"6":0.9050250053,"7":0.9244161844,"8":0.9403669834,"9":0.943911612,"10":0.9478732347,"11":0.9570475221,"12":0.9588198662,"13":0.9641367793,"14":0.9710175395,"15":0.9712260365,"16":0.9714345336,"17":0.9743536115,"18":0.9742493629,"19":0.9784195423,"20":0.97445786,"21":0.9814428687,"22":0.9818598628,"23":0.9820684195,"24":0.9820684195,"25":0.9812343717,"26":0.9873853326,"27":0.9854044914,"28":0.9853002429,"29":0.9863427877,"30":0.9842576981,"31":0.9867597818,"32":0.9844661951,"33":0.9868640304,"34":0.9915554523,"35":0.9895746708,"36":0.9890533686,"37":0.9884278774,"38":0.990617156,"39":0.9888448715,"40":0.9892618656,"41":0.9886363745,"42":0.9903044105,"43":0.9897831678,"44":0.9908257127,"45":0.9935362935},"val_loss":{"0":2.0282222769,"1":1.7955255333,"2":1.7785839438,"3":0.5702764725,"4":0.8669901289,"5":1.1705784632,"6":1.1964150286,"7":0.4175068188,"8":2.3511523797,"9":0.3209656982,"10":0.8313579165,"11":0.3398997749,"12":0.5108650576,"13":0.973378753,"14":0.4343608626,"15":0.3541265228,"16":0.203047533,"17":0.7298892501,"18":0.2505697405,"19":0.8262732144,"20":0.2307678229,"21":0.225774141,"22":0.3603229007,"23":0.3588899644,"24":0.5091761064,"25":0.196441559,"26":0.4764207942,"27":0.3186763108,"28":0.2809675958,"29":0.2786634389,"30":0.4150534386,"31":0.2826485088,"32":0.3501466069,"33":0.2833812778,"34":0.2601880833,"35":0.5082242145,"36":0.6583399849,"37":0.2029213039,"38":0.2822211839,"39":0.2561607085,"40":0.5591662794,"41":0.3038803444,"42":0.3992000812,"43":0.2654119363,"44":0.2957905832,"45":0.2981192618},"val_acc":{"0":0.1819852889,"1":0.2463235259,"2":0.2316176444,"3":0.7738970518,"4":0.6783088446,"5":0.6819853187,"6":0.6599264741,"7":0.8566176295,"8":0.3602941036,"9":0.9080882072,"10":0.7959558964,"11":0.8988970518,"12":0.8455882072,"13":0.7555146813,"14":0.8768382072,"15":0.8878676295,"16":0.9558823705,"17":0.7959558964,"18":0.9301470518,"19":0.7555146813,"20":0.9319853187,"21":0.9522058964,"22":0.8915441036,"23":0.8933823705,"24":0.8400735259,"25":0.9301470518,"26":0.8713235259,"27":0.90625,"28":0.9448529482,"29":0.9136029482,"30":0.8988970518,"31":0.9191176295,"32":0.9191176295,"33":0.9283088446,"34":0.9522058964,"35":0.8694853187,"36":0.84375,"37":0.9650735259,"38":0.9301470518,"39":0.9246323705,"40":0.9080882072,"41":0.9411764741,"42":0.8970588446,"43":0.9375,"44":0.9338235259,"45":0.9540441036}}