{"loss":{"0":1.6127384442,"1":0.734834259,"2":0.3148594982,"3":0.2045029256,"4":0.1469385303,"5":0.1219917262,"6":0.1008742002,"7":0.0852844441,"8":0.0810330502,"9":0.0650412582,"10":0.0602293139,"11":0.0609145841,"12":0.045916479,"13":0.0531138321,"14":0.0611605654,"15":0.0344571395,"16":0.0469863716,"17":0.0375931675,"18":0.0382882928,"19":0.0488472172,"20":0.0248861213,"21":0.031561892,"22":0.0364352161,"23":0.0352536865,"24":0.0340209123,"25":0.0235074888,"26":0.037016813,"27":0.0340925478,"28":0.0149558852,"29":0.0239563673,"30":0.0279954312,"31":0.0266795559,"32":0.0339088534,"33":0.0248603688,"34":0.0241109863,"35":0.0322045176,"36":0.0245194525,"37":0.022132969,"38":0.0187967222},"acc":{"0":0.4006677866,"1":0.7226627469,"2":0.8935726285,"3":0.9313439131,"4":0.9510642886,"5":0.9610809684,"6":0.9653589129,"7":0.9729757905,"8":0.9739148617,"9":0.9801753163,"10":0.9815317392,"11":0.9811143279,"12":0.9853923321,"13":0.984244585,"14":0.9818447232,"15":0.9892529249,"16":0.9848706126,"17":0.9885225296,"18":0.9880008101,"19":0.9863314033,"20":0.992696166,"21":0.990400672,"22":0.989357233,"23":0.9892529249,"24":0.990400672,"25":0.9924874902,"26":0.9895659685,"27":0.9897746444,"28":0.9960350394,"29":0.9929048419,"30":0.9925917983,"31":0.9923831224,"32":0.9911310673,"33":0.9935308695,"34":0.9936352372,"35":0.9914440513,"36":0.9931135178,"37":0.9935308695,"38":0.9940525889},"val_loss":{"0":1.7477907433,"1":1.9611978575,"2":1.5152168752,"3":0.4660964317,"4":0.4902886764,"5":1.0219739165,"6":0.2327734452,"7":0.2244418022,"8":0.549473997,"9":0.199834425,"10":0.2608240742,"11":1.3421853399,"12":2.2882999368,"13":0.3192159727,"14":0.2000160491,"15":0.2499733209,"16":0.4233919619,"17":1.2519751935,"18":0.1814600742,"19":0.2826321193,"20":0.1977312588,"21":0.7881866812,"22":1.8841263915,"23":3.6369534781,"24":0.4573801363,"25":0.2070691634,"26":0.3715026694,"27":0.2619253256,"28":0.4698480252,"29":0.541627727,"30":0.4349748174,"31":2.898125457,"32":0.2928418609,"33":0.3086388111,"34":0.2869200643,"35":0.4879403626,"36":0.1949605272,"37":0.2206326368,"38":0.2853441969},"val_acc":{"0":0.3161764741,"1":0.4411764741,"2":0.5661764741,"3":0.8492646813,"4":0.8455882072,"5":0.8125,"6":0.9375,"7":0.9264705777,"8":0.8327205777,"9":0.9503676295,"10":0.9283088446,"11":0.7463235259,"12":0.6654411554,"13":0.9136029482,"14":0.9613970518,"15":0.9356617928,"16":0.8511029482,"17":0.7665441036,"18":0.9577205777,"19":0.9209558964,"20":0.9724264741,"21":0.8731617928,"22":0.7665441036,"23":0.6378676295,"24":0.9264705777,"25":0.9650735259,"26":0.9319853187,"27":0.9577205777,"28":0.90625,"29":0.9099264741,"30":0.9227941036,"31":0.7794117928,"32":0.9375,"33":0.9411764741,"34":0.9613970518,"35":0.9227941036,"36":0.9558823705,"37":0.9466911554,"38":0.9650735259}}