{"loss":{"0":1.8084614349,"1":1.3285036287,"2":0.9152357026,"3":0.6379871494,"4":0.4735908275,"5":0.3818629899,"6":0.3227887745,"7":0.2553810254,"8":0.2137513885,"9":0.2026911675,"10":0.1622772066,"11":0.15789667,"12":0.1356958588,"13":0.1423227926,"14":0.1206303596,"15":0.110698896,"16":0.1080910371,"17":0.0977320481,"18":0.0972605359,"19":0.0885328098,"20":0.0737729532,"21":0.0799976932,"22":0.0743834123,"23":0.0728345563,"24":0.0584060868,"25":0.0684307098,"26":0.063432088,"27":0.0605464328,"28":0.0539414161,"29":0.0676244124,"30":0.0455626898,"31":0.0538310361,"32":0.0527583447,"33":0.0467596081,"34":0.0457531446,"35":0.0506975238,"36":0.0475154524},"acc":{"0":0.2970183492,"1":0.4882193506,"2":0.6748331785,"3":0.783778131,"4":0.8436197042,"5":0.8804211617,"6":0.9018974304,"7":0.9210800529,"8":0.9346330166,"9":0.9397414327,"10":0.9506880641,"11":0.9540241957,"12":0.9599666595,"13":0.9586113691,"14":0.9674729109,"15":0.9676814079,"16":0.9696621895,"17":0.9721643329,"18":0.972789824,"19":0.9760217071,"20":0.9785237908,"21":0.9777939916,"22":0.9789407849,"23":0.9798790812,"24":0.9835279584,"25":0.9810258746,"26":0.9834237099,"27":0.9845705032,"28":0.9850917459,"29":0.9814428687,"30":0.9871768355,"31":0.9849874973,"32":0.9865512848,"33":0.9868640304,"34":0.9891576171,"35":0.9863427877,"36":0.9876980782},"val_loss":{"0":1.9314644705,"1":1.4663064524,"2":1.1614429276,"3":1.3584598355,"4":0.6243737874,"5":0.4914420613,"6":0.4448166799,"7":0.5306471355,"8":0.409980572,"9":0.3228085836,"10":0.4772839549,"11":0.5424225502,"12":0.3221536107,"13":0.1958054168,"14":0.3793801661,"15":0.2435686831,"16":0.1688491274,"17":0.3018229159,"18":0.3141173479,"19":0.1978219793,"20":0.1935957458,"21":0.2239492122,"22":0.2613022238,"23":0.2583898567,"24":0.2430156603,"25":0.2189433785,"26":0.1855366184,"27":0.2359584397,"28":0.2002408354,"29":0.3974635774,"30":0.3099283316,"31":0.3076523671,"32":0.326046279,"33":0.1846694665,"34":0.188194803,"35":0.2246744777,"36":0.2392145359},"val_acc":{"0":0.3676470518,"1":0.3253676593,"2":0.5459558964,"3":0.4191176593,"4":0.7757353187,"5":0.8272058964,"6":0.8621323705,"7":0.8400735259,"8":0.875,"9":0.8860294223,"10":0.84375,"11":0.8621323705,"12":0.8970588446,"13":0.9375,"14":0.8988970518,"15":0.9264705777,"16":0.9466911554,"17":0.9191176295,"18":0.8952205777,"19":0.9503676295,"20":0.9558823705,"21":0.9430146813,"22":0.9227941036,"23":0.9375,"24":0.9283088446,"25":0.9485294223,"26":0.9485294223,"27":0.9577205777,"28":0.9522058964,"29":0.8768382072,"30":0.9117646813,"31":0.9283088446,"32":0.9301470518,"33":0.9540441036,"34":0.9375,"35":0.9558823705,"36":0.9540441036}}