{"loss":{"0":1.5716740188,"1":0.8927106137,"2":0.6000535319,"3":0.4613528587,"4":0.3764599228,"5":0.3168320204,"6":0.2693801615,"7":0.2309432855,"8":0.2168118756,"9":0.2016527694,"10":0.178417939,"11":0.1641661823,"12":0.1492646148,"13":0.1473727575,"14":0.1328181729,"15":0.1233377706,"16":0.1305642357,"17":0.1235481478,"18":0.123174387,"19":0.118532777,"20":0.0982882241,"21":0.0979475572,"22":0.0986874354,"23":0.093843417,"24":0.0895003128,"25":0.086524439,"26":0.0948790684,"27":0.0813760175,"28":0.0938918707,"29":0.0793234042,"30":0.0839513689,"31":0.0856858407,"32":0.0739752554,"33":0.0811384633,"34":0.0650840623,"35":0.0658631493,"36":0.0715140303,"37":0.073548052,"38":0.0659506233,"39":0.0591551491,"40":0.0714615636,"41":0.0597814355,"42":0.072354402,"43":0.0640933348,"44":0.0622915486,"45":0.0606111516,"46":0.0631754637,"47":0.0572331844,"48":0.0647623588,"49":0.0687917587,"50":0.0431095495,"51":0.0556359298,"52":0.0536651615,"53":0.0602920121,"54":0.059361032,"55":0.062647933,"56":0.0530107765},"acc":{"0":0.4116972387,"1":0.6731651425,"2":0.7894078493,"3":0.8359048963,"4":0.8694745898,"5":0.8923060894,"6":0.9079441428,"7":0.9244161844,"8":0.9263970256,"9":0.9298373461,"10":0.9427648187,"11":0.9435988069,"12":0.9517306089,"13":0.9527731538,"14":0.9563177824,"15":0.9588198662,"16":0.9572560191,"17":0.9591326118,"18":0.9603836536,"19":0.9621559381,"20":0.9677856565,"21":0.9669516087,"22":0.9710175395,"23":0.9710175395,"24":0.9710175395,"25":0.9726855755,"26":0.9689324498,"27":0.9752919078,"28":0.969557941,"29":0.9748749137,"30":0.9716430306,"31":0.9719557762,"32":0.9768556952,"33":0.9739366174,"34":0.9777939916,"35":0.9781067371,"36":0.9786280394,"37":0.9750834107,"38":0.9781067371,"39":0.9807130694,"40":0.9762302041,"41":0.9808173776,"42":0.9782109857,"43":0.9789407849,"44":0.9797748327,"45":0.9801918268,"46":0.9810258746,"47":0.9835279584,"48":0.9795662761,"49":0.9790450335,"50":0.9862385392,"51":0.9837364554,"52":0.9841534495,"53":0.9819641113,"54":0.983840704,"55":0.9815471172,"56":0.9836322069},"val_loss":{"0":2.5022968019,"1":2.6699550695,"2":0.8262810953,"3":0.9735390499,"4":1.2473478326,"5":0.4906719472,"6":1.1109281515,"7":0.5712037429,"8":1.6129372276,"9":1.2063032644,"10":0.5847212719,"11":0.5565857582,"12":0.4024553085,"13":0.9007160573,"14":1.0329253222,"15":0.4391571072,"16":0.5575028983,"17":0.7206009756,"18":0.2912283047,"19":0.4119398918,"20":0.5987078824,"21":2.7995354807,"22":0.5372116074,"23":0.2978968148,"24":0.8181356975,"25":1.7150307821,"26":0.4653389153,"27":3.5105041743,"28":0.5301330431,"29":0.3055612479,"30":0.8632117837,"31":0.3030082427,"32":1.4215055751,"33":0.3917738347,"34":0.9514517887,"35":0.5005589759,"36":0.2856521552,"37":0.3289808706,"38":0.5098677151,"39":0.8536940029,"40":0.5290288103,"41":5.7039344,"42":0.4414765039,"43":0.3082663688,"44":0.7696085391,"45":0.9714558855,"46":0.4064910196,"47":4.6100846121,"48":0.861065178,"49":0.800442001,"50":0.3442234977,"51":0.4697978202,"52":0.3841278118,"53":0.4546367463,"54":0.9219185391,"55":0.4951172934,"56":0.3708705096},"val_acc":{"0":0.1139705852,"1":0.2628676593,"2":0.6819853187,"3":0.6286764741,"4":0.6011029482,"5":0.8272058964,"6":0.6415441036,"7":0.7922794223,"8":0.6341911554,"9":0.7389705777,"10":0.8198529482,"11":0.8253676295,"12":0.8915441036,"13":0.71875,"14":0.6764705777,"15":0.8474264741,"16":0.8198529482,"17":0.8235294223,"18":0.9301470518,"19":0.8841911554,"20":0.8290441036,"21":0.6415441036,"22":0.8547794223,"23":0.9154411554,"24":0.7794117928,"25":0.6930146813,"26":0.8786764741,"27":0.6305146813,"28":0.8676470518,"29":0.90625,"30":0.7941176295,"31":0.9191176295,"32":0.7996323705,"33":0.8933823705,"34":0.7830882072,"35":0.8805146813,"36":0.9301470518,"37":0.9154411554,"38":0.8988970518,"39":0.7886029482,"40":0.8602941036,"41":0.6452205777,"42":0.8933823705,"43":0.9264705777,"44":0.8180146813,"45":0.8308823705,"46":0.9227941036,"47":0.5680146813,"48":0.7830882072,"49":0.8253676295,"50":0.9227941036,"51":0.8731617928,"52":0.8952205777,"53":0.8823529482,"54":0.8051470518,"55":0.8786764741,"56":0.9209558964}}