{"loss":{"0":1.5690359758,"1":0.8984582326,"2":0.5505740315,"3":0.4157949944,"4":0.3325156523,"5":0.2683133413,"6":0.2642675253,"7":0.2188667744,"8":0.2046276997,"9":0.1763117296,"10":0.179350761,"11":0.1654296136,"12":0.1524570471,"13":0.1248555132,"14":0.1295820625,"15":0.1318546174,"16":0.1194035266,"17":0.1156793315,"18":0.1176059972,"19":0.1081909933,"20":0.0932576157,"21":0.1056624699,"22":0.0919855199,"23":0.0887854654,"24":0.0974383541,"25":0.0789637444,"26":0.0809037056,"27":0.0960299306,"28":0.0698322038,"29":0.0774164809,"30":0.0712101021,"31":0.0726517573,"32":0.0794735875,"33":0.0638471989,"34":0.068719058,"35":0.0669577214,"36":0.0619100151,"37":0.077178469,"38":0.0600047667,"39":0.0548561458,"40":0.0602875763,"41":0.0517166582,"42":0.0545809785,"43":0.0574326047,"44":0.0547843357,"45":0.0609873439,"46":0.056828564,"47":0.061768473,"48":0.056398658,"49":0.0531408202,"50":0.051619694,"51":0.0579013723,"52":0.0622879183,"53":0.0615993114,"54":0.0366862087,"55":0.0565802018,"56":0.0481778123,"57":0.0530901999},"acc":{"0":0.406901598,"1":0.6543995142,"2":0.7984778881,"3":0.8518556952,"4":0.8834445477,"5":0.905442059,"6":0.9075270891,"7":0.9252502322,"8":0.9297330976,"9":0.9398456812,"10":0.9412009716,"11":0.9420350194,"12":0.9480817318,"13":0.956630528,"14":0.9557964802,"15":0.9532943964,"16":0.9595496058,"17":0.9609048963,"18":0.9605921507,"19":0.9648665786,"20":0.9692451954,"21":0.96340698,"22":0.9717472792,"23":0.9726855755,"24":0.9693494439,"25":0.9753961563,"26":0.9734153748,"27":0.9694536924,"28":0.9782109857,"29":0.9723728299,"30":0.9769599438,"31":0.9758131504,"32":0.9750834107,"33":0.9783152342,"34":0.9786280394,"35":0.9778982401,"36":0.9799833298,"37":0.9742493629,"38":0.9797748327,"39":0.9822769165,"40":0.9797748327,"41":0.982381165,"42":0.9820684195,"43":0.9813386202,"44":0.9822769165,"45":0.9819641113,"46":0.9832151532,"47":0.9808173776,"48":0.9842576981,"49":0.9819641113,"50":0.9837364554,"51":0.9813386202,"52":0.9792535305,"53":0.9805045724,"54":0.9881150723,"55":0.9817556143,"56":0.9847790003,"57":0.9853002429},"val_loss":{"0":1.6028181928,"1":4.216336082,"2":0.8749950385,"3":1.1642808897,"4":0.750273189,"5":1.4971178459,"6":1.2896688474,"7":0.4688168012,"8":0.394518973,"9":0.4211059477,"10":0.3113987851,"11":0.8795123479,"12":0.5268403831,"13":0.7407806345,"14":0.5627439748,"15":0.3028131004,"16":0.4724091719,"17":0.3521526255,"18":0.3829243123,"19":0.3576065577,"20":0.4527377704,"21":0.736309465,"22":0.2385044598,"23":0.3580248695,"24":0.2553999679,"25":0.1990069399,"26":0.496771996,"27":0.2749396868,"28":0.5937551673,"29":0.3332634355,"30":0.2733205985,"31":0.238297798,"32":0.3092124759,"33":0.273117297,"34":0.2199475174,"35":0.2147554858,"36":0.5843842504,"37":0.1684016132,"38":0.2329511824,"39":0.7462020497,"40":1.3813473301,"41":0.3159320586,"42":0.219632155,"43":0.3940757083,"44":0.2398508026,"45":0.2790384778,"46":0.2502617727,"47":0.2648352841,"48":0.5131535049,"49":0.2813229613,"50":0.5215085621,"51":0.3777941357,"52":0.2796876669,"53":0.2147560967,"54":0.2494093989,"55":0.1946732298,"56":0.2554727202,"57":0.2701969166},"val_acc":{"0":0.404411763,"1":0.095588237,"2":0.6875,"3":0.6029411554,"4":0.7830882072,"5":0.6672794223,"6":0.59375,"7":0.8363970518,"8":0.875,"9":0.8639705777,"10":0.9172794223,"11":0.7261029482,"12":0.7720588446,"13":0.7757353187,"14":0.8308823705,"15":0.9227941036,"16":0.8511029482,"17":0.8970588446,"18":0.8933823705,"19":0.8841911554,"20":0.8566176295,"21":0.7426470518,"22":0.9227941036,"23":0.8823529482,"24":0.9191176295,"25":0.9393382072,"26":0.8125,"27":0.9154411554,"28":0.8382353187,"29":0.8621323705,"30":0.9356617928,"31":0.9319853187,"32":0.8952205777,"33":0.9356617928,"34":0.9430146813,"35":0.9558823705,"36":0.8419117928,"37":0.9650735259,"38":0.9485294223,"39":0.7757353187,"40":0.6911764741,"41":0.9227941036,"42":0.9540441036,"43":0.8878676295,"44":0.9319853187,"45":0.9117646813,"46":0.9283088446,"47":0.9246323705,"48":0.8547794223,"49":0.9246323705,"50":0.8253676295,"51":0.8860294223,"52":0.9338235259,"53":0.9375,"54":0.9154411554,"55":0.9503676295,"56":0.9430146813,"57":0.9393382072}}