{"loss":{"0":1.5653440628,"1":1.0534792307,"2":0.6768551049,"3":0.4794642235,"4":0.3961150628,"5":0.3497758166,"6":0.2912239085,"7":0.2637322641,"8":0.2493299667,"9":0.2198828661,"10":0.1895460194,"11":0.1894761255,"12":0.1696400607,"13":0.1648874336,"14":0.1549542188,"15":0.1441367577,"16":0.1522910278,"17":0.1357885975,"18":0.1252634382,"19":0.1249387008,"20":0.1111338868,"21":0.1152977027,"22":0.1115648979,"23":0.1008937189,"24":0.1039872764,"25":0.0955371242,"26":0.0945304432,"27":0.0917472354,"28":0.0981729922,"29":0.0922534519,"30":0.0890451368,"31":0.0880883014,"32":0.0927397651,"33":0.0811896531,"34":0.065924778,"35":0.0813984107,"36":0.0668345247,"37":0.0750843824,"38":0.0698232118,"39":0.075951186,"40":0.0760119741,"41":0.0787275803,"42":0.063437217,"43":0.0641388019,"44":0.0601207291,"45":0.0640345476,"46":0.0539987385,"47":0.069081297,"48":0.0586730987,"49":0.070412945,"50":0.0649013743,"51":0.0598798928,"52":0.0551079642,"53":0.05428619,"54":0.0587440343,"55":0.0584268975},"acc":{"0":0.4028356969,"1":0.5908048153,"2":0.7429107428,"3":0.8291284442,"4":0.8545662761,"5":0.8762510419,"6":0.8977272511,"7":0.9065888524,"8":0.9154503942,"9":0.9227481484,"10":0.9331734776,"11":0.9348415136,"12":0.9407839775,"13":0.9434945583,"14":0.9480817318,"15":0.9501668215,"16":0.9475604892,"17":0.9536072016,"18":0.9561092854,"19":0.9592368603,"20":0.9621559381,"21":0.9599666595,"22":0.9625729918,"23":0.9674729109,"24":0.9641367793,"25":0.9677856565,"26":0.9671601057,"27":0.9689324498,"28":0.9672644138,"29":0.9691409469,"30":0.971121788,"31":0.9702877402,"32":0.9689324498,"33":0.9733110666,"34":0.979357779,"35":0.9740408659,"36":0.9781067371,"37":0.9752919078,"38":0.9769599438,"39":0.9760217071,"40":0.9755004048,"41":0.9751876593,"42":0.9765429497,"43":0.9792535305,"44":0.9790450335,"45":0.9783152342,"46":0.9815471172,"47":0.9766471982,"48":0.9806088209,"49":0.9800875783,"50":0.9782109857,"51":0.9818598628,"52":0.9832151532,"53":0.9811301231,"54":0.9812343717,"55":0.9801918268},"val_loss":{"0":2.3143854913,"1":1.3698708082,"2":2.7067994537,"3":0.5058178394,"4":0.6071399257,"5":0.8704757138,"6":0.3898206015,"7":1.1849905375,"8":0.8472483927,"9":0.5257088655,"10":0.8466531696,"11":0.8621245774,"12":0.4642642409,"13":0.6313317432,"14":1.5180023416,"15":1.2719355583,"16":0.5232673457,"17":0.2003241025,"18":0.272424501,"19":0.2481051721,"20":0.3695517955,"21":0.2508994812,"22":0.2106199028,"23":0.431542172,"24":0.3324169649,"25":0.4210511145,"26":0.6138534951,"27":0.5522490688,"28":0.3149921466,"29":0.2442639273,"30":1.0618262127,"31":0.477418507,"32":0.2081771664,"33":0.2249634587,"34":1.9423406944,"35":0.1604514987,"36":0.3992569372,"37":0.4365174099,"38":0.2023818848,"39":0.3038258345,"40":0.2934488583,"41":1.2905405462,"42":0.2591724418,"43":0.2127603995,"44":0.3196583494,"45":0.1620952374,"46":0.4233236169,"47":0.2050583271,"48":0.1890766949,"49":0.4091830364,"50":0.2460463142,"51":0.2508171024,"52":0.2225254879,"53":0.4562820952,"54":0.2790291882,"55":1.595945036},"val_acc":{"0":0.2463235259,"1":0.5165441036,"2":0.3933823407,"3":0.8272058964,"4":0.7683823705,"5":0.6838235259,"6":0.8639705777,"7":0.6691176295,"8":0.7297794223,"9":0.8253676295,"10":0.7463235259,"11":0.6709558964,"12":0.8235294223,"13":0.7830882072,"14":0.7205882072,"15":0.7132353187,"16":0.8216911554,"17":0.9338235259,"18":0.90625,"19":0.9099264741,"20":0.8768382072,"21":0.8952205777,"22":0.9209558964,"23":0.8547794223,"24":0.8988970518,"25":0.8363970518,"26":0.8014705777,"27":0.8400735259,"28":0.8841911554,"29":0.9283088446,"30":0.7077205777,"31":0.8400735259,"32":0.9191176295,"33":0.9301470518,"34":0.6966911554,"35":0.9669117928,"36":0.8529411554,"37":0.8878676295,"38":0.9448529482,"39":0.9007353187,"40":0.9044117928,"41":0.6378676295,"42":0.9264705777,"43":0.9356617928,"44":0.9117646813,"45":0.9558823705,"46":0.9117646813,"47":0.9448529482,"48":0.9558823705,"49":0.8786764741,"50":0.9301470518,"51":0.9117646813,"52":0.9411764741,"53":0.8363970518,"54":0.9025735259,"55":0.7573529482}}