{"loss":{"0":1.7450880959,"1":1.2123206476,"2":0.8280265033,"3":0.6175156659,"4":0.4769970996,"5":0.3539544602,"6":0.295242271,"7":0.2601768723,"8":0.2270298107,"9":0.1850045393,"10":0.1865456718,"11":0.1406956708,"12":0.1438247658,"13":0.1122505051,"14":0.113581251,"15":0.1009889488,"16":0.0945447447,"17":0.0909949618,"18":0.0726052387,"19":0.0767897405,"20":0.0831081291,"21":0.0643929256,"22":0.0814853611,"23":0.0647704624,"24":0.0599751341,"25":0.0619968888,"26":0.0601476426,"27":0.0434373388,"28":0.0463481204,"29":0.0571440117,"30":0.0596356646,"31":0.046616745,"32":0.0563165613,"33":0.0356641377,"34":0.0438072802,"35":0.0366594456,"36":0.0556323242,"37":0.0389639654,"38":0.0268212301,"39":0.0375790751,"40":0.0436726325,"41":0.0267225426,"42":0.0470438081,"43":0.0394830142,"44":0.0301133624,"45":0.0298554563,"46":0.0473664009,"47":0.0350670486,"48":0.0326768293,"49":0.0335179669,"50":0.0320846296,"51":0.0468331628,"52":0.0278028314},"acc":{"0":0.3283986747,"1":0.5466013551,"2":0.7044411898,"3":0.7971225977,"4":0.8473728299,"5":0.8884487152,"6":0.9125312567,"7":0.9180567265,"8":0.9323394299,"9":0.9451626539,"10":0.9446413517,"11":0.958507061,"12":0.9581943154,"13":0.9671601057,"14":0.9659090638,"15":0.9709132314,"16":0.9715387821,"17":0.9748749137,"18":0.979149282,"19":0.9790450335,"20":0.9769599438,"21":0.9837364554,"22":0.9768556952,"23":0.9810258746,"24":0.9832151532,"25":0.9834237099,"26":0.9833194613,"27":0.9878023267,"28":0.9879065752,"29":0.9835279584,"30":0.9827981591,"31":0.9869682789,"32":0.9846747518,"33":0.9912427068,"34":0.9882193208,"35":0.9902001619,"36":0.9853002429,"37":0.988740623,"38":0.9925979972,"39":0.9894703627,"40":0.9888448715,"41":0.9920767546,"42":0.9879065752,"43":0.9897831678,"44":0.9911384583,"45":0.9917639494,"46":0.987072587,"47":0.9914512038,"48":0.9907214642,"49":0.9917639494,"50":0.9927022457,"51":0.9875938296,"52":0.9930149913},"val_loss":{"0":2.0633611521,"1":2.1314325894,"2":0.8346944627,"3":0.3541039204,"4":0.6420901621,"5":0.5156232923,"6":0.3167552796,"7":0.2877813357,"8":0.3125847157,"9":0.8624184215,"10":0.2368085342,"11":0.1821468337,"12":0.8414682863,"13":0.2276220291,"14":0.2697966276,"15":0.2435503867,"16":0.2910821789,"17":0.282016718,"18":0.3013652091,"19":0.2411425626,"20":0.589595848,"21":0.2688203554,"22":0.1915467147,"23":0.2262612675,"24":0.2178917535,"25":0.2639727352,"26":0.1562427127,"27":0.2696803097,"28":0.172233345,"29":0.1995699589,"30":0.2080203738,"31":0.2111289502,"32":0.1493394177,"33":0.2357315356,"34":0.3534364406,"35":0.3022468651,"36":0.1817845366,"37":0.1549732354,"38":0.2499205699,"39":0.1893112052,"40":0.1736240062,"41":0.2245852939,"42":0.3158187254,"43":0.2475162726,"44":0.2124361584,"45":0.1861702059,"46":0.196307349,"47":0.1818337088,"48":0.1845523727,"49":0.1904122463,"50":0.1760559023,"51":0.2329381519,"52":0.2606711294},"val_acc":{"0":0.1819852889,"1":0.2113970518,"2":0.65625,"3":0.8841911554,"4":0.78125,"5":0.8198529482,"6":0.8897058964,"7":0.9044117928,"8":0.9080882072,"9":0.7132353187,"10":0.9264705777,"11":0.9375,"12":0.8033088446,"13":0.9393382072,"14":0.9227941036,"15":0.9283088446,"16":0.9264705777,"17":0.9154411554,"18":0.9227941036,"19":0.9430146813,"20":0.8511029482,"21":0.9356617928,"22":0.9375,"23":0.9485294223,"24":0.9466911554,"25":0.9338235259,"26":0.9558823705,"27":0.9283088446,"28":0.9540441036,"29":0.9430146813,"30":0.9522058964,"31":0.9393382072,"32":0.9595588446,"33":0.9485294223,"34":0.9172794223,"35":0.9393382072,"36":0.9577205777,"37":0.9577205777,"38":0.9375,"39":0.9632353187,"40":0.9595588446,"41":0.9558823705,"42":0.9136029482,"43":0.9319853187,"44":0.9558823705,"45":0.9669117928,"46":0.9540441036,"47":0.9466911554,"48":0.9595588446,"49":0.9595588446,"50":0.9577205777,"51":0.9448529482,"52":0.9209558964}}