{"loss":{"0":1.4784282319,"1":0.5624043454,"2":0.3250528919,"3":0.2329201351,"4":0.1822106109,"5":0.1420781816,"6":0.1337815185,"7":0.1179964769,"8":0.0990927788,"9":0.0956249322,"10":0.0758170102,"11":0.0691107897,"12":0.073250902,"13":0.0712074103,"14":0.0580653141,"15":0.0611900873,"16":0.0469777901,"17":0.0518272312,"18":0.0468454331,"19":0.0567977858,"20":0.0418962329,"21":0.0494429282,"22":0.0367790454,"23":0.0445135058,"24":0.0305568768,"25":0.0314141942,"26":0.0418509737,"27":0.0402605325,"28":0.0258160215,"29":0.033854307,"30":0.0334437038,"31":0.0308413297,"32":0.0271648184,"33":0.0309729177,"34":0.0299481988,"35":0.0335215501,"36":0.0219812913,"37":0.0303307661,"38":0.0251654045,"39":0.0216277976,"40":0.0284435368,"41":0.0198584015,"42":0.0258749527,"43":0.0182202696},"acc":{"0":0.4412010014,"1":0.8003544807,"2":0.8894912601,"3":0.9233736396,"4":0.9419307709,"5":0.9550667405,"6":0.9560049772,"7":0.9599666595,"8":0.971121788,"9":0.9696621895,"10":0.9781067371,"11":0.9764387012,"12":0.9766471982,"13":0.9782109857,"14":0.9816513658,"15":0.9813386202,"16":0.9854044914,"17":0.9832151532,"18":0.9847790003,"19":0.9831109047,"20":0.9880108237,"21":0.983840704,"22":0.988740623,"23":0.9853002429,"24":0.9894703627,"25":0.9907214642,"26":0.9881150723,"27":0.9881150723,"28":0.9914512038,"29":0.9913469553,"30":0.9895746708,"31":0.9903044105,"32":0.9921810031,"33":0.9903044105,"34":0.990408659,"35":0.9902001619,"36":0.9941617846,"37":0.9910342097,"38":0.9922852516,"39":0.995100081,"40":0.9920767546,"41":0.9939532876,"42":0.9921810031,"43":0.9955170751},"val_loss":{"0":3.5538447797,"1":0.5452633117,"2":0.7995767077,"3":0.5683749212,"4":0.4258164797,"5":0.4389065291,"6":0.5472845589,"7":0.4260333545,"8":0.5133587599,"9":0.7302706986,"10":0.798065588,"11":0.3978765584,"12":0.2642604696,"13":0.5147556246,"14":0.4274021687,"15":0.447454944,"16":3.8229698148,"17":1.1294172987,"18":0.3709381543,"19":0.7038942396,"20":0.4326834683,"21":0.2156364871,"22":0.2439711651,"23":0.1483450053,"24":0.4913350617,"25":0.195648761,"26":0.3161172243,"27":0.5999500334,"28":0.9660207427,"29":0.3740651181,"30":0.3673692128,"31":6.9440650627,"32":0.5189634888,"33":0.9272142952,"34":0.4430294999,"35":0.2766120285,"36":1.1086419055,"37":0.4642801834,"38":0.4477180759,"39":0.3871419757,"40":0.2165364514,"41":0.2692795553,"42":0.2728098488,"43":0.2455978449},"val_acc":{"0":0.185661763,"1":0.7886029482,"2":0.7444853187,"3":0.8106617928,"4":0.8547794223,"5":0.84375,"6":0.8327205777,"7":0.8602941036,"8":0.8584558964,"9":0.8474264741,"10":0.7849264741,"11":0.8768382072,"12":0.9264705777,"13":0.8345588446,"14":0.8621323705,"15":0.8492646813,"16":0.6102941036,"17":0.8051470518,"18":0.8768382072,"19":0.8363970518,"20":0.8860294223,"21":0.9283088446,"22":0.9319853187,"23":0.9595588446,"24":0.9136029482,"25":0.9356617928,"26":0.9191176295,"27":0.84375,"28":0.8382353187,"29":0.8915441036,"30":0.9246323705,"31":0.6066176295,"32":0.8676470518,"33":0.7977941036,"34":0.9191176295,"35":0.9080882072,"36":0.7738970518,"37":0.8823529482,"38":0.9117646813,"39":0.9154411554,"40":0.9613970518,"41":0.9338235259,"42":0.9503676295,"43":0.9595588446}}