{"loss":{"0":1.7488958986,"1":1.2058809237,"2":0.8978521896,"3":0.6800599729,"4":0.5462993522,"5":0.4426403035,"6":0.3700496495,"7":0.3349919991,"8":0.297070933,"9":0.2652264727,"10":0.2382596198,"11":0.2128714569,"12":0.1842413356,"13":0.1811255641,"14":0.1597521807,"15":0.1583532305,"16":0.1463334217,"17":0.1453604492,"18":0.1212289442,"19":0.1189796402,"20":0.118105897,"21":0.1002284886,"22":0.1083256639,"23":0.1060035193,"24":0.0984004971,"25":0.0860359387,"26":0.0757959789,"27":0.107596831,"28":0.0775999638,"29":0.0853457229,"30":0.077701216,"31":0.0782109412,"32":0.0758338798,"33":0.0732737181,"34":0.0609298316,"35":0.0791393591,"36":0.0695983712,"37":0.0603876451,"38":0.0759623503,"39":0.0642740167,"40":0.0780744661,"41":0.0614506559,"42":0.0533562456,"43":0.056378382,"44":0.0582235859,"45":0.0513320318,"46":0.0702170981,"47":0.055864944,"48":0.0543269329,"49":0.0559740828,"50":0.0528880248,"51":0.0604450656,"52":0.042312065,"53":0.0454129164,"54":0.0508675233,"55":0.0557344687,"56":0.0505851727,"57":0.0404434892,"58":0.0460351059,"59":0.0383341347,"60":0.0475621456,"61":0.0476317382,"62":0.034410266,"63":0.0501595501,"64":0.041694329,"65":0.0408047751,"66":0.0425382284,"67":0.0416420165,"68":0.0458032094,"69":0.0368666667,"70":0.0374955641,"71":0.0404326118,"72":0.0457704615,"73":0.0379291627,"74":0.0370017408},"acc":{"0":0.329403162,"1":0.5452837944,"2":0.6775876284,"3":0.7661727667,"4":0.8129173517,"5":0.8574708104,"6":0.8775041699,"7":0.8916944861,"8":0.9065108299,"9":0.9122495651,"10":0.9248747826,"11":0.9357262254,"12":0.9441778064,"13":0.9461602569,"14":0.950751245,"15":0.9518989921,"16":0.9576377273,"17":0.9578464031,"18":0.9631677866,"19":0.9638981819,"20":0.9643155336,"21":0.9707846642,"22":0.96650666,"23":0.9690108299,"24":0.9703672528,"25":0.9752712846,"26":0.9769407511,"27":0.9702629447,"28":0.9768363833,"29":0.9745408893,"30":0.9763146639,"31":0.9775667787,"32":0.9788188934,"33":0.9798622727,"34":0.9808013439,"35":0.9775667787,"36":0.9792362452,"37":0.9826794863,"38":0.978610158,"39":0.9814273715,"40":0.9771494269,"41":0.9836185575,"42":0.9837228656,"43":0.9825751185,"44":0.983096838,"45":0.9850792885,"46":0.9805926681,"47":0.9844532609,"48":0.9863314033,"49":0.9829924703,"50":0.9847663045,"51":0.9841402173,"52":0.9873747826,"53":0.9862270355,"54":0.9871661067,"55":0.9853923321,"56":0.9846619368,"57":0.9885225296,"58":0.9862270355,"59":0.9877921343,"60":0.9870617986,"61":0.9877921343,"62":0.9895659685,"63":0.9871661067,"64":0.9875834584,"65":0.9891485572,"66":0.9876878262,"67":0.9875834584,"68":0.9874791503,"69":0.9892529249,"70":0.9900876284,"71":0.9882095456,"72":0.9877921343,"73":0.9908180237,"74":0.989357233},"val_loss":{"0":1.553531822,"1":1.8012806247,"2":1.8624891402,"3":0.4710807596,"4":0.7253139559,"5":0.6027639964,"6":0.6272977046,"7":0.520765151,"8":0.5235910611,"9":0.6389945227,"10":0.5351418416,"11":0.2610788381,"12":0.2235473936,"13":0.5599938254,"14":0.2462886798,"15":0.2324304897,"16":0.3459534501,"17":0.288937642,"18":0.4433862866,"19":0.2684013777,"20":0.1960002086,"21":0.2053167938,"22":0.2619541892,"23":0.2720045031,"24":0.3083375578,"25":0.5461893735,"26":0.2216957946,"27":0.2051554379,"28":0.2064773164,"29":0.6576755744,"30":0.1845211637,"31":0.2779276708,"32":0.2546240134,"33":2.8468496586,"34":0.2886809503,"35":0.2093838163,"36":0.3928318387,"37":0.1810645601,"38":0.3873259218,"39":0.2699536052,"40":0.1294676314,"41":0.5513085779,"42":0.1860815133,"43":0.2193106306,"44":0.1698476445,"45":0.9408302467,"46":0.3644844721,"47":0.1527977408,"48":0.9305882763,"49":0.2122459202,"50":0.3191461503,"51":0.1491989073,"52":0.2539920982,"53":0.2162284111,"54":0.1124663215,"55":0.1588748539,"56":0.1461005591,"57":0.1557627807,"58":0.1981583542,"59":0.286289341,"60":0.1917673047,"61":0.1410339664,"62":0.2072138726,"63":0.1526199849,"64":0.2544842342,"65":0.1238455288,"66":0.2176807384,"67":0.1680772307,"68":0.2404003382,"69":0.287406495,"70":0.2263011828,"71":0.2063289181,"72":0.4164779898,"73":0.1979818958,"74":0.1517363779},"val_acc":{"0":0.4448529482,"1":0.2628676593,"2":0.3492647111,"3":0.8216911554,"4":0.7371323705,"5":0.8033088446,"6":0.7757353187,"7":0.8253676295,"8":0.8400735259,"9":0.7959558964,"10":0.8088235259,"11":0.9080882072,"12":0.9485294223,"13":0.8180146813,"14":0.9283088446,"15":0.9246323705,"16":0.8878676295,"17":0.9154411554,"18":0.8492646813,"19":0.9301470518,"20":0.9448529482,"21":0.9503676295,"22":0.9264705777,"23":0.9283088446,"24":0.9283088446,"25":0.8621323705,"26":0.9595588446,"27":0.9393382072,"28":0.9466911554,"29":0.8272058964,"30":0.9650735259,"31":0.9172794223,"32":0.9264705777,"33":0.6121323705,"34":0.9448529482,"35":0.9503676295,"36":0.8897058964,"37":0.9522058964,"38":0.8731617928,"39":0.9264705777,"40":0.9650735259,"41":0.8676470518,"42":0.9669117928,"43":0.9448529482,"44":0.9632353187,"45":0.8180146813,"46":0.9025735259,"47":0.9705882072,"48":0.7077205777,"49":0.9466911554,"50":0.9099264741,"51":0.96875,"52":0.9375,"53":0.9485294223,"54":0.9779411554,"55":0.96875,"56":0.9577205777,"57":0.9742646813,"58":0.9577205777,"59":0.9356617928,"60":0.9650735259,"61":0.9742646813,"62":0.9613970518,"63":0.9742646813,"64":0.9503676295,"65":0.9797794223,"66":0.9577205777,"67":0.9705882072,"68":0.9411764741,"69":0.9264705777,"70":0.9503676295,"71":0.96875,"72":0.9246323705,"73":0.9595588446,"74":0.9650735259}}