{"loss":{"0":1.4169085489,"1":0.5619071195,"2":0.3284974895,"3":0.2548536861,"4":0.1914572474,"5":0.1568009702,"6":0.133884633,"7":0.1216651115,"8":0.086473584,"9":0.0917229177,"10":0.086248003,"11":0.0807376707,"12":0.0714091481,"13":0.0655841895,"14":0.0672629714,"15":0.0612317377,"16":0.0418726459,"17":0.0585248256,"18":0.0520120862,"19":0.0586803827,"20":0.0420486031,"21":0.0402260188,"22":0.0519301699,"23":0.0316596929,"24":0.0416226157,"25":0.0399075746,"26":0.0362053738,"27":0.0339919008,"28":0.038889915,"29":0.0319107591,"30":0.0316135417,"31":0.0268318123,"32":0.0332175351,"33":0.0368869187,"34":0.0261182757,"35":0.0336750481,"36":0.0241536644,"37":0.0296145214,"38":0.0257211349,"39":0.0270695658,"40":0.0261739756,"41":0.0235261725,"42":0.0214045402,"43":0.0277715728,"44":0.0199510576,"45":0.0253063229,"46":0.0270508258,"47":0.0292838205,"48":0.0142886243,"49":0.0190211903,"50":0.0258801597,"51":0.0213164677,"52":0.0176685068,"53":0.0244194178,"54":0.0170436459,"55":0.0155163893,"56":0.029486618,"57":0.0193631734,"58":0.0180655545,"59":0.0229952686,"60":0.0252533307,"61":0.0163052017},"acc":{"0":0.4776711166,"1":0.7977879643,"2":0.8836602569,"3":0.913293004,"4":0.9370826483,"5":0.9491861463,"6":0.9560726285,"7":0.9612896442,"8":0.9703672528,"9":0.9707846642,"10":0.9732888341,"11":0.9733931422,"12":0.9766277075,"13":0.978610158,"14":0.979757905,"15":0.9811143279,"16":0.9866443872,"17":0.9832011461,"18":0.9844532609,"19":0.9824708104,"20":0.9874791503,"21":0.9863314033,"22":0.984244585,"23":0.9896702766,"24":0.9884182215,"25":0.9886268973,"26":0.9898789525,"27":0.9905049801,"28":0.9883138537,"29":0.9891485572,"30":0.9900876284,"31":0.9920701385,"32":0.9902963042,"33":0.9887312055,"34":0.9923831224,"35":0.9898789525,"36":0.9931135178,"37":0.9911310673,"38":0.9919657707,"39":0.9919657707,"40":0.9922788143,"41":0.9930092096,"42":0.9935308695,"43":0.9913397431,"44":0.9944699407,"45":0.9918614626,"46":0.9922788143,"47":0.9922788143,"48":0.9959307313,"49":0.9938439131,"50":0.9931135178,"51":0.9941569567,"52":0.9949916601,"53":0.9924874902,"54":0.9944699407,"55":0.9950959682,"56":0.9928004742,"57":0.995200336,"58":0.996348083,"59":0.9937395453,"60":0.9923831224,"61":0.995200336},"val_loss":{"0":1.8067130604,"1":0.9016127626,"2":0.8770702718,"3":1.798115938,"4":0.2845927317,"5":2.0467449367,"6":0.2115465586,"7":0.3103499483,"8":0.9786845793,"9":0.2291522272,"10":0.2716832741,"11":0.893915918,"12":0.6298065746,"13":0.6548161138,"14":0.2992688344,"15":0.2021722579,"16":0.1532594428,"17":0.3390433005,"18":2.3789569718,"19":0.2904509045,"20":0.1094297484,"21":0.3730402584,"22":0.4880565352,"23":0.3513514027,"24":0.1406242271,"25":0.3788979957,"26":0.2091980068,"27":0.4690899616,"28":0.3143527003,"29":0.1486029751,"30":0.1499720594,"31":0.3056885768,"32":0.0982734802,"33":0.1364637575,"34":0.0931775679,"35":0.155950905,"36":0.3040013038,"37":0.1222013647,"38":0.1978529769,"39":0.1337857703,"40":0.3743914196,"41":0.0927573741,"42":2.2231588421,"43":0.1510562232,"44":0.0972131891,"45":0.1733728631,"46":0.1565303763,"47":0.2108215922,"48":0.1195983518,"49":0.1145526367,"50":0.1237566418,"51":0.1944637741,"52":0.1883274189,"53":0.2253668048,"54":0.1267766361,"55":0.2518332554,"56":0.147961178,"57":0.1542893762,"58":0.2770522008,"59":0.1607223253,"60":0.4031779323,"61":0.1128187822},"val_acc":{"0":0.2959558964,"1":0.6452205777,"2":0.7058823705,"3":0.6433823705,"4":0.8952205777,"5":0.6286764741,"6":0.9264705777,"7":0.8878676295,"8":0.7132353187,"9":0.9191176295,"10":0.9246323705,"11":0.8143382072,"12":0.8014705777,"13":0.8106617928,"14":0.9044117928,"15":0.9209558964,"16":0.9485294223,"17":0.8897058964,"18":0.5330882072,"19":0.9099264741,"20":0.9613970518,"21":0.8786764741,"22":0.8786764741,"23":0.8878676295,"24":0.9595588446,"25":0.8823529482,"26":0.9485294223,"27":0.8308823705,"28":0.90625,"29":0.9448529482,"30":0.9577205777,"31":0.9136029482,"32":0.9705882072,"33":0.9595588446,"34":0.9669117928,"35":0.9558823705,"36":0.9099264741,"37":0.9650735259,"38":0.9393382072,"39":0.9558823705,"40":0.9080882072,"41":0.96875,"42":0.8033088446,"43":0.9705882072,"44":0.9742646813,"45":0.9650735259,"46":0.9540441036,"47":0.9356617928,"48":0.9705882072,"49":0.9705882072,"50":0.9613970518,"51":0.9595588446,"52":0.9577205777,"53":0.9448529482,"54":0.9577205777,"55":0.9540441036,"56":0.9669117928,"57":0.9632353187,"58":0.9522058964,"59":0.9613970518,"60":0.90625,"61":0.9705882072}}