{"loss":{"0":1.7515290248,"1":1.273986402,"2":0.9378399034,"3":0.7199338994,"4":0.5660541675,"5":0.4280749454,"6":0.3387167603,"7":0.28156064,"8":0.2447129599,"9":0.2003386602,"10":0.1755040017,"11":0.1554182178,"12":0.1390707395,"13":0.1332874798,"14":0.1133772746,"15":0.1015237302,"16":0.1201399728,"17":0.0903173638,"18":0.0875340135,"19":0.0744875029,"20":0.0812230348,"21":0.0713270946,"22":0.0652285869,"23":0.0668217185,"24":0.0673010153,"25":0.0621986871,"26":0.0455548769,"27":0.0672412561,"28":0.0565409881,"29":0.060133943,"30":0.0589737413,"31":0.0400491996,"32":0.0443448592,"33":0.0372723838,"34":0.0579305784,"35":0.0524874939,"36":0.0364979126,"37":0.0441650968,"38":0.0405624676,"39":0.0459801485,"40":0.0322813009,"41":0.0452626294,"42":0.0363661695,"43":0.0263043695,"44":0.0477395296,"45":0.0309240735,"46":0.0318330956,"47":0.0397539015,"48":0.02959693,"49":0.0298430928,"50":0.0322987831,"51":0.0310467418,"52":0.0260697965,"53":0.0198245251,"54":0.0363247053,"55":0.0328592353,"56":0.0287960608,"57":0.0270986223,"58":0.0314216047,"59":0.0294981447,"60":0.0383526609,"61":0.0143754753},"acc":{"0":0.3264816403,"1":0.5039649606,"2":0.652545929,"3":0.739357233,"4":0.8048831224,"5":0.856949091,"6":0.8897120357,"7":0.9101627469,"8":0.921744585,"9":0.9391694665,"10":0.949603498,"11":0.9536727667,"12":0.9596201777,"13":0.9649415612,"14":0.9681761265,"15":0.9683848023,"16":0.965045929,"17":0.9762103558,"18":0.9765233994,"19":0.9791318774,"20":0.9769407511,"21":0.9802796245,"22":0.980905652,"23":0.9821577668,"24":0.9818447232,"25":0.9814273715,"26":0.9872704744,"27":0.9829924703,"28":0.9863314033,"29":0.9837228656,"30":0.9847663045,"31":0.9886268973,"32":0.9886268973,"33":0.9887312055,"34":0.986748755,"35":0.9869574308,"36":0.9884182215,"37":0.9891485572,"38":0.989357233,"39":0.9875834584,"40":0.9912353754,"41":0.9890442491,"42":0.9902963042,"43":0.992696166,"44":0.9875834584,"45":0.9923831224,"46":0.9917570949,"47":0.9892529249,"48":0.9917570949,"49":0.9913397431,"50":0.9918614626,"51":0.9910266995,"52":0.9924874902,"53":0.9939482212,"54":0.9900876284,"55":0.9912353754,"56":0.9933221936,"57":0.9923831224,"58":0.9909223914,"59":0.9921744466,"60":0.9887312055,"61":0.9962437153},"val_loss":{"0":1.68593234,"1":1.6621391791,"2":1.7247072458,"3":1.4181068881,"4":0.6344672584,"5":0.5583042618,"6":0.4232588839,"7":0.4782806235,"8":0.5469309272,"9":0.429550804,"10":0.4304062232,"11":0.3584846962,"12":0.5297393859,"13":0.3802938419,"14":0.2839309778,"15":0.2621364261,"16":0.3459816725,"17":0.5159303607,"18":0.2573650946,"19":0.396817698,"20":0.3065008094,"21":0.6594660427,"22":0.5689801848,"23":0.2722943613,"24":0.617799932,"25":0.304141865,"26":0.2282353296,"27":0.2620150397,"28":0.2797900681,"29":0.2050964265,"30":0.3273138836,"31":0.2665466089,"32":0.320788715,"33":0.2524039077,"34":0.3370953064,"35":0.2776960156,"36":0.2282384591,"37":0.320959828,"38":0.9850925442,"39":0.3079819656,"40":0.4468172782,"41":0.1833442876,"42":0.3908116784,"43":0.348194026,"44":0.4278019581,"45":0.4499607771,"46":0.3619232636,"47":0.2116810104,"48":0.4811615804,"49":0.6066472502,"50":0.2324547184,"51":0.2245702084,"52":0.2200692481,"53":0.1926038328,"54":0.2540340922,"55":0.2872299233,"56":0.2313151778,"57":0.274884512,"58":0.3070415328,"59":0.3958767717,"60":0.2311036192,"61":0.700667186},"val_acc":{"0":0.3216911852,"1":0.2095588297,"2":0.3180147111,"3":0.5036764741,"4":0.8014705777,"5":0.7977941036,"6":0.8400735259,"7":0.8400735259,"8":0.8272058964,"9":0.8621323705,"10":0.8841911554,"11":0.8860294223,"12":0.8511029482,"13":0.8915441036,"14":0.9319853187,"15":0.9319853187,"16":0.9099264741,"17":0.8455882072,"18":0.9430146813,"19":0.8841911554,"20":0.9209558964,"21":0.8584558964,"22":0.8639705777,"23":0.9375,"24":0.8345588446,"25":0.9080882072,"26":0.9448529482,"27":0.9227941036,"28":0.9283088446,"29":0.9540441036,"30":0.9172794223,"31":0.9283088446,"32":0.9154411554,"33":0.9430146813,"34":0.9283088446,"35":0.9264705777,"36":0.9301470518,"37":0.8841911554,"38":0.7830882072,"39":0.9283088446,"40":0.9044117928,"41":0.9595588446,"42":0.9099264741,"43":0.9338235259,"44":0.9283088446,"45":0.8878676295,"46":0.9154411554,"47":0.9632353187,"48":0.9025735259,"49":0.8731617928,"50":0.9522058964,"51":0.9393382072,"52":0.9540441036,"53":0.9503676295,"54":0.9522058964,"55":0.9338235259,"56":0.9503676295,"57":0.9375,"58":0.9430146813,"59":0.9136029482,"60":0.9430146813,"61":0.8566176295}}