{"loss":{"0":1.7083596216,"1":1.2076889028,"2":0.9178109826,"3":0.6497588248,"4":0.4854398235,"5":0.3717706598,"6":0.2975206643,"7":0.2357220415,"8":0.2105989739,"9":0.1988518461,"10":0.1644168894,"11":0.1503903668,"12":0.1207677648,"13":0.1236676779,"14":0.110995015,"15":0.1059651038,"16":0.0873574697,"17":0.0923969238,"18":0.0876577167,"19":0.0706914563,"20":0.0691044593,"21":0.0603642894,"22":0.0596113198,"23":0.0748298001,"24":0.0711439823,"25":0.054308321,"26":0.0569641478,"27":0.0574392874,"28":0.0480596549,"29":0.0460027015,"30":0.0441872126,"31":0.0592483867,"32":0.0283539952,"33":0.0555191303,"34":0.0387043921,"35":0.0402266089,"36":0.0361546192,"37":0.0335655596},"acc":{"0":0.3459933102,"1":0.5357888341,"2":0.6605801582,"3":0.7825542688,"4":0.8471410871,"5":0.8848080039,"6":0.90849334,"7":0.930196166,"8":0.9366652966,"9":0.9408388734,"10":0.9509599209,"11":0.9576377273,"12":0.965045929,"13":0.9646285772,"14":0.9669240117,"15":0.9683848023,"16":0.9737061858,"17":0.9740191698,"18":0.9769407511,"19":0.9802796245,"20":0.9798622727,"21":0.9820533991,"22":0.9836185575,"23":0.9796535969,"24":0.9805926681,"25":0.9861227274,"26":0.9832011461,"27":0.9843488932,"28":0.9869574308,"29":0.9862270355,"30":0.986748755,"31":0.9847663045,"32":0.9930092096,"33":0.9837228656,"34":0.989357233,"35":0.9887312055,"36":0.9906093478,"37":0.990400672},"val_loss":{"0":1.1571012507,"1":1.3118071262,"2":1.5481042257,"3":1.7267762094,"4":1.0783184109,"5":0.3859768066,"6":0.4369296263,"7":0.4876154872,"8":0.3609863685,"9":0.328492372,"10":0.3202734789,"11":0.2524741065,"12":0.498075971,"13":0.3921334429,"14":0.3760761189,"15":1.2545481641,"16":0.4879692137,"17":0.2037206642,"18":0.3602551824,"19":0.2937862064,"20":0.2577747614,"21":0.3001622014,"22":0.4504778387,"23":0.2529393554,"24":0.3128897871,"25":0.6993234571,"26":0.2356126738,"27":0.225920058,"28":0.3361246489,"29":0.2994072788,"30":0.3864396229,"31":0.3249864968,"32":0.5407393062,"33":0.3237850082,"34":0.3226608739,"35":0.297157385,"36":0.2981593979,"37":0.2852313037},"val_acc":{"0":0.5202205777,"1":0.4613970518,"2":0.3878676593,"3":0.3933823407,"4":0.5606617928,"5":0.8897058964,"6":0.8529411554,"7":0.8125,"8":0.8970588446,"9":0.9099264741,"10":0.8952205777,"11":0.9283088446,"12":0.8676470518,"13":0.8823529482,"14":0.8639705777,"15":0.7389705777,"16":0.8492646813,"17":0.9485294223,"18":0.9154411554,"19":0.9301470518,"20":0.9430146813,"21":0.9319853187,"22":0.8988970518,"23":0.9356617928,"24":0.9117646813,"25":0.8658088446,"26":0.9577205777,"27":0.9558823705,"28":0.9246323705,"29":0.9375,"30":0.9007353187,"31":0.9117646813,"32":0.8768382072,"33":0.9338235259,"34":0.9209558964,"35":0.9338235259,"36":0.9448529482,"37":0.9393382072}}