{"loss":{"0":1.5979013231,"1":0.9879522139,"2":0.6939432695,"3":0.5150082756,"4":0.4011816421,"5":0.3386726782,"6":0.2838896197,"7":0.2430138694,"8":0.2111638854,"9":0.1872757446,"10":0.1880149047,"11":0.1562539837,"12":0.1540956996,"13":0.1330186657,"14":0.1422889699,"15":0.1206908094,"16":0.1244365798,"17":0.1178685003,"18":0.1214344285,"19":0.1069055544,"20":0.1069403463,"21":0.1034829343,"22":0.1034917218,"23":0.0994424974,"24":0.0975514385,"25":0.0877598291,"26":0.0929748036,"27":0.0854764526,"28":0.0887914403,"29":0.0825072027,"30":0.0756810866,"31":0.0697804256,"32":0.081415188,"33":0.0815818973,"34":0.0710046315,"35":0.0665041011,"36":0.0734442131,"37":0.0778250998,"38":0.0755523594,"39":0.0630483935,"40":0.0631795815,"41":0.0630413061,"42":0.0689446513,"43":0.0690559222,"44":0.0708800703,"45":0.0543188574},"acc":{"0":0.4025229216,"1":0.6294829249,"2":0.7488532066,"3":0.8193286061,"4":0.8595705032,"5":0.8885529637,"6":0.9066931009,"7":0.9187864661,"8":0.9303586483,"9":0.9397414327,"10":0.9375521541,"11":0.9486029744,"12":0.9489157796,"13":0.9562135339,"14":0.9529816508,"15":0.9630942345,"16":0.9567347765,"17":0.9630942345,"18":0.9606963992,"19":0.9665346146,"20":0.9630942345,"21":0.9665346146,"22":0.9659090638,"23":0.9679941535,"24":0.9677856565,"25":0.9716430306,"26":0.9715387821,"27":0.9720600247,"28":0.9703919888,"29":0.9732068181,"30":0.977481246,"31":0.9767514467,"32":0.9743536115,"33":0.9732068181,"34":0.9769599438,"35":0.9770641923,"36":0.9769599438,"37":0.9764387012,"38":0.9741451144,"39":0.9809216261,"40":0.9800875783,"41":0.9797748327,"42":0.9780024886,"43":0.9785237908,"44":0.9794620275,"45":0.9813386202},"val_loss":{"0":1.103135783,"1":0.930037395,"2":0.9397092944,"3":0.469676976,"4":0.7459215462,"5":0.5230227427,"6":0.7245555203,"7":0.3379543696,"8":0.3797244731,"9":0.5420568049,"10":0.6780106757,"11":0.9379034211,"12":0.3921276668,"13":0.4155940525,"14":0.3385215107,"15":0.364622595,"16":0.4407647245,"17":0.7335899804,"18":0.3977264955,"19":0.5393333182,"20":0.8384721207,"21":0.4764051761,"22":0.832016316,"23":0.2846682092,"24":0.4354722124,"25":0.2472611821,"26":0.4981191941,"27":0.936158957,"28":0.6406099255,"29":0.6298136747,"30":0.4337804691,"31":1.0926962869,"32":0.6946326638,"33":0.3412496495,"34":0.4257585205,"35":0.4602247109,"36":0.4391065977,"37":1.0252858537,"38":0.4970252916,"39":0.3649347505,"40":0.2540140942,"41":0.4123322675,"42":0.737352475,"43":0.2859335185,"44":0.2798897794,"45":0.3942168076},"val_acc":{"0":0.5716911554,"1":0.5606617928,"2":0.6268382072,"3":0.8345588446,"4":0.7555146813,"5":0.8345588446,"6":0.7683823705,"7":0.8988970518,"8":0.8547794223,"9":0.8088235259,"10":0.7867646813,"11":0.7022058964,"12":0.8658088446,"13":0.8602941036,"14":0.8658088446,"15":0.8933823705,"16":0.8602941036,"17":0.7573529482,"18":0.8694853187,"19":0.8290441036,"20":0.7996323705,"21":0.8492646813,"22":0.8492646813,"23":0.9209558964,"24":0.8621323705,"25":0.9246323705,"26":0.8474264741,"27":0.7977941036,"28":0.8400735259,"29":0.8584558964,"30":0.8897058964,"31":0.7886029482,"32":0.78125,"33":0.8952205777,"34":0.84375,"35":0.8639705777,"36":0.8529411554,"37":0.8308823705,"38":0.8658088446,"39":0.8860294223,"40":0.9301470518,"41":0.8897058964,"42":0.8272058964,"43":0.9099264741,"44":0.9117646813,"45":0.8878676295}}