{"loss":{"0":1.5684048634,"1":0.9370308793,"2":0.6111623334,"3":0.4250568806,"4":0.3338860347,"5":0.2786734301,"6":0.2331289231,"7":0.2166439169,"8":0.1953641559,"9":0.1917174927,"10":0.152290589,"11":0.1572535066,"12":0.1460438709,"13":0.1362382881,"14":0.1319188887,"15":0.131700544,"16":0.1212241792,"17":0.1147257871,"18":0.1091149426,"19":0.1173485878,"20":0.1035229201,"21":0.1094309343,"22":0.0973765036,"23":0.0892621557,"24":0.0869776241,"25":0.091652406,"26":0.0779231967,"27":0.0884283995,"28":0.0709063215,"29":0.0822086399,"30":0.0867727246,"31":0.0791498202,"32":0.0736002271,"33":0.0770482907,"34":0.0580181851,"35":0.0806823207,"36":0.0627813859,"37":0.0709926526,"38":0.0695089715,"39":0.0584074964,"40":0.0614125119,"41":0.0563065279,"42":0.0581326048,"43":0.0719796449,"44":0.0630149432},"acc":{"0":0.4098206758,"1":0.6406380534,"2":0.7785654664,"3":0.8505004048,"4":0.8811509609,"5":0.9031484723,"6":0.9217056036,"7":0.9238949418,"8":0.9335904717,"9":0.9348415136,"10":0.9473519325,"11":0.9461008906,"12":0.9520433545,"13":0.9543369412,"14":0.9562135339,"15":0.9529816508,"16":0.9591326118,"17":0.9606963992,"18":0.9646580219,"19":0.9599666595,"20":0.9636155367,"21":0.9653878212,"22":0.9690366983,"23":0.9706004858,"24":0.9717472792,"25":0.9694536924,"26":0.9742493629,"27":0.971121788,"28":0.9766471982,"29":0.9753961563,"30":0.9714345336,"31":0.9735196233,"32":0.9769599438,"33":0.9760217071,"34":0.9794620275,"35":0.977689743,"36":0.9783152342,"37":0.9770641923,"38":0.9798790812,"39":0.9817556143,"40":0.9808173776,"41":0.9805045724,"42":0.9809216261,"43":0.9761259556,"44":0.9792535305},"val_loss":{"0":6.328682044,"1":1.2991492875,"2":1.2615861389,"3":1.5521035931,"4":1.0786239308,"5":0.9621094734,"6":1.264318622,"7":0.4251700239,"8":3.1072955466,"9":3.4655568396,"10":1.1902511869,"11":0.3436448633,"12":0.4737285298,"13":1.0079823334,"14":1.1518643693,"15":6.2461142143,"16":0.3841336692,"17":0.4083899318,"18":0.3666061546,"19":0.6978887222,"20":1.6691667516,"21":0.665427404,"22":0.224082478,"23":0.3572050955,"24":0.1533687977,"25":0.2320091986,"26":1.1938798785,"27":0.2942935744,"28":0.3563674881,"29":2.5140258388,"30":0.350490824,"31":1.9822827404,"32":0.3800094896,"33":0.2303631411,"34":0.3528379434,"35":0.461381892,"36":2.3472678635,"37":0.9579434829,"38":26.0725887317,"39":0.3557267068,"40":0.3520801335,"41":0.2603042933,"42":0.5329864371,"43":0.4827062702,"44":0.3894708358},"val_acc":{"0":0.0588235296,"1":0.5110294223,"2":0.5386029482,"3":0.4448529482,"4":0.5992646813,"5":0.7022058964,"6":0.59375,"7":0.8602941036,"8":0.5919117928,"9":0.625,"10":0.625,"11":0.8639705777,"12":0.8290441036,"13":0.65625,"14":0.6709558964,"15":0.3952205777,"16":0.8823529482,"17":0.8584558964,"18":0.8841911554,"19":0.7775735259,"20":0.7261029482,"21":0.7977941036,"22":0.9191176295,"23":0.8786764741,"24":0.9466911554,"25":0.9246323705,"26":0.7261029482,"27":0.9080882072,"28":0.8933823705,"29":0.6341911554,"30":0.8658088446,"31":0.6158088446,"32":0.8639705777,"33":0.9301470518,"34":0.9136029482,"35":0.8419117928,"36":0.5845588446,"37":0.7279411554,"38":0.4375,"39":0.8878676295,"40":0.8897058964,"41":0.9025735259,"42":0.8731617928,"43":0.84375,"44":0.8860294223}}